sync_action,id,name,account_type,specialty,territory,city,address,priority,owner_name,relationship_stage,status,source_origin,notes,last_touch_at,next_action,next_action_due_at,metadata,created_at,updated_at,relationship_health,opportunity,blockers,tags,source_ref,dedupe_key,next_interaction_at,latitude,longitude,geocoded_at
"","6f490cab-092b-4569-8013-778d91a2fb4d","Acosta & Andrews, LLC","Attorney","PI/PIP plus workers’ compensation and general litigation","Edgewater Territory","Union City","4617 Bergenline Ave, Union City, NJ 07087","4","Adam","Prospect","active","HPO prospect import","Local Union City office with PIP relevance, multilingual client base and reviews mentioning helpful staff. Firm size: About 4 named attorneys plus support staff. Office hours: Office hours not published; call ahead.",,,,"{""rank"":61,""non_phi"":true,""prospect_score"":7.9,""source_file_id"":""file_000000005f4c81f5b7d67b245ceeba41"",""visit_priority"":""B — worthwhile prospect"",""internal_priority"":4,""primary_attorneys"":""Carlos Acosta; Mary Ann Andrews; Lewis Greenberg; Marvin Walden"",""source_prospect_id"":""27b1013b-455b-4c31-8ea7-a82bd4f524cc"",""original_fit_status"":""qualified"",""verification_status"":""verified"",""approx_distance_from_hpo"":""Approx. 8–10 driving mi""}","2026-09-28 17:05:37.624431+00","2026-09-28 17:05:37.624431+00",,,,"[""prospect"",""attorney""]","Hudson_Pro_North_Jersey_PI_Prospects.xlsx#Master75-rank-61","prospect:4e1937e28da5aeff5d7692676619f338",,"40.7635207","-74.0351957","2026-09-27 01:46:04.972+00"
"","136e4205-bf63-4840-bc4e-464b507180ff","Adom Family Medicine Center","Primary Care","PCP","Newark / Essex","Newark","195 Central Ave, Newark, NJ 07103","3","Adam","Prospect","active","HPO prospect import","Met receptionist.",,,,"{""priority"":""A - Visit First"",""provider"":null,""vein_fit"":""High"",""next_step"":""Visit/call this week; confirm referral contact and drop approved material"",""source_row"":107,""source_sheet"":""All PCP-Vein Targets"",""visit_status"":""Need to Visit"",""route_cluster"":""Newark / Essex"",""priority_score"":13,""source_workbook"":""NJ_PCP_Vein_Target_List_by_HPO.xlsx"",""geocode_provider"":""census"",""closest_hpo_office"":""Newark"",""source_prospect_id"":""6b63fee0-aa51-40cc-b317-03fcd8288554"",""original_fit_status"":""qualified"",""verification_status"":""partial"",""geocode_last_attempt"":""2026-09-28T16:32:30.607Z"",""imported_for_hpo_crm"":""2026-09-28""}","2026-09-28 17:05:37.624431+00","2026-09-28 17:05:37.624431+00",,,,"[""prospect"",""pcp""]","NJ_PCP_Vein_Target_List_by_HPO.xlsx#All PCP-Vein Targets","prospect:d8ab71498464ff07065103ecae3f992e",,"40.744365014641","-74.178553152974","2026-09-28 16:32:30.607+00"
"","ea127621-e80a-4840-872f-0192e40c57cf","Advance Medical Group — Fair Lawn","Primary Care","Internal Medicine / Primary Care","Ridgewood / Bergen-Passaic","Fair Lawn","4-14 Saddle River Road, Suite 102, Fair Lawn, NJ 07410","3","Adam","Prospect","active","HPO prospect import","Close, independent group location with potential volume if fully operational.",,,,"{""source_prospect_id"":""f13372a0-93c1-4ce9-9b50-4b161095b713"",""original_fit_status"":""qualified"",""verification_status"":""partial""}","2026-09-28 17:05:37.624431+00","2026-09-28 17:05:37.624431+00",,,,"[""prospect"",""pcp""]","Hudson_Pro_Ridgewood_Primary_Care_Prospects.xlsx#S047","prospect:ce76a82edd95e3b26b9f39b4b65c5c2f",,"40.9448397","-74.1009729","2026-09-28 16:47:58.242+00"
"","49d70b06-3ba0-4e80-b919-b2012f02d7c1","Advance Medical Group — Hackensack","Primary Care","Internal Medicine / Primary Care","Ridgewood / Bergen-Passaic","Hackensack","92 Summit Avenue, Hackensack, NJ 07601","3","Adam","Prospect","active","HPO prospect import","Likely meaningful volume and an identifiable practice manager within an independent group.",,,,"{""source_prospect_id"":""1e314aeb-c68f-4518-921c-6f8291373cdc"",""original_fit_status"":""qualified"",""verification_status"":""verified""}","2026-09-28 17:05:37.624431+00","2026-09-28 17:05:37.624431+00",,,,"[""prospect"",""pcp""]","Hudson_Pro_Ridgewood_Primary_Care_Prospects.xlsx#S046","prospect:321cad5a7aa7843dbfff76d47587cf72",,"40.8907949","-74.0563331","2026-09-28 16:47:53.307+00"
"","fed50c6d-82a8-4d6f-a8be-6946d3fcae82","Advance Medical Group — Paramus","Primary Care","Internal Medicine / Primary Care","Ridgewood / Bergen-Passaic","Paramus","1 West Ridgewood Avenue, Suite 205, Paramus, NJ 07652","3","Adam","Prospect","active","HPO prospect import","Independent regional group with a large clinical team and likely high patient volume; close to HPO.",,,,"{""source_prospect_id"":""57a66e8c-b2a2-48b1-bef7-1c470b5ae2e8"",""original_fit_status"":""qualified"",""verification_status"":""verified""}","2026-09-28 17:05:37.624431+00","2026-09-28 17:05:37.624431+00",,,,"[""prospect"",""pcp""]","Hudson_Pro_Ridgewood_Primary_Care_Prospects.xlsx#S044","prospect:888f56ee7c0619beb7f2a367e25d4177",,"40.942769","-74.0779651","2026-09-28 16:47:58.299+00"
"","dfe3319b-0903-4f22-a3c5-83edc399c2bd","Advanced Healthcare Services / Saquiba Syed, MD","Primary Care","Internal Medicine / Primary Care","Hoboken / Hudson Waterfront","Jersey City","2727 John F. Kennedy Boulevard, Jersey City, NJ 07306","3","Adam","Prospect","active","HPO prospect import","Independent six-day internal-medicine office with owner control and a local patient base; good direct-referral potential.",,,,"{""rank"":28,""ownership"":""Independent physician-owned practice (NPI authorized official)"",""physicians"":""Saquiba Syed, MD"",""source_sheet"":""Master Prospects"",""last_verified"":""2026-09-10"",""prospect_score"":8,""visit_priority"":""A"",""source_workbook"":""Hudson_Pro_Hoboken_Primary_Care_Prospects.xlsx"",""geocode_provider"":""census"",""suggested_contact"":""Dr. Syed or office manager"",""prior_visit_status"":""Net-new / no prior visit documented"",""source_prospect_id"":""95c1a3a6-cd5f-49eb-b2be-0d6f7a358a2e"",""original_fit_status"":""qualified"",""verification_status"":""verified"",""geocode_last_attempt"":""2026-09-28T16:31:06.858Z"",""imported_for_hpo_crm"":""2026-09-28""}","2026-09-28 17:05:37.624431+00","2026-09-28 17:05:37.624431+00",,,,"[""prospect"",""pcp""]","Hudson_Pro_Hoboken_Primary_Care_Prospects.xlsx#Master Prospects","prospect:6201e7138d2828439fd1d2f9bdd34fd7",,"40.729423516273","-74.069427208109","2026-09-28 16:31:06.858+00"
"","612ee5ff-65e2-4979-985d-f01c2ead2807","Advanced Medical Care of Hudson County — Union City","Primary Care","Internal Medicine / Family Medicine / Multispecialty","Hoboken / Hudson Waterfront","Union City","1610 Summit Avenue, Union City, NJ 07087","3","Adam","Prospect","active","HPO prospect import","Three physicians and likely high patient volume; still relationship-worthy, though in-house diagnostics reduce some downstream referrals.",,,,"{""rank"":19,""ownership"":""Independent physician-owned multispecialty practice"",""physicians"":""Sameh Elias, MD; Nivin Elias, MD; Ashraf Shaker, MD"",""source_sheet"":""Master Prospects"",""last_verified"":""2026-09-10"",""prospect_score"":8,""visit_priority"":""A"",""source_workbook"":""Hudson_Pro_Hoboken_Primary_Care_Prospects.xlsx"",""geocode_provider"":""census"",""suggested_contact"":""Practice administrator or managing physician"",""prior_visit_status"":""Net-new / no prior visit documented"",""source_prospect_id"":""862013c2-6a28-4ec7-a9b7-a055e7627838"",""original_fit_status"":""qualified"",""verification_status"":""verified"",""geocode_last_attempt"":""2026-09-28T16:30:54.247Z"",""imported_for_hpo_crm"":""2026-09-28""}","2026-09-28 17:05:37.624431+00","2026-09-28 17:05:37.624431+00",,,,"[""prospect"",""pcp""]","Hudson_Pro_Hoboken_Primary_Care_Prospects.xlsx#Master Prospects","prospect:e41e5060908e571a5291481bb0151acf",,"40.763965229679","-74.039799269598","2026-09-28 16:30:54.247+00"
"","4691e69b-81fa-4f04-ae5f-53852d020896","Advocare Bergen Medical","Primary Care","Internal Medicine / Primary Care","Ridgewood / Bergen-Passaic","Ramsey","245 East Main Street, Unit 6, Ramsey, NJ 07446","3","Adam","Prospect","active","HPO prospect import","Physician-owned, locally staffed office with Saturday access; good northbound route prospect and clear adult primary-care focus.",,,,"{""source_prospect_id"":""35fbcebb-fb0b-48aa-97c2-83fb9d19e8e0"",""original_fit_status"":""qualified"",""verification_status"":""verified""}","2026-09-28 17:05:37.624431+00","2026-09-28 17:05:37.624431+00",,,,"[""prospect"",""pcp""]","Hudson_Pro_Ridgewood_Primary_Care_Prospects.xlsx#S025","prospect:a2e2f15319982ee43bdf18265baa77de",,"41.0580408","-74.1355719","2026-09-28 16:47:24.687+00"
"","d4cc5d82-5be1-4754-b9b1-1a6d9d42048a","Advocare Panorama Medical","Primary Care","Family Medicine",,"North Bergen","7406 Bergenline Ave, North Bergen, NJ","4","Adam","Prospect","active","HPO prospect import","Area: North Bergen | Priority: Medium | Not hospital-branded, but part of Advocare network. | Address Review: address present in uploaded list; verify official physical office before driving.",,,,"{""tags"":""Medium; Family Medicine; North Bergen"",""reference"":""HPO-RM-049"",""source_workbook"":""RepMove_Import_Accounts_Address_Checked.xlsx"",""internal_priority"":4,""source_prospect_id"":""c393e661-3a71-4ae1-ae00-c122cdc59384"",""original_fit_status"":""qualified"",""verification_status"":""partial""}","2026-09-28 17:05:37.624431+00","2026-09-28 17:05:37.624431+00",,,,"[""prospect"",""pcp""]","RepMove_Import_Accounts_Address_Checked.xlsx#HPO-RM-049","prospect:64175c6a1dd6c6c40ce05422372a2716",,"40.798610283711","-74.008897317302","2026-09-28 16:55:32.4+00"
"","26b840b2-a24b-4ba9-8971-63452244db72","Advocare Ridgewood Medical","Primary Care","Internal Medicine with pediatric clinicians","Ridgewood / Bergen-Passaic","Ridgewood","127 Union Street, Suite 108, Ridgewood, NJ 07450","3","Adam","Prospect","active","HPO prospect import","Near HPO, physician-owned and front-desk staffed; Dr. Jaber-Iqbal provides adult internal medicine within a stable local office.",,,,"{""source_prospect_id"":""a15ff24e-59b2-407b-9224-9b6c806549fc"",""original_fit_status"":""qualified"",""verification_status"":""verified""}","2026-09-28 17:05:37.624431+00","2026-09-28 17:05:37.624431+00",,,,"[""prospect"",""pcp""]","Hudson_Pro_Ridgewood_Primary_Care_Prospects.xlsx#S015","prospect:385fdf106533c241a12bcaf6bddffdc7",,"40.9777721","-74.1166339","2026-09-28 16:47:11.253+00"
"","28266fd8-8ef1-4f80-a0f4-99f0a76c9346","Afonso & Afonso, LLC","Attorney","PI-heavy: auto, truck, motorcycle, pedestrian, premises and workers’ compensation","Union Territory","Elizabeth","544 Elizabeth Ave, Elizabeth, NJ 07206","5","Adam","Prospect","active","HPO prospect import","Large local review footprint and a two-attorney family practice make this a strong, relationship-oriented Elizabeth target. Firm size: 2-attorney family firm plus support staff. Office hours: Office hours not published; call ahead.",,,,"{""rank"":24,""non_phi"":true,""prospect_score"":8.8,""source_file_id"":""file_000000005f4c81f5b7d67b245ceeba41"",""visit_priority"":""A — visit first"",""internal_priority"":5,""primary_attorneys"":""Jubilo Afonso; Nuno Afonso"",""source_prospect_id"":""ff2fa33b-1da5-48d5-9b19-8210a685cb0c"",""original_fit_status"":""qualified"",""verification_status"":""verified"",""approx_distance_from_hpo"":""Approx. 5–7 driving mi""}","2026-09-28 17:05:37.624431+00","2026-09-28 17:05:37.624431+00",,,,"[""prospect"",""attorney""]","Hudson_Pro_North_Jersey_PI_Prospects.xlsx#Master75-rank-24","prospect:62298b42d0678c18bc47c8f91481d7fe",,"40.6553133","-74.19953","2026-09-27 01:45:59.492+00"
"","7e8ccffc-8ad9-483f-bfeb-1aee89e79832","Ahmed","Attorney",,,"South Richmond Hill","104-09 113th St, South Richmond Hill, NY 11419","3","Adam","active","active","historical_referral_aggregate","Historical attorney referral-source label preserved exactly; full firm identity should be reconciled before route use.",,,,"{""non_phi"":true,""count_scope"":""historical aggregate; period not supplied"",""official_location_source"":""https://www.ahmedattorneys.com/"",""historical_referral_count"":29,""office_location_prospect_id"":""22560b80-846f-4dde-b94e-7d5de4005cbf""}","2026-09-26 22:49:05.692295+00","2026-09-28 17:18:46.615544+00",,,,"[""historical_identity_needs_reconciliation""]",,"attorney:ahmed",,"40.685177278257","-73.829266466317","2026-09-28 17:14:58.281+00"
"","71f65f3b-a197-4b9c-9052-5fe2ff593cb8","Albert Buzzetti & Associates, LLC","Attorney","PI plus criminal/business litigation: auto, premises and serious injury","Edgewater Territory","Englewood Cliffs","467 Sylvan Ave, Englewood Cliffs, NJ 07632","3","Adam","Prospect","active","HPO prospect import","Well-staffed Englewood Cliffs office, but PI competes with several other practice areas, reducing likely injury volume. Firm size: About 4 attorneys and a substantial paralegal/support team. Office hours: Office hours not published; call ahead.",,,,"{""rank"":74,""non_phi"":true,""prospect_score"":7.4,""source_file_id"":""file_000000005f4c81f5b7d67b245ceeba41"",""visit_priority"":""C — secondary prospect"",""internal_priority"":3,""primary_attorneys"":""Albert Buzzetti; firm attorneys"",""source_prospect_id"":""0dc22e74-2d23-48d2-9acc-4134e979d201"",""original_fit_status"":""qualified"",""verification_status"":""verified"",""approx_distance_from_hpo"":""Approx. 5–7 driving mi""}","2026-09-28 17:05:37.624431+00","2026-09-28 17:05:37.624431+00",,,,"[""prospect"",""attorney""]","Hudson_Pro_North_Jersey_PI_Prospects.xlsx#Master75-rank-74","prospect:5377d4a743ffbd04f727d19ab5b836ca",,"40.8814496","-73.9534329","2026-09-27 01:46:08.041+00"
"","c10e7e8f-74f3-40db-a1b7-ea34a3d0925d","Allam Reddy MD","Primary Care","PCP","Newark / Essex","Montclair","1 Seymour St, Montclair, NJ 07042","3","Adam","Prospect","active","HPO prospect import","Rosanne OM",,,,"{""priority"":""B - Strong Target"",""provider"":null,""vein_fit"":""High"",""next_step"":""Add to route; call first and schedule quick drop-in"",""source_row"":24,""source_sheet"":""All PCP-Vein Targets"",""visit_status"":""Need to Visit"",""route_cluster"":""Newark / Essex"",""priority_score"":9,""source_workbook"":""NJ_PCP_Vein_Target_List_by_HPO.xlsx"",""geocode_provider"":""census"",""closest_hpo_office"":""Newark"",""source_prospect_id"":""f328f486-bb1a-46de-95d0-9872731ac809"",""original_fit_status"":""qualified"",""verification_status"":""partial"",""geocode_last_attempt"":""2026-09-28T16:33:20.333Z"",""imported_for_hpo_crm"":""2026-09-28""}","2026-09-28 17:05:37.624431+00","2026-09-28 17:05:37.624431+00",,,,"[""prospect"",""pcp""]","NJ_PCP_Vein_Target_List_by_HPO.xlsx#All PCP-Vein Targets","prospect:a52fa33999aaa110ef146f83545b446e",,"40.812701990201","-74.216144759852","2026-09-28 16:33:20.333+00"
"","65210d07-70be-45da-b409-f5051e317d28","Allied Medical Associates","Primary Care","Family Medicine / Internal Medicine","Ridgewood / Bergen-Passaic","Wayne","510 Hamburg Turnpike, Suite 101, Wayne, NJ 07470","3","Adam","Prospect","active","HPO prospect import","Doctor-owned, multi-provider practice with extended access and broad adult primary-care volume; good long-term relationship potential.",,,,"{""source_prospect_id"":""002e51ca-18fb-4b18-916f-e16b9265f7ea"",""original_fit_status"":""qualified"",""verification_status"":""verified""}","2026-09-28 17:05:37.624431+00","2026-09-28 17:05:37.624431+00",,,,"[""prospect"",""pcp""]","Hudson_Pro_Ridgewood_Primary_Care_Prospects.xlsx#S010","prospect:cf5b3ab292a63047019c31b562fd6e5f",,"40.953623","-74.2116363","2026-09-28 16:47:02.719+00"
"","c73a9479-95f0-4abf-8ba2-4f92e54d1010","Alum, Ferrer, Diaz & Luaces","Attorney","PI plus workers’ compensation and general litigation: auto, premises and serious injury","Edgewater Territory","North Bergen","7312 Bergenline Ave, North Bergen, NJ 07047","4","Adam","Prospect","active","HPO prospect import","Longstanding Bergenline Avenue office with substantial local reviews and meaningful injury/workers’ compensation work. Firm size: About 3 attorneys plus experienced support staff. Office hours: Office hours not published; call ahead.",,,,"{""rank"":60,""non_phi"":true,""prospect_score"":7.9,""source_file_id"":""file_000000005f4c81f5b7d67b245ceeba41"",""visit_priority"":""B — worthwhile prospect"",""internal_priority"":4,""primary_attorneys"":""Firm partner team"",""source_prospect_id"":""6b36ec56-9e2e-4b30-ba63-e172e8eb6041"",""original_fit_status"":""qualified"",""verification_status"":""verified"",""approx_distance_from_hpo"":""Approx. 8–10 driving mi""}","2026-09-28 17:05:37.624431+00","2026-09-28 17:05:37.624431+00",,,,"[""prospect"",""attorney""]","Hudson_Pro_North_Jersey_PI_Prospects.xlsx#Master75-rank-60","prospect:7dcd808d6fab5fc4346fa7d98fab3ad7",,"40.8099919","-74.0009281","2026-09-27 01:46:06.011+00"
"","48a2fadc-61b8-4899-aa8d-cd46f794d4fb","Andreas D. Rotsides, MD","Primary Care","Internal Medicine / MDVIP Concierge-Style",,"Mine Hill","195 US Highway 46, Suite 203, Mine Hill, NJ 07803","3","Adam","Prospect","active","HPO prospect import","Area: Mine Hill | Priority: High | Strong target. MDVIP page says he offers a personalized healthcare approach similar to concierge medicine, with same/next-day appointments and smaller practice size. Note: hospital affiliations are listed, so treat as relationship-friendly but verify referral freedom. | Address Review: address present in uploaded list; verify official physical office before driving.",,,,"{""source_prospect_id"":""58d9748a-b8e8-4bb4-8c19-f73942125180"",""original_fit_status"":""qualified"",""verification_status"":""partial""}","2026-09-28 17:05:37.624431+00","2026-09-28 17:05:37.624431+00",,,,"[""prospect"",""pcp""]","RepMove_Import_Accounts_Address_Checked.xlsx#HPO-RM-030","prospect:3b2afc3ac0365c59f4983a89328c2312",,"40.8797242","-74.5989701","2026-09-28 16:49:06.904+00"
"","e91f84ec-2953-4b8a-b229-75db13616625","Anjali Choudhary, MD","Primary Care","Internal Medicine / Primary Care","Hoboken / Hudson Waterfront","Jersey City","550 Newark Avenue, Suite 406, Jersey City, NJ 07306","3","Adam","Prospect","active","HPO prospect import","Longstanding solo PCP with an explicit front-desk referral process and direct owner access; strong fit for a durable relationship.",,,,"{""rank"":14,""ownership"":""Independent physician-owned practice"",""physicians"":""Anjali Choudhary, MD"",""source_sheet"":""Master Prospects"",""last_verified"":""2026-09-10"",""prospect_score"":9,""visit_priority"":""A"",""source_workbook"":""Hudson_Pro_Hoboken_Primary_Care_Prospects.xlsx"",""geocode_provider"":""census"",""suggested_contact"":""Dr. Choudhary or front-desk referral lead"",""prior_visit_status"":""Net-new / no prior visit documented"",""source_prospect_id"":""964d85e8-420b-436c-ae10-928616143ed6"",""original_fit_status"":""qualified"",""verification_status"":""verified"",""geocode_last_attempt"":""2026-09-28T16:30:54.245Z"",""imported_for_hpo_crm"":""2026-09-28""}","2026-09-28 17:05:37.624431+00","2026-09-28 17:05:37.624431+00",,,,"[""prospect"",""pcp""]","Hudson_Pro_Hoboken_Primary_Care_Prospects.xlsx#Master Prospects","prospect:dd12c77b9686443ff6ba787aa3a63b6b",,"40.73118407225","-74.056230907473","2026-09-28 16:30:54.245+00"
"","5cf265cd-08c0-4365-9e6b-6c4e87da4b4c","Antonucci Law","Attorney","PI-heavy: auto, truck, motorcycle, pedestrian, premises and wrongful death","Union Territory","Union","1351 Morris Ave, Union, NJ 07083","5","Adam","Prospect","active","HPO prospect import","Very close to Hudson Pro Union, strong PI relevance and a local team that appears accessible to relationship-based outreach. Firm size: Small attorney-owned firm; about 3 attorneys plus bilingual staff. Office hours: Mon–Fri 9:00 AM–5:00 PM.",,,,"{""rank"":7,""non_phi"":true,""prospect_score"":9.6,""source_file_id"":""file_000000005f4c81f5b7d67b245ceeba41"",""visit_priority"":""A — visit first"",""internal_priority"":5,""primary_attorneys"":""Stacey A. Antonucci; firm attorneys"",""source_prospect_id"":""244d5ae2-e0ec-4713-9f4d-e5e0ca3ca3ea"",""original_fit_status"":""qualified"",""verification_status"":""verified"",""approx_distance_from_hpo"":""Approx. 2–3 driving mi""}","2026-09-28 17:05:37.624431+00","2026-09-28 17:05:37.624431+00",,,,"[""prospect"",""attorney""]","Hudson_Pro_North_Jersey_PI_Prospects.xlsx#Master75-rank-7","prospect:306d036f917cd592280597656493a184",,"40.6833732","-74.2368819","2026-09-27 01:45:56.971+00"
"","56759141-00b4-45db-bd87-2fd363f9f6c3","Apex Medical Professionals","Primary Care","Internal Medicine / Primary Care","Ridgewood / Bergen-Passaic","Fair Lawn","6-20 Plaza Road, Fair Lawn, NJ 07410","3","Adam","Prospect","active","HPO prospect import","Close, high-access office with Saturday hours and on-site lab; likely to generate frequent orthopedic referrals from a broad adult panel.",,,,"{""source_prospect_id"":""6dceb690-206f-4f66-a9eb-53bf5cfc7d7e"",""original_fit_status"":""qualified"",""verification_status"":""verified""}","2026-09-28 17:05:37.624431+00","2026-09-28 17:05:37.624431+00",,,,"[""prospect"",""pcp""]","Hudson_Pro_Ridgewood_Primary_Care_Prospects.xlsx#S011","prospect:c78019d52d8a8643901765a2691eb712",,"40.938097","-74.1197119","2026-09-28 16:47:02.972+00"
"","0545fa9e-2506-4dc9-9fc2-3d5b189ed1cb","Armor Medical Group","Primary Care","Internal Medicine / Primary Care","Ridgewood / Bergen-Passaic","Hawthorne","364 Lafayette Avenue, Hawthorne, NJ 07506","3","Adam","Prospect","active","HPO prospect import","Two-doctor independent office close to HPO with long hours, walk-ins and good odds of reaching front-desk staff.",,,,"{""source_prospect_id"":""5559a430-0265-4779-9571-bc2f0667b726"",""original_fit_status"":""qualified"",""verification_status"":""verified""}","2026-09-28 17:05:37.624431+00","2026-09-28 17:05:37.624431+00",,,,"[""prospect"",""pcp""]","Hudson_Pro_Ridgewood_Primary_Care_Prospects.xlsx#S005","prospect:42d2e09e74db3526f3d6c16cf9cef159",,"40.9659946","-74.1568759","2026-09-28 16:46:52.991+00"
"","3a918fe9-8d05-415e-ab21-e5ddfc822d08","Aronova & Associates","Attorney",,,,,"5","Adam","active","active","historical_referral_aggregate","Historical attorney referral source.",,,,"{""non_phi"":true,""count_scope"":""historical aggregate; period not supplied"",""historical_referral_count"":54}","2026-09-26 22:49:05.692295+00","2026-09-28 17:18:46.615544+00",,,,"[""major_sender""]",,"attorney:aronova-associates",,,,
"","f206c6d3-711e-46cc-874f-80f412c62cda","Asta & Bickoff","Attorney",,,"Newark","1 Gateway Center, Suite 2600, Newark, NJ 07102","5","Adam","Prospect","active","HPO prospect import","Warm/current HPO attorney relationship location from referral drop-off route plan.",,,,"{""source_workbook"":""HPO_Referral_Dropoff_Route_Plan.xlsx"",""internal_priority"":5,""warm_relationship"":true,""source_prospect_id"":""3d9634ac-2082-480e-88bb-a12ef2f184c5"",""original_fit_status"":""qualified"",""verification_status"":""partial""}","2026-09-28 17:05:37.624431+00","2026-09-28 17:05:37.624431+00",,,,"[""prospect"",""attorney""]","HPO_Referral_Dropoff_Route_Plan.xlsx#Attorneys-Drop-Off","prospect:ed493a4b87e12551db9f41585bbff922",,"40.7344618","-74.1656512","2026-09-28 16:58:25.225+00"
"","37e5d044-af2f-4131-a4a5-7878b62c4270","Atlantic Medical Group Primary Care — Oakland","Primary Care","Family Medicine / Primary Care","Ridgewood / Bergen-Passaic","Oakland","340C Ramapo Valley Road, Oakland, NJ 07436","3","Adam","Prospect","active","HPO prospect import","Likely meaningful patient volume and a staffed office in the Oakland route.",,,,"{""source_prospect_id"":""9dad60a0-e009-4423-8c87-57ce20739c60"",""original_fit_status"":""qualified"",""verification_status"":""verified""}","2026-09-28 17:05:37.624431+00","2026-09-28 17:05:37.624431+00",,,,"[""prospect"",""pcp""]","Hudson_Pro_Ridgewood_Primary_Care_Prospects.xlsx#S058","prospect:8987fff949dd17e7fe507b52f68fca48",,"41.0151391","-74.2533704","2026-09-28 16:48:17.234+00"
"","7f78b5c9-5ddc-4def-93d7-7750480e4092","AZZ Medical Associates","Primary Care","Primary Care / Internal Medicine / Family Medicine",,"Newark","465 Mount Prospect Ave, Newark, NJ","3","Adam","Prospect","active","HPO prospect import","Area: Newark | Priority: Medium | Larger network feel but not hospital-branded. Verify referral freedom. | Address Review: address present in uploaded list; verify official physical office before driving.",,,,"{""source_prospect_id"":""0a8fe925-0d22-48f2-b6cc-7aff46e94587"",""original_fit_status"":""qualified"",""verification_status"":""partial""}","2026-09-28 17:05:37.624431+00","2026-09-28 17:05:37.624431+00",,,,"[""prospect"",""pcp""]","RepMove_Import_Accounts_Address_Checked.xlsx#HPO-RM-044","prospect:4f9a77a4b2177d475c1d3c9e8396d19d",,"40.7624206","-74.1721094","2026-09-28 16:56:11.165+00"
"","c663a065-1dc0-4d5d-9d7d-999827d420ba","Bagolie Friedman Injury Lawyers","Attorney","PI-heavy: auto, premises, dangerous products, workers’ compensation and line-of-duty injury","Hoboken Territory","Jersey City","648 Newark Ave, Jersey City, NJ 07306","5","Adam","Prospect","active","HPO prospect import","Official site labels Jersey City the main office; longstanding local roots and work/auto injury volume make it very actionable. Firm size: 2 lead attorneys plus established support staff. Office hours: Mon–Fri 9:00 AM–5:00 PM.",,,,"{""rank"":27,""non_phi"":true,""prospect_score"":8.7,""source_file_id"":""file_000000005f4c81f5b7d67b245ceeba41"",""visit_priority"":""A — visit first"",""internal_priority"":5,""primary_attorneys"":""Ricky Bagolie; Alan T. Friedman"",""source_prospect_id"":""5a074a71-4b45-4582-bd3d-2138ffe2e7fb"",""original_fit_status"":""qualified"",""verification_status"":""verified"",""approx_distance_from_hpo"":""Approx. 4–6 driving mi""}","2026-09-28 17:05:37.624431+00","2026-09-28 17:05:37.624431+00",,,,"[""prospect"",""attorney""]","Hudson_Pro_North_Jersey_PI_Prospects.xlsx#Master75-rank-27","prospect:cd3b2301746ec342d59223bb76a8a94e",,"40.7438566","-74.0892516","2026-09-27 01:45:59.347+00"
"","0cc07a6b-0794-46c2-a873-35b82bdc77bd","Baker Health — Edgewater","Primary Care","Membership-based Primary Care","Hoboken / Hudson Waterfront","Edgewater","34 The Promenade, Edgewater, NJ 07020","3","Adam","Prospect","active","HPO prospect import","High-touch membership practice, long hours and a staffed retail-style office are favorable for relationship-based specialist referrals.",,,,"{""rank"":13,""ownership"":""Independent-branded membership medical group"",""physicians"":""Michael Tsadyk, MD; Mohammad Jurri, MD; Sara Baker (clinical team)"",""source_sheet"":""Master Prospects"",""last_verified"":""2026-09-10"",""prospect_score"":9,""visit_priority"":""A"",""source_workbook"":""Hudson_Pro_Hoboken_Primary_Care_Prospects.xlsx"",""geocode_provider"":""photon"",""suggested_contact"":""Location manager or adult-care medical lead"",""prior_visit_status"":""Net-new / no prior visit documented"",""source_prospect_id"":""7e52e90e-9fbf-4ed0-ae96-58c1651d72c7"",""original_fit_status"":""qualified"",""verification_status"":""verified"",""geocode_last_attempt"":""2026-09-28T16:30:59.967Z"",""imported_for_hpo_crm"":""2026-09-28""}","2026-09-28 17:05:37.624431+00","2026-09-28 17:05:37.624431+00",,,,"[""prospect"",""pcp""]","Hudson_Pro_Hoboken_Primary_Care_Prospects.xlsx#Master Prospects","prospect:08e73f3aa4ffad1db2a42c46d896f666",,"40.8069199","-73.9900233","2026-09-28 16:30:59.967+00"
"","d314a721-bbc4-486a-9878-3566fe414b43","Baker Health — Hoboken","Primary Care","Membership-based Family Medicine / Primary Care","Hoboken / Hudson Waterfront","Hoboken","1450 Garden Street, Hoboken, NJ 07030","3","Adam","Prospect","active","HPO prospect import","Very close to HPO, long hours, membership model, and an explicit specialist-referral process make this a high-value relationship target.",,,,"{""rank"":2,""ownership"":""Independent-branded membership medical group"",""physicians"":""Gaurang Brahmbhatt, MD; Rami Atoot, MD"",""source_sheet"":""Master Prospects"",""last_verified"":""2026-09-10"",""prospect_score"":10,""visit_priority"":""A"",""source_workbook"":""Hudson_Pro_Hoboken_Primary_Care_Prospects.xlsx"",""geocode_provider"":""census"",""suggested_contact"":""Medical director or location/practice manager"",""prior_visit_status"":""Net-new / no prior visit documented"",""source_prospect_id"":""6c04db1f-927f-4013-8cf8-b0ea04cb54c7"",""original_fit_status"":""qualified"",""verification_status"":""verified"",""geocode_last_attempt"":""2026-09-28T16:30:42.684Z"",""imported_for_hpo_crm"":""2026-09-28""}","2026-09-28 17:05:37.624431+00","2026-09-28 17:05:37.624431+00",,,,"[""prospect"",""pcp""]","Hudson_Pro_Hoboken_Primary_Care_Prospects.xlsx#Master Prospects","prospect:681f0d6b07c38f6bb26c7d28e2ff8581",,"40.753895254657","-74.027809250576","2026-09-28 16:30:42.684+00"
"","522629e9-d271-4f22-ac2b-cf02d21cb4fa","Baker Health — Paramus","Primary Care","Adult & Pediatric Primary Care / Membership Care","Ridgewood / Bergen-Passaic","Paramus","142 Route 17 North, 2nd Floor, Paramus, NJ 07652","3","Adam","Prospect","active","HPO prospect import","Extended hours, strong consumer demand and a staffed modern office suggest meaningful referral volume and easy staff access.",,,,"{""source_prospect_id"":""df25856a-ed98-4b37-8d32-b73a9b5a4e84"",""original_fit_status"":""qualified"",""verification_status"":""verified""}","2026-09-28 17:05:37.624431+00","2026-09-28 17:05:37.624431+00",,,,"[""prospect"",""pcp""]","Hudson_Pro_Ridgewood_Primary_Care_Prospects.xlsx#S007","prospect:4b4db14a78f6f8482c98a6dffe3c8bdd",,"40.9355351","-74.0718098","2026-09-28 16:47:06.798+00"
"","3b497ddc-4345-42d8-9b46-b39781ab26ad","Balance Medical Care","Primary Care","PCP","Bergen / Passaic","Saddle Brook","444 Market St, Saddle Brook, NJ 07663","3","Adam","Prospect","active","HPO prospect import",,,,,"{""priority"":""B - Strong Target"",""provider"":null,""vein_fit"":""High"",""next_step"":""Add to route; call first and schedule quick drop-in"",""source_row"":280,""source_sheet"":""All PCP-Vein Targets"",""visit_status"":""Need to Visit"",""route_cluster"":""Bergen / Passaic"",""priority_score"":9,""source_workbook"":""NJ_PCP_Vein_Target_List_by_HPO.xlsx"",""geocode_provider"":""census"",""closest_hpo_office"":""Ridgewood"",""source_prospect_id"":""78551a86-52f6-4d52-9558-011adb4acc31"",""original_fit_status"":""qualified"",""verification_status"":""partial"",""geocode_last_attempt"":""2026-09-28T16:33:55.421Z"",""imported_for_hpo_crm"":""2026-09-28""}","2026-09-28 17:05:37.624431+00","2026-09-28 17:05:37.624431+00",,,,"[""prospect"",""pcp""]","NJ_PCP_Vein_Target_List_by_HPO.xlsx#All PCP-Vein Targets","prospect:b74bfeaf1d8fd84bbb35668f8a389400",,"40.897255857965","-74.099800235982","2026-09-28 16:33:55.421+00"
"","85db2464-c322-463c-a6e3-56867c3e0c88","Barnabas Health Primary Care","Primary Care","PCP","Union / Elizabeth","Livingston","200 South Orange Ave","3","Adam","Prospect","active","HPO prospect import","Val",,,,"{""priority"":""B - Strong Target"",""provider"":null,""vein_fit"":""High"",""next_step"":""Add to route; call first and schedule quick drop-in"",""source_row"":118,""source_sheet"":""All PCP-Vein Targets"",""visit_status"":""Need to Visit"",""route_cluster"":""Union / Elizabeth"",""priority_score"":9,""source_workbook"":""NJ_PCP_Vein_Target_List_by_HPO.xlsx"",""geocode_provider"":""census"",""closest_hpo_office"":""Union"",""source_prospect_id"":""73cbd65e-9794-41ea-bb9a-a38194c1cf77"",""original_fit_status"":""qualified"",""verification_status"":""partial"",""geocode_last_attempt"":""2026-09-28T16:33:55.907Z"",""imported_for_hpo_crm"":""2026-09-28""}","2026-09-28 17:05:37.624431+00","2026-09-28 17:05:37.624431+00",,,,"[""prospect"",""pcp""]","NJ_PCP_Vein_Target_List_by_HPO.xlsx#All PCP-Vein Targets","prospect:25b078fe891a82cdff68b46c89302a75",,"40.773293168451","-74.354066318298","2026-09-28 16:33:55.907+00"
"","165b0543-4c63-4eb1-841d-3d0bf6e6295b","Barnabas Medical Associates","Primary Care","PCP","Newark / Essex","West Orange","386 Valley Rd","3","Adam","Prospect","active","HPO prospect import",,,,,"{""priority"":""B - Strong Target"",""provider"":null,""vein_fit"":""High"",""next_step"":""Add to route; call first and schedule quick drop-in"",""source_row"":244,""source_sheet"":""All PCP-Vein Targets"",""visit_status"":""Need to Visit"",""route_cluster"":""Newark / Essex"",""priority_score"":8,""source_workbook"":""NJ_PCP_Vein_Target_List_by_HPO.xlsx"",""geocode_provider"":""census"",""closest_hpo_office"":""Newark"",""source_prospect_id"":""d6a7d358-d291-43c5-b0cc-3c87a1f3caf1"",""original_fit_status"":""qualified"",""verification_status"":""partial"",""geocode_last_attempt"":""2026-09-28T16:32:32.453Z"",""imported_for_hpo_crm"":""2026-09-28""}","2026-09-28 17:05:37.624431+00","2026-09-28 17:05:37.624431+00",,,,"[""prospect"",""pcp""]","NJ_PCP_Vein_Target_List_by_HPO.xlsx#All PCP-Vein Targets","prospect:57999ed0bca9548a28fd5ebf560214ef",,"40.773726563727","-74.240265785744","2026-09-28 16:32:32.453+00"
"","ba48072f-bcdf-40c7-8103-1b7b50171c3f","Barreto Law Firm, LLC","Attorney","PI-heavy: auto, premises, serious injury; also immigration and municipal matters","Morris Plains Territory","Rockaway Township","100 Enterprise Dr, Suite 301, Rockaway Township, NJ 07866","4","Adam","Prospect","active","HPO prospect import","Strong current reviews and a staffed-looking office, but the suite recently changed in some listings; confirm Suite 301 before visiting. Firm size: Solo/managing-attorney practice with support staff. Office hours: Mon–Fri 9:00 AM–5:00 PM.",,,,"{""rank"":48,""non_phi"":true,""prospect_score"":8.2,""source_file_id"":""file_000000005f4c81f5b7d67b245ceeba41"",""visit_priority"":""B — worthwhile prospect"",""internal_priority"":4,""primary_attorneys"":""Elizabeth Barreto"",""source_prospect_id"":""c66c350f-00eb-49f6-bf49-59e29c03f748"",""original_fit_status"":""qualified"",""verification_status"":""partial"",""approx_distance_from_hpo"":""Approx. 11–13 driving mi""}","2026-09-28 17:05:37.624431+00","2026-09-28 17:05:37.624431+00",,,,"[""prospect"",""attorney""]","Hudson_Pro_North_Jersey_PI_Prospects.xlsx#Master75-rank-48","prospect:7a0594dc871aaf8720d02cd65af2f608",,"40.9095508","-74.549008","2026-09-28 03:58:56.329+00"
"","599fb03b-8e5e-4567-b24b-44321aa05580","Bayfront Medical Associates","Primary Care","Family Medicine / Internal Medicine","Hoboken / Hudson Waterfront","Jersey City","1809 John F. Kennedy Boulevard, Ground Floor, Jersey City, NJ 07305","3","Adam","Prospect","active","HPO prospect import","Two established neighborhood PCPs with evening/Sunday availability and no visible in-house specialty suite.",,,,"{""rank"":22,""ownership"":""Independent physician-led practice"",""physicians"":""Dilruba Khanam, MD; S. M. Golam Kibrea, MD"",""source_sheet"":""Master Prospects"",""last_verified"":""2026-09-10"",""prospect_score"":8,""visit_priority"":""A"",""source_workbook"":""Hudson_Pro_Hoboken_Primary_Care_Prospects.xlsx"",""geocode_provider"":""census"",""suggested_contact"":""Office manager or either physician"",""prior_visit_status"":""Net-new / no prior visit documented"",""source_prospect_id"":""d0589010-f701-48fc-9c1b-35e78f44f510"",""original_fit_status"":""qualified"",""verification_status"":""verified"",""geocode_last_attempt"":""2026-09-28T16:31:00.860Z"",""imported_for_hpo_crm"":""2026-09-28""}","2026-09-28 17:05:37.624431+00","2026-09-28 17:05:37.624431+00",,,,"[""prospect"",""pcp""]","Hudson_Pro_Hoboken_Primary_Care_Prospects.xlsx#Master Prospects","prospect:f6f2bc3da597859765eba17ca1af80b8",,"40.70213364003","-74.092153049817","2026-09-28 16:31:00.86+00"
"","3b8b1819-b1ce-489f-b154-2367b878c5a8","Beninato & Matrafajlo Attorneys at Law, LLC","Attorney","PI-heavy: auto, truck, premises, workers’ compensation and serious injury","Union Territory","Elizabeth","1207 E Grand St, 2nd Floor, Elizabeth, NJ 07201","5","Adam","Prospect","active","HPO prospect import","Active Elizabeth injury office, multiple attorneys and a strong local review footprint. Firm size: Small/midsize attorney-owned firm with multiple attorneys and staff. Office hours: Office hours not published; call ahead.",,,,"{""rank"":32,""non_phi"":true,""prospect_score"":8.5,""source_file_id"":""file_000000005f4c81f5b7d67b245ceeba41"",""visit_priority"":""A — visit first"",""internal_priority"":5,""primary_attorneys"":""David Beninato; Dan T. Matrafajlo; Alyssa Inghilleri"",""source_prospect_id"":""4ed9d695-aee2-4122-88bb-9c6d8830ffea"",""original_fit_status"":""qualified"",""verification_status"":""verified"",""approx_distance_from_hpo"":""Approx. 5–7 driving mi""}","2026-09-28 17:05:37.624431+00","2026-09-28 17:05:37.624431+00",,,,"[""prospect"",""attorney""]","Hudson_Pro_North_Jersey_PI_Prospects.xlsx#Master75-rank-32","prospect:c7196554eed7db9d21f567c4f703c5b1",,"40.6567696","-74.2012559","2026-09-28 03:58:53.431+00"
"","4470a487-a652-44a1-a814-4aa8374e297c","Bergen Internal Medicine, LLC","Primary Care","Internal Medicine",,"Fort Lee","6 Horizon Rd, Fort Lee, NJ","3","Adam","Prospect","active","HPO prospect import","Area: Fort Lee | Priority: Medium-High | Good Bergen/Edgewater corridor target. | Address Review: address present in uploaded list; verify official physical office before driving.",,,,"{""source_prospect_id"":""b4b833e1-dd53-4985-9916-c6eb581b30ba"",""original_fit_status"":""qualified"",""verification_status"":""partial""}","2026-09-28 17:05:37.624431+00","2026-09-28 17:05:37.624431+00",,,,"[""prospect"",""pcp""]","RepMove_Import_Accounts_Address_Checked.xlsx#HPO-RM-011","prospect:3f88fb356b7258d8066f2eeb1f669653",,"40.8407847","-73.9732012","2026-09-28 16:48:49.931+00"
"","232d5ec1-0b71-4e7f-afc5-3fe058810e7d","Bergen Medical Associates — Paramus","Primary Care","Internal Medicine / Multispecialty","Ridgewood / Bergen-Passaic","Paramus","1 West Ridgewood Avenue, Suite 301, Paramus, NJ 07652","3","Adam","Prospect","active","HPO prospect import","High-volume, multi-provider adult office in a prime Paramus building.",,,,"{""source_prospect_id"":""b5425a75-44db-4198-9beb-41750e0ae749"",""original_fit_status"":""qualified"",""verification_status"":""verified""}","2026-09-28 17:05:37.624431+00","2026-09-28 17:05:37.624431+00",,,,"[""prospect"",""pcp""]","Hudson_Pro_Ridgewood_Primary_Care_Prospects.xlsx#S050","prospect:fc86190a083ca9a8a5b8e1062a5119dc",,"40.942769","-74.0779651","2026-09-28 16:48:09.951+00"
"","07089b00-48e1-461f-bed3-5c0ca0128a7d","Bergen Medical Associates — Ridgewood","Primary Care","Internal Medicine / Multispecialty","Ridgewood / Bergen-Passaic","Ridgewood","190 Dayton Street, Suite 1, Ridgewood, NJ 07450","3","Adam","Prospect","active","HPO prospect import","Very close with meaningful adult volume and a staffed front desk.",,,,"{""source_prospect_id"":""d3a1e3b3-7c56-4fa1-9216-812fb1314ab0"",""original_fit_status"":""qualified"",""verification_status"":""verified""}","2026-09-28 17:05:37.624431+00","2026-09-28 17:05:37.624431+00",,,,"[""prospect"",""pcp""]","Hudson_Pro_Ridgewood_Primary_Care_Prospects.xlsx#S048","prospect:1a862ab4fe5549b1b0ac939595e4f32c",,"40.9776702","-74.1156254","2026-09-28 16:47:53.908+00"
"","9baa8bcc-26b4-46c4-ba25-42334fc2c7fb","Bergen Primary Healthcare","Primary Care","Internal Medicine / Primary Care","Ridgewood / Bergen-Passaic","Emerson","466 Old Hook Road, Suite 28, Emerson, NJ 07630","3","Adam","Prospect","active","HPO prospect import","Long-established independent primary-care office in the same building as another top account; efficient Emerson stop.",,,,"{""source_prospect_id"":""1fe5fc73-df15-4f50-8e26-c9ccdeef0fdf"",""original_fit_status"":""qualified"",""verification_status"":""partial""}","2026-09-28 17:05:37.624431+00","2026-09-28 17:05:37.624431+00",,,,"[""prospect"",""pcp""]","Hudson_Pro_Ridgewood_Primary_Care_Prospects.xlsx#S022","prospect:9f7888657d024a73895b895fc245bec4",,"40.9829222","-74.0057001","2026-09-28 16:47:19.518+00"
"","b6d3aed6-b3fa-4b78-a04b-8016369010c5","Bhatt Law Group","Attorney","PI-heavy: auto, truck, motorcycle, pedestrian, premises and workers’ compensation","Hoboken Territory","Jersey City","378 Summit Ave, Jersey City, NJ 07306","5","Adam","Prospect","active","HPO prospect import","Large current review footprint, multiple attorneys and a busy Jersey City main office suggest strong local case flow. Firm size: Midsize local group; about 6 attorneys plus support staff. Office hours: Office hours not published; call ahead.",,,,"{""rank"":14,""non_phi"":true,""prospect_score"":9.2,""source_file_id"":""file_000000005f4c81f5b7d67b245ceeba41"",""visit_priority"":""A — visit first"",""internal_priority"":5,""primary_attorneys"":""Jay Bhatt; firm PI team"",""source_prospect_id"":""2ddb6820-5398-4425-ab04-a03a7e10aca1"",""original_fit_status"":""qualified"",""verification_status"":""verified"",""approx_distance_from_hpo"":""Approx. 4–6 driving mi""}","2026-09-28 17:05:37.624431+00","2026-09-28 17:05:37.624431+00",,,,"[""prospect"",""attorney""]","Hudson_Pro_North_Jersey_PI_Prospects.xlsx#Master75-rank-14","prospect:c5f185fa0af68cfafc67c3a7163530cc",,"40.7283964","-74.0626313","2026-09-27 01:45:57.53+00"
"","df01a642-7926-4d19-969f-5d13540bdfc6","Bhatt Law Group","Attorney",,,"Hackensack","411 Hackensack Ave, Hackensack, NJ 07601","5","Adam","Prospect","active","HPO prospect import","Warm/current HPO attorney relationship location from referral drop-off route plan.",,,,"{""source_workbook"":""HPO_Referral_Dropoff_Route_Plan.xlsx"",""internal_priority"":5,""warm_relationship"":true,""source_prospect_id"":""800496dd-ec4b-416e-aa7d-83b46b5e881f"",""original_fit_status"":""qualified"",""verification_status"":""partial""}","2026-09-28 17:05:37.624431+00","2026-09-28 17:05:37.624431+00",,,,"[""prospect"",""attorney""]","HPO_Referral_Dropoff_Route_Plan.xlsx#Attorneys-Drop-Off","prospect:7081f18734de46d85c1ff53a00f59051",,"40.909127015454","-74.033103718382","2026-09-28 16:57:24.511+00"
"","30279f47-5b48-4ea8-93de-a2d7932b751d","Brach Eichler Injury Lawyers","Attorney","PI-only/PI-dominant: auto, truck, pedestrian, premises, construction and catastrophic injury","Newark Territory","Roseland","101 Eisenhower Pkwy, Suite 200, Roseland, NJ 07068","5","Adam","Prospect","active","HPO prospect import","Substantial NJ case volume and sophisticated serious-injury work; the Roseland headquarters is a credible staffed target. Firm size: Large regional PI group with numerous attorneys and support staff. Office hours: Office hours not published; call ahead.",,,,"{""rank"":12,""non_phi"":true,""prospect_score"":9.3,""source_file_id"":""file_000000005f4c81f5b7d67b245ceeba41"",""visit_priority"":""A — visit first"",""internal_priority"":5,""primary_attorneys"":""Edward P. Capozzi; firm PI team"",""source_prospect_id"":""af5a6828-0c2c-43ac-a56b-d94d542138c4"",""original_fit_status"":""qualified"",""verification_status"":""verified"",""approx_distance_from_hpo"":""Approx. 10–12 driving mi""}","2026-09-28 17:05:37.624431+00","2026-09-28 17:05:37.624431+00",,,,"[""prospect"",""attorney""]","Hudson_Pro_North_Jersey_PI_Prospects.xlsx#Master75-rank-12","prospect:dd1d7a0f3b182185c86ab77fadd43063",,"40.8278863","-74.3209348","2026-09-28 03:58:51.309+00"
"","abf33512-2778-4a15-b287-6bce2eeefdd5","Brady Reilly & Cardoso, LLC","Attorney","PI-heavy: auto/PIP, truck, premises, workers’ compensation and serious injury","Hoboken Territory","Kearny","241 Kearny Ave, Kearny, NJ 07032","5","Adam","Prospect","active","HPO prospect import","Compact, attorney-owned Hudson-area firm with meaningful accident work and realistic access to decision-makers. Firm size: 3 named attorneys with support staff. Office hours: Office hours not published; call ahead.",,,,"{""rank"":20,""non_phi"":true,""prospect_score"":8.9,""source_file_id"":""file_000000005f4c81f5b7d67b245ceeba41"",""visit_priority"":""A — visit first"",""internal_priority"":5,""primary_attorneys"":""Edward Brady; Brian Reilly; Christopher Cardoso"",""source_prospect_id"":""154d02e9-306c-478f-b24a-48b9b12ed9c3"",""original_fit_status"":""qualified"",""verification_status"":""verified"",""approx_distance_from_hpo"":""Approx. 7–9 driving mi""}","2026-09-28 17:05:37.624431+00","2026-09-28 17:05:37.624431+00",,,,"[""prospect"",""attorney""]","Hudson_Pro_North_Jersey_PI_Prospects.xlsx#Master75-rank-20","prospect:9cab05e00fe85d965da8a71e1364f96d",,"40.7587058","-74.1031216","2026-09-27 01:45:58.802+00"
"","e18b42c3-5dc3-4ecf-8c77-128b48ed9d76","Brandon J. Broderick, Attorney at Law","Attorney","PI-only: auto, truck, motorcycle, pedestrian, premises, construction and wrongful death","Ridgewood Territory","River Edge","65 E Route 4, River Edge, NJ 07661","5","Adam","Prospect","active","HPO prospect import","River Edge headquarters appears genuinely staffed and carries substantial Bergen County PI volume. Firm size: Large regional plaintiff firm; multi-attorney headquarters and support staff. Office hours: Office hours not published; 24/7 intake—call ahead.",,,,"{""rank"":13,""non_phi"":true,""prospect_score"":9.3,""source_file_id"":""file_000000005f4c81f5b7d67b245ceeba41"",""visit_priority"":""A — visit first"",""internal_priority"":5,""primary_attorneys"":""Brandon J. Broderick; regional attorney team"",""source_prospect_id"":""8fbcfa91-83ff-40a4-8485-27839803d078"",""original_fit_status"":""qualified"",""verification_status"":""verified"",""approx_distance_from_hpo"":""Approx. 6–8 driving mi""}","2026-09-28 17:05:37.624431+00","2026-09-28 17:05:37.624431+00",,,,"[""prospect"",""attorney""]","Hudson_Pro_North_Jersey_PI_Prospects.xlsx#Master75-rank-13","prospect:d5ad0c26840ac887c534a88b6d92a03b",,"40.9371026","-74.0387864","2026-09-27 01:45:57.767+00"
"","177b567b-60ae-440a-a7b3-6c23c3e005dc","Brendan Sullivan, MD, FACC — Ridgewood","Primary Care","Internal Medicine / Cardiology / MDVIP","Ridgewood / Bergen-Passaic","Ridgewood","75 North Maple Avenue, Suite 201A, Ridgewood, NJ 07450","3","Adam","Prospect","active","HPO prospect import","Very close, relationship-driven concierge practice with adult primary-care and cardiovascular patients who may need orthopedic care.",,,,"{""source_prospect_id"":""00ff1ffb-27c4-41c3-ad81-b254f78c3da7"",""original_fit_status"":""qualified"",""verification_status"":""verified""}","2026-09-28 17:05:37.624431+00","2026-09-28 17:05:37.624431+00",,,,"[""prospect"",""pcp""]","Hudson_Pro_Ridgewood_Primary_Care_Prospects.xlsx#S023","prospect:953aae23777b88040f36fffd0f797847",,"40.9802243","-74.1124476","2026-09-28 16:47:19.381+00"
"","3dc7d9b9-e763-438a-9016-314244b88356","Breslin & Breslin, P.A.","Attorney","PI-heavy: motor vehicle, medical malpractice, workers’ compensation and serious injury","Ridgewood Territory","Hackensack","41 Main St, Hackensack, NJ 07601","3","Adam","Prospect","active","HPO prospect import","Deep Bergen County roots and significant injury results; lower score reflects a broader practice and less obvious cold-walk-in access. Firm size: Established multi-attorney trial firm with support staff. Office hours: Office hours not published; call ahead.",,,,"{""rank"":73,""non_phi"":true,""prospect_score"":7.4,""source_file_id"":""file_000000005f4c81f5b7d67b245ceeba41"",""visit_priority"":""C — secondary prospect"",""internal_priority"":3,""primary_attorneys"":""Donald A. Caminiti; firm trial attorneys"",""source_prospect_id"":""539f628f-86dd-42f6-a2ab-f13ac581553a"",""original_fit_status"":""qualified"",""verification_status"":""verified"",""approx_distance_from_hpo"":""Approx. 9–11 driving mi""}","2026-09-28 17:05:37.624431+00","2026-09-28 17:05:37.624431+00",,,,"[""prospect"",""attorney""]","Hudson_Pro_North_Jersey_PI_Prospects.xlsx#Master75-rank-73","prospect:1fc6fbae9ccc6ef82004b5b49280ee93",,"40.8870781","-74.0410667","2026-09-27 01:46:08.313+00"
"","e1bf0af5-7902-4884-943e-893d39b2e7e2","Broadway Wellness","Primary Care","PCP","Bergen / Passaic","Fair Lawn","25-15 Fair Lawn Ave, Fair Lawn, NJ 07410","3","Adam","Prospect","active","HPO prospect import",,,,,"{""priority"":""A - Visit First"",""provider"":""Dr. Ellen Levan"",""vein_fit"":""High"",""next_step"":""Visit/call this week; confirm referral contact and drop approved material"",""source_row"":111,""source_sheet"":""All PCP-Vein Targets"",""visit_status"":""Need to Visit"",""route_cluster"":""Bergen / Passaic"",""priority_score"":11,""source_workbook"":""NJ_PCP_Vein_Target_List_by_HPO.xlsx"",""geocode_provider"":""census"",""closest_hpo_office"":""Ridgewood"",""source_prospect_id"":""9ccf7f7a-d193-4742-b8a7-11f12b2447bd"",""original_fit_status"":""qualified"",""verification_status"":""partial"",""geocode_last_attempt"":""2026-09-28T16:32:31.446Z"",""imported_for_hpo_crm"":""2026-09-28""}","2026-09-28 17:05:37.624431+00","2026-09-28 17:05:37.624431+00",,,,"[""prospect"",""pcp""]","NJ_PCP_Vein_Target_List_by_HPO.xlsx#All PCP-Vein Targets","prospect:3e840857a2c3314940135d9ae7e9f393",,"40.940028293067","-74.117832093798","2026-09-28 16:32:31.446+00"
"","d8243988-edd4-4068-999e-ba68f80aec98","Broadway Wellness PC","Primary Care","Internal Medicine / Integrative Primary Care","Ridgewood / Bergen-Passaic","Wyckoff","541 Cedar Hill Avenue, Wyckoff, NJ 07481","3","Adam","Prospect","active","HPO prospect import","Relationship-oriented solo internist in an affluent local market; likely to value responsive orthopedic access and coordinated follow-up.",,,,"{""source_prospect_id"":""26141071-0ff8-4881-a4cb-e5f784724990"",""original_fit_status"":""qualified"",""verification_status"":""verified""}","2026-09-28 17:05:37.624431+00","2026-09-28 17:05:37.624431+00",,,,"[""prospect"",""pcp""]","Hudson_Pro_Ridgewood_Primary_Care_Prospects.xlsx#S008","prospect:a356388f37738e5692f212e39a6de116",,"41.0104597","-74.1727451","2026-09-28 16:47:02.087+00"
"","0c278918-fb4d-4849-bfb5-88394f203fec","Caecilia Hostetler, MD","Primary Care","PCP","Newark / Essex","Montclair","206 Claremont Ave, Montclair, NJ 07042","3","Adam","Prospect","active","HPO prospect import",,,,,"{""priority"":""B - Strong Target"",""provider"":null,""vein_fit"":""High"",""next_step"":""Add to route; call first and schedule quick drop-in"",""source_row"":138,""source_sheet"":""All PCP-Vein Targets"",""visit_status"":""Need to Visit"",""route_cluster"":""Newark / Essex"",""priority_score"":8,""source_workbook"":""NJ_PCP_Vein_Target_List_by_HPO.xlsx"",""geocode_provider"":""census"",""closest_hpo_office"":""Newark"",""source_prospect_id"":""f04986b9-c603-456c-8a24-6c47154e56b4"",""original_fit_status"":""qualified"",""verification_status"":""partial"",""geocode_last_attempt"":""2026-09-28T16:33:20.685Z"",""imported_for_hpo_crm"":""2026-09-28""}","2026-09-28 17:05:37.624431+00","2026-09-28 17:05:37.624431+00",,,,"[""prospect"",""pcp""]","NJ_PCP_Vein_Target_List_by_HPO.xlsx#All PCP-Vein Targets","prospect:170dc459b6354dfff20ac3e54773d3a9",,"40.817137098787","-74.215905285854","2026-09-28 16:33:20.685+00"
"","03f3866c-872a-4f19-87c9-6d61d3e51053","Care Station Med Group","Primary Care","PCP","Hudson Waterfront","Secaucus","210 Meadowlands Pkwy, Secaucus, NJ 07094","3","Adam","Prospect","active","HPO prospect import",,,,,"{""priority"":""B - Strong Target"",""provider"":null,""vein_fit"":""High"",""next_step"":""Add to route; call first and schedule quick drop-in"",""source_row"":7,""source_sheet"":""All PCP-Vein Targets"",""visit_status"":""Need to Visit"",""route_cluster"":""Hudson Waterfront"",""priority_score"":9,""source_workbook"":""NJ_PCP_Vein_Target_List_by_HPO.xlsx"",""geocode_provider"":""census"",""closest_hpo_office"":""Hoboken"",""source_prospect_id"":""e6ed70d2-66b1-4736-91ac-d3b7c517796f"",""original_fit_status"":""qualified"",""verification_status"":""partial"",""geocode_last_attempt"":""2026-09-28T16:32:31.755Z"",""imported_for_hpo_crm"":""2026-09-28""}","2026-09-28 17:05:37.624431+00","2026-09-28 17:05:37.624431+00",,,,"[""prospect"",""pcp""]","NJ_PCP_Vein_Target_List_by_HPO.xlsx#All PCP-Vein Targets","prospect:893cba85f4889e72ca8ee92e18cb0ad6",,"40.784645226862","-74.076280700792","2026-09-28 16:32:31.755+00"
"","6112123e-f8cc-4a10-8757-903e77991507","Cedar Medical Associates","Primary Care","Internal Medicine / Primary Care","Ridgewood / Bergen-Passaic","Oradell","481 Kinderkamack Road, Oradell, NJ 07649","3","Adam","Prospect","active","HPO prospect import","Two-doctor adult primary-care office can generate more volume than a solo practice and remains locally relationship-driven.",,,,"{""source_prospect_id"":""ae343095-fceb-4763-b168-8d319a1c0008"",""original_fit_status"":""qualified"",""verification_status"":""partial""}","2026-09-28 17:05:37.624431+00","2026-09-28 17:05:37.624431+00",,,,"[""prospect"",""pcp""]","Hudson_Pro_Ridgewood_Primary_Care_Prospects.xlsx#S031","prospect:dd0947fee8c69ac066dd88ea9ab6a587",,"40.953649","-74.0320831","2026-09-28 16:47:34.916+00"
"","a21056cd-bf51-4d96-bcf9-9c9eb44b152d","Celevitae Medical / Daniel Silverstein, MD","Primary Care","Internal Medicine / Integrative Medicine",,"Morristown","185 Washington St, Suite 1, Morristown, NJ 07960","5","Adam","Prospect","active","HPO prospect import","Area: Morristown | Priority: Medium-High | Good Morristown target. Celevitae says Dr. Silverstein is the founding member, board-certified in internal medicine, practicing in Morristown, with an integrative approach. Verify OON status before lunch. | Address Review: address present in uploaded list; verify official physical office before driving.",,,,"{""tags"":""Medium-High; Internal Medicine / Integrative Medicine; Morristown"",""reference"":""HPO-RM-040"",""source_workbook"":""RepMove_Import_Accounts_Address_Checked.xlsx"",""internal_priority"":5,""source_prospect_id"":""ed8543b2-fc45-43c3-8453-02e6e11496f9"",""original_fit_status"":""qualified"",""verification_status"":""partial""}","2026-09-28 17:05:37.624431+00","2026-09-28 17:05:37.624431+00",,,,"[""prospect"",""pcp""]","RepMove_Import_Accounts_Address_Checked.xlsx#HPO-RM-040","prospect:d2c1ad73ed4f7f5e034d68763a2aecaf",,"40.800894080972","-74.493220956497","2026-09-28 16:55:32.734+00"
"","df58e06a-1350-4179-bd90-434629eed738","CityLife Health","Primary Care","PCP","Newark / Essex","Newark","44 Jones St, Newark, NJ 07103","3","Adam","Prospect","active","HPO prospect import",,,,,"{""priority"":""A - Visit First"",""provider"":null,""vein_fit"":""High"",""next_step"":""Visit/call this week; confirm referral contact and drop approved material"",""source_row"":279,""source_sheet"":""All PCP-Vein Targets"",""visit_status"":""Need to Visit"",""route_cluster"":""Newark / Essex"",""priority_score"":11,""source_workbook"":""NJ_PCP_Vein_Target_List_by_HPO.xlsx"",""geocode_provider"":""census"",""closest_hpo_office"":""Newark"",""source_prospect_id"":""984b25ee-5a6e-403d-9f68-5a9486e4c48f"",""original_fit_status"":""qualified"",""verification_status"":""partial"",""geocode_last_attempt"":""2026-09-28T16:32:30.607Z"",""imported_for_hpo_crm"":""2026-09-28""}","2026-09-28 17:05:37.624431+00","2026-09-28 17:05:37.624431+00",,,,"[""prospect"",""pcp""]","NJ_PCP_Vein_Target_List_by_HPO.xlsx#All PCP-Vein Targets","prospect:e47b36c4c697498ec10eac1ef34fe21d",,"40.735926504385","-74.188019705196","2026-09-28 16:32:30.607+00"
"","76e77644-3c72-4fdb-9e7f-7f6bf2da1bad","CJ Health Center","Primary Care","Family / Primary Care","Hoboken / Hudson Waterfront","North Bergen","7332 Kennedy Boulevard, Floor 1, North Bergen, NJ 07047","3","Adam","Prospect","active","HPO prospect import","Small owner-led neighborhood PCP with easy first-floor access; a realistic place to reach the decision-maker and build an external-referral relationship.",,,,"{""rank"":20,""ownership"":""Independent clinician-owned practice"",""physicians"":""Maritza Cruz Hernandez, FNP-C"",""source_sheet"":""Master Prospects"",""last_verified"":""2026-09-10"",""prospect_score"":8,""visit_priority"":""A"",""source_workbook"":""Hudson_Pro_Hoboken_Primary_Care_Prospects.xlsx"",""geocode_provider"":""census"",""suggested_contact"":""Maritza Cruz Hernandez or office manager"",""prior_visit_status"":""Net-new / no prior visit documented"",""source_prospect_id"":""fdd4b3cb-e2e2-426f-bf5a-b77fb932210a"",""original_fit_status"":""qualified"",""verification_status"":""verified"",""geocode_last_attempt"":""2026-09-28T16:31:00.847Z"",""imported_for_hpo_crm"":""2026-09-28""}","2026-09-28 17:05:37.624431+00","2026-09-28 17:05:37.624431+00",,,,"[""prospect"",""pcp""]","Hudson_Pro_Hoboken_Primary_Care_Prospects.xlsx#Master Prospects","prospect:38a83c5ce1bc6bfb6b9567e39ba63d00",,"40.800466604026","-74.013888464294","2026-09-28 16:31:00.847+00"
"","7a75bdbb-832c-4279-acbf-d044302f549d","Clark Law Firm, P.C.","Attorney","PI-only: auto, workplace/construction, premises, wrongful death and serious injury","Newark Territory","Newark","94 Jabez St, Newark, NJ 07105","5","Adam","Prospect","active","HPO prospect import","Very close to Hudson Pro Newark, with a dedicated serious-injury practice and current attorney/team pages. Firm size: Midsize plaintiff firm; multiple attorneys and support roles. Office hours: Office hours not published; call ahead.",,,,"{""rank"":21,""non_phi"":true,""prospect_score"":8.9,""source_file_id"":""file_000000005f4c81f5b7d67b245ceeba41"",""visit_priority"":""A — visit first"",""internal_priority"":5,""primary_attorneys"":""Gerald Clark; Steven Wojciechowski; Stephanie Tolnai; firm attorneys"",""source_prospect_id"":""c2d3673a-db47-4a37-a278-736ef0088f27"",""original_fit_status"":""qualified"",""verification_status"":""verified"",""approx_distance_from_hpo"":""Approx. 1–2 driving mi""}","2026-09-28 17:05:37.624431+00","2026-09-28 17:05:37.624431+00",,,,"[""prospect"",""attorney""]","Hudson_Pro_North_Jersey_PI_Prospects.xlsx#Master75-rank-21","prospect:3d42b5af9221c8ee4bc0bfaa3da4df33",,"40.7219441","-74.1498553","2026-09-27 01:45:59.275+00"
"","7a0cae36-7d91-4f09-9fc1-6d5cdb33c6a5","Clifton Pain & Rehab","Provider",,,"Clifton","1131 Main Ave, Clifton, NJ 07011","4","Adam","warm","active","field_visit_2026-09-22","9/22 field visit: Vinny was not present; plan was to text him and try to set up a lunch.","2026-09-22 16:00:00+00","Text Vinny and try to set a lunch",,"{""non_phi"":true,""source_date"":""2026-09-22"",""address_verified_at"":""2026-09-28T17:05:41.979755+00:00"",""address_verified_source"":""https://www.cliftonpainandrehab.com/contact-us-at-clifton-nj""}","2026-09-26 22:49:05.692295+00","2026-09-28 17:18:46.615544+00",,,,"[""provider_relationship""]",,"provider:clifton-pain-rehab",,"40.8778771","-74.1418101","2026-09-28 17:14:58.023+00"
"","6f595a6d-3196-49fd-bf9b-eff82ccd7ef5","Colligan & Colligan","Attorney","PI and workers’ compensation: auto, premises, workplace and serious injury","Newark Territory","Newark","1037 Raymond Blvd, Suite 430, Newark, NJ 07102","4","Adam","Prospect","active","HPO prospect import","Longstanding family practice in downtown Newark; direct attorney access offsets its smaller likely volume. Firm size: 2-attorney family firm plus support staff. Office hours: Office hours not published; call ahead.",,,,"{""rank"":69,""non_phi"":true,""prospect_score"":7.6,""source_file_id"":""file_000000005f4c81f5b7d67b245ceeba41"",""visit_priority"":""B — worthwhile prospect"",""internal_priority"":4,""primary_attorneys"":""Edward A. Colligan; Edward M. Colligan"",""source_prospect_id"":""20ea6a7a-9066-407a-bc03-2d563caec570"",""original_fit_status"":""qualified"",""verification_status"":""verified"",""approx_distance_from_hpo"":""Approx. 2–3 driving mi""}","2026-09-28 17:05:37.624431+00","2026-09-28 17:05:37.624431+00",,,,"[""prospect"",""attorney""]","Hudson_Pro_North_Jersey_PI_Prospects.xlsx#Master75-rank-69","prospect:0ffe99b556fca25515ad71da05bd8ed6",,"40.7380673","-74.1738045","2026-09-28 03:58:53.936+00"
"","1904c41b-05c3-4af1-8b75-36d8a4506621","Corradino & Partners, LLC","Attorney","PI-only/PI-dominant: auto, truck, premises, workers’ compensation and serious injury","Ridgewood Territory","Clifton","955 Allwood Rd, Clifton, NJ 07012","4","Adam","Prospect","active","HPO prospect import","Busy Clifton injury firm with hiring/activity signals consistent with real attorneys, paralegals and case volume. Firm size: Midsize PI firm; at least 4 attorneys listed for Clifton. Office hours: Office hours not published; call ahead.",,,,"{""rank"":38,""non_phi"":true,""prospect_score"":8.4,""source_file_id"":""file_000000005f4c81f5b7d67b245ceeba41"",""visit_priority"":""B — worthwhile prospect"",""internal_priority"":4,""primary_attorneys"":""Jack V. Corradino; Nicholas Schroter; Francis M. Parisi; Angelo S. Catanzariti"",""source_prospect_id"":""7d277aa8-9c23-4535-b59e-6af83b5d8fe9"",""original_fit_status"":""qualified"",""verification_status"":""verified"",""approx_distance_from_hpo"":""Approx. 12–14 driving mi""}","2026-09-28 17:05:37.624431+00","2026-09-28 17:05:37.624431+00",,,,"[""prospect"",""attorney""]","Hudson_Pro_North_Jersey_PI_Prospects.xlsx#Master75-rank-38","prospect:f86f8959fe65604ac11d49bbf4c04f36",,"40.8526523","-74.1740929","2026-09-27 01:46:01.833+00"
"","cda206ec-efbc-4e31-9a26-99dea8e1d672","Das Medical Associates","Primary Care","Internal Medicine / Primary Care","Ridgewood / Bergen-Passaic","Paramus","1 Sears Drive, Suite 206, Paramus, NJ 07652","3","Adam","Prospect","active","HPO prospect import","Two-doctor independent adult office in a high-value Paramus building; likely enough staff and volume to justify a visit.",,,,"{""source_prospect_id"":""0c98db0a-ba13-4a58-8eda-8a8818774c4f"",""original_fit_status"":""qualified"",""verification_status"":""partial""}","2026-09-28 17:05:37.624431+00","2026-09-28 17:05:37.624431+00",,,,"[""prospect"",""pcp""]","Hudson_Pro_Ridgewood_Primary_Care_Prospects.xlsx#S034","prospect:1f15138f603573fed99bb8e17fecaf00",,"40.9539413","-74.070179","2026-09-28 16:47:38.035+00"
"","c39e2ce9-f1b2-48f0-bbe0-3f8ee4b12266","Davidoff Medical / Dr. Bernard Davidoff & Dr. Ada Davidoff","Primary Care","Internal Medicine / Concierge Primary Care",,"Morristown","144 Speedwell Ave, Morristown, NJ 07960","5","Adam","Prospect","active","HPO prospect import","Area: Morristown | Priority: High | Strong Morristown target. Their site describes Davidoff Medical as a private concierge medicine practice with all new patients registering as members. Good relationship-building target near HPO Morris Plains. | Address Review: address present in uploaded list; verify official physical office before driving.",,,,"{""tags"":""High; Internal Medicine / Concierge Primary Care; Morristown"",""reference"":""HPO-RM-038"",""source_workbook"":""RepMove_Import_Accounts_Address_Checked.xlsx"",""internal_priority"":5,""source_prospect_id"":""0dc70634-42c0-41fe-a92a-94af40874c1e"",""original_fit_status"":""qualified"",""verification_status"":""partial""}","2026-09-28 17:05:37.624431+00","2026-09-28 17:05:37.624431+00",,,,"[""prospect"",""pcp""]","RepMove_Import_Accounts_Address_Checked.xlsx#HPO-RM-038","prospect:20562af68e3b1816a80e7f2fcaa0d84f",,"40.802991765055","-74.48230499486","2026-09-28 16:55:32.58+00"
"","0671576b-0454-493e-8dba-f7cea0fc121e","DC Medical Care","Primary Care","Internal Medicine / Primary Care","Ridgewood / Bergen-Passaic","Glen Rock","266 Harristown Road, Suite 305, Glen Rock, NJ 07452","3","Adam","Prospect","active","HPO prospect import","Closest independent multi-provider office to HPO with identifiable staff and broad adult primary care.",,,,"{""source_prospect_id"":""49acc28f-e961-462f-9d71-9c632574880d"",""original_fit_status"":""qualified"",""verification_status"":""verified""}","2026-09-28 17:05:37.624431+00","2026-09-28 17:05:37.624431+00",,,,"[""prospect"",""pcp""]","Hudson_Pro_Ridgewood_Primary_Care_Prospects.xlsx#S043","prospect:270266a102f85d8856d13173e0256784",,"40.9562092","-74.1212538","2026-09-28 16:47:58.461+00"
"","f3f387e7-fe17-4755-af6a-e39b9732e889","DeZao & DeZao, P.C.","Attorney","PI-heavy: motor vehicle, bus, premises, catastrophic injury and medical malpractice","Morris Plains Territory","Parsippany-Troy Hills","322 Route 46 W, Suite 120, Parsippany-Troy Hills, NJ 07054","5","Adam","Prospect","active","HPO prospect import","High case-value track record, visible team and a heavily reviewed Parsippany office make this a prime Morris-area target. Firm size: 3 active attorneys listed plus support team. Office hours: Office hours not published; 24/7 intake—call ahead.",,,,"{""rank"":6,""non_phi"":true,""prospect_score"":9.6,""source_file_id"":""file_000000005f4c81f5b7d67b245ceeba41"",""visit_priority"":""A — visit first"",""internal_priority"":5,""primary_attorneys"":""Anthony J. DeZao; Christopher G. Rivera; David P. Affinito"",""source_prospect_id"":""27eed965-6f49-4494-8f40-2917319a2551"",""original_fit_status"":""qualified"",""verification_status"":""verified"",""approx_distance_from_hpo"":""Approx. 7–9 driving mi""}","2026-09-28 17:05:37.624431+00","2026-09-28 17:05:37.624431+00",,,,"[""prospect"",""attorney""]","Hudson_Pro_North_Jersey_PI_Prospects.xlsx#Master75-rank-6","prospect:7f8df624ec5ac212b88782609a87ca42",,"40.8640751","-74.3726649","2026-09-28 03:58:51.737+00"
"","74ce8799-d3ba-40fe-97a7-0e73ec4b8431","Diligent Medical Care","Primary Care","Internal Medicine / Primary Care","Hoboken / Hudson Waterfront","Union City","570 32nd Street, Union City, NJ 07087","3","Adam","Prospect","active","HPO prospect import","Family-owned, extended-hours office with two clinicians and reachable staff; strong external-referral fit for orthopedic, imaging and vein needs.",,,,"{""rank"":7,""ownership"":""Independent family-owned practice"",""physicians"":""Mohammad Chaudhry, MD; Sharon Mirante, APN"",""source_sheet"":""Master Prospects"",""last_verified"":""2026-09-10"",""prospect_score"":9,""visit_priority"":""A"",""source_workbook"":""Hudson_Pro_Hoboken_Primary_Care_Prospects.xlsx"",""geocode_provider"":""census"",""suggested_contact"":""Dr. Chaudhry or office manager"",""prior_visit_status"":""Net-new / no prior visit documented"",""source_prospect_id"":""08a5bf50-368b-44ac-98f0-6325027747c0"",""original_fit_status"":""qualified"",""verification_status"":""verified"",""geocode_last_attempt"":""2026-09-28T16:30:43.008Z"",""imported_for_hpo_crm"":""2026-09-28""}","2026-09-28 17:05:37.624431+00","2026-09-28 17:05:37.624431+00",,,,"[""prospect"",""pcp""]","Hudson_Pro_Hoboken_Primary_Care_Prospects.xlsx#Master Prospects","prospect:f1127f8b48d0f831ce737ec1ec88ad47",,"40.774296131249","-74.030920086646","2026-09-28 16:30:43.008+00"
"","cc6d1ae1-8d35-4604-af57-13bd5444b00d","Doctor Lala","Primary Care","Internal Medicine / Cardiology","Ridgewood / Bergen-Passaic","Wyckoff","541 Cedar Hill Avenue, Wyckoff, NJ 07481","3","Adam","Prospect","active","HPO prospect import","Independent physician in the same building as two other targets and likely to see older adults with orthopedic complaints.",,,,"{""source_prospect_id"":""08f3a7d5-35a2-478e-a197-ace1d959e2fd"",""original_fit_status"":""qualified"",""verification_status"":""verified""}","2026-09-28 17:05:37.624431+00","2026-09-28 17:05:37.624431+00",,,,"[""prospect"",""pcp""]","Hudson_Pro_Ridgewood_Primary_Care_Prospects.xlsx#S042","prospect:b5f09ca265f71e4960fc101a7aa3aa66",,"41.0104597","-74.1727451","2026-09-28 16:47:44.404+00"
"","0cb7aa3e-0c0f-48bf-9bfe-21031dbdd094","Domi Health","Primary Care","PCP","Bergen Waterfront","North Bergen","7919 John F. Kennedy Blvd, North Bergen, NJ 07047","3","Adam","Prospect","active","HPO prospect import",,,,,"{""priority"":""A - Visit First"",""provider"":""Jon Dominguez"",""vein_fit"":""High"",""next_step"":""Visit/call this week; confirm referral contact and drop approved material"",""source_row"":17,""source_sheet"":""All PCP-Vein Targets"",""visit_status"":""Need to Visit"",""route_cluster"":""Bergen Waterfront"",""priority_score"":10,""source_workbook"":""NJ_PCP_Vein_Target_List_by_HPO.xlsx"",""geocode_provider"":""census"",""closest_hpo_office"":""Edgewater"",""source_prospect_id"":""804e6a4b-fdf6-431b-83c8-aab12626f7bb"",""original_fit_status"":""qualified"",""verification_status"":""partial"",""geocode_last_attempt"":""2026-09-28T16:31:24.779Z"",""imported_for_hpo_crm"":""2026-09-28""}","2026-09-28 17:05:37.624431+00","2026-09-28 17:05:37.624431+00",,,,"[""prospect"",""pcp""]","NJ_PCP_Vein_Target_List_by_HPO.xlsx#All PCP-Vein Targets","prospect:6eb91c87203f412f6bcde195c39d42fc",,"40.804034016249","-74.011366195047","2026-09-28 16:31:24.779+00"
"","cde413c8-ed31-40a4-8eb7-6a7dcb4220a2","Domi Health","Primary Care","PCP","Hudson Waterfront","Hoboken","1415 Park Ave, Hoboken, NJ 07030","3","Adam","Prospect","active","HPO prospect import",,,,,"{""priority"":""A - Visit First"",""provider"":""Jon Dominguez"",""vein_fit"":""High"",""next_step"":""Visit/call this week; confirm referral contact and drop approved material"",""source_row"":77,""source_sheet"":""All PCP-Vein Targets"",""visit_status"":""Need to Visit"",""route_cluster"":""Hudson Waterfront"",""priority_score"":10,""source_workbook"":""NJ_PCP_Vein_Target_List_by_HPO.xlsx"",""geocode_provider"":""census"",""closest_hpo_office"":""Hoboken"",""source_prospect_id"":""61d12fbd-4e94-484e-9936-e1803fa97931"",""original_fit_status"":""qualified"",""verification_status"":""partial"",""geocode_last_attempt"":""2026-09-28T16:31:24.778Z"",""imported_for_hpo_crm"":""2026-09-28""}","2026-09-28 17:05:37.624431+00","2026-09-28 17:05:37.624431+00",,,,"[""prospect"",""pcp""]","NJ_PCP_Vein_Target_List_by_HPO.xlsx#All PCP-Vein Targets","prospect:3d7ad5aaea3aa2506eb285a57d008977",,"40.753910810954","-74.028663635295","2026-09-28 16:31:24.778+00"
"","179febcf-4fec-4aee-888d-84984fd641fe","Dr Fuksina","Primary Care","PCP","Newark / Essex","Newark","550 Bloomfield Ave, Newark, NJ 07107","3","Adam","Prospect","active","HPO prospect import",,,,,"{""priority"":""A - Visit First"",""provider"":null,""vein_fit"":""High"",""next_step"":""Visit/call this week; confirm referral contact and drop approved material"",""source_row"":320,""source_sheet"":""All PCP-Vein Targets"",""visit_status"":""Need to Visit"",""route_cluster"":""Newark / Essex"",""priority_score"":10,""source_workbook"":""NJ_PCP_Vein_Target_List_by_HPO.xlsx"",""geocode_provider"":""census"",""closest_hpo_office"":""Newark"",""source_prospect_id"":""177a03fc-fe6d-45a4-a11c-295c2f306b4e"",""original_fit_status"":""qualified"",""verification_status"":""partial"",""geocode_last_attempt"":""2026-09-28T16:32:30.600Z"",""imported_for_hpo_crm"":""2026-09-28""}","2026-09-28 17:05:37.624431+00","2026-09-28 17:05:37.624431+00",,,,"[""prospect"",""pcp""]","NJ_PCP_Vein_Target_List_by_HPO.xlsx#All PCP-Vein Targets","prospect:580a92c66b635dcb2b69ab1aa11f6dd1",,"40.774147303978","-74.185981731808","2026-09-28 16:32:30.6+00"
"","23caf03b-cafe-4315-bd50-25edf2f9d943","Dr Kantha Family Practice","Primary Care","Family Medicine","Ridgewood / Bergen-Passaic","Ridgewood","1124 East Ridgewood Avenue, Suite 102, Ridgewood, NJ 07450","3","Adam","Prospect","active","HPO prospect import","Independent family doctor seeing all ages with named receptionist/medical-assistant workflow; likely direct access to the referral process.",,,,"{""source_prospect_id"":""28195b45-8321-4d16-9158-c524f8c12b43"",""original_fit_status"":""qualified"",""verification_status"":""verified""}","2026-09-28 17:05:37.624431+00","2026-09-28 17:05:37.624431+00",,,,"[""prospect"",""pcp""]","Hudson_Pro_Ridgewood_Primary_Care_Prospects.xlsx#S016","prospect:cda4670461e9628a96ede0747600d835",,"40.9776885","-74.1064716","2026-09-28 16:47:14.914+00"
"","a791c1de-1e1f-4215-9241-041d6e7719f9","Dr, Amer Syed","Primary Care","PCP","Hudson Waterfront","Jersey City","303 Grand Street, Jersey City, NJ 07302","3","Adam","Prospect","active","HPO prospect import",,,,,"{""priority"":""A - Visit First"",""provider"":""Hudson Medical Group"",""vein_fit"":""High"",""next_step"":""Visit/call this week; confirm referral contact and drop approved material"",""source_row"":195,""source_sheet"":""All PCP-Vein Targets"",""visit_status"":""Need to Visit"",""route_cluster"":""Hudson Waterfront"",""priority_score"":11,""source_workbook"":""NJ_PCP_Vein_Target_List_by_HPO.xlsx"",""geocode_provider"":""census"",""closest_hpo_office"":""Hoboken"",""source_prospect_id"":""bdbf0d9e-c10d-432c-b2b2-d4d84fe6d4fe"",""original_fit_status"":""qualified"",""verification_status"":""partial"",""geocode_last_attempt"":""2026-09-28T16:31:31.383Z"",""imported_for_hpo_crm"":""2026-09-28""}","2026-09-28 17:05:37.624431+00","2026-09-28 17:05:37.624431+00",,,,"[""prospect"",""pcp""]","NJ_PCP_Vein_Target_List_by_HPO.xlsx#All PCP-Vein Targets","prospect:fddc68cbf111a06ffd18e21895efe0cc",,"40.716360986128","-74.047614648877","2026-09-28 16:31:31.383+00"
"","fa6f365e-6858-4fbb-bc25-ff3317947472","Dr, Andrew Granas","Primary Care","PCP","Hudson Waterfront","Union City","3196 John F. Kennedy Blvd, Union City, NJ 07087","3","Adam","Prospect","active","HPO prospect import",,,,,"{""priority"":""A - Visit First"",""provider"":null,""vein_fit"":""High"",""next_step"":""Visit/call this week; confirm referral contact and drop approved material"",""source_row"":19,""source_sheet"":""All PCP-Vein Targets"",""visit_status"":""Need to Visit"",""route_cluster"":""Hudson Waterfront"",""priority_score"":11,""source_workbook"":""NJ_PCP_Vein_Target_List_by_HPO.xlsx"",""geocode_provider"":""census"",""closest_hpo_office"":""Hoboken"",""source_prospect_id"":""626adacc-d6eb-41fe-9dc9-388de31e80fb"",""original_fit_status"":""qualified"",""verification_status"":""partial"",""geocode_last_attempt"":""2026-09-28T16:32:29.360Z"",""imported_for_hpo_crm"":""2026-09-28""}","2026-09-28 17:05:37.624431+00","2026-09-28 17:05:37.624431+00",,,,"[""prospect"",""pcp""]","NJ_PCP_Vein_Target_List_by_HPO.xlsx#All PCP-Vein Targets","prospect:a9c9d591f3f9a7ec17891acee6fbabe4",,"40.775034394123","-74.032830851432","2026-09-28 16:32:29.361+00"
"","815be0a1-c5e0-4b0f-ae54-f05c5a8a1918","Dr. Abaid Choudhry/Dr. Muhammad Choudhry","Primary Care","PCP","Hudson Waterfront","Jersey City","2787 John D Kennedy Blvd, Jersey City, NJ 07306","3","Adam","Prospect","active","HPO prospect import",,,,,"{""priority"":""A - Visit First"",""provider"":""Sahara Medical Associates"",""vein_fit"":""High"",""next_step"":""Visit/call this week; confirm referral contact and drop approved material"",""source_row"":184,""source_sheet"":""All PCP-Vein Targets"",""visit_status"":""Need to Visit"",""route_cluster"":""Hudson Waterfront"",""priority_score"":11,""source_workbook"":""NJ_PCP_Vein_Target_List_by_HPO.xlsx"",""geocode_provider"":""census"",""closest_hpo_office"":""Hoboken"",""source_prospect_id"":""d76dca9d-094e-4eb5-b111-39b1b7816ef3"",""original_fit_status"":""qualified"",""verification_status"":""partial"",""geocode_last_attempt"":""2026-09-28T16:31:31.385Z"",""imported_for_hpo_crm"":""2026-09-28""}","2026-09-28 17:05:37.624431+00","2026-09-28 17:05:37.624431+00",,,,"[""prospect"",""pcp""]","NJ_PCP_Vein_Target_List_by_HPO.xlsx#All PCP-Vein Targets","prospect:14bf39cb081c54cb8045c62c5f2d6c2b",,"40.731011134885","-74.068141050371","2026-09-28 16:31:31.385+00"
"","ec88341b-a01f-4462-86fa-f95a1164b235","Dr. Abassi","Primary Care","PCP","Newark / Essex","West Orange","72 Valley Rd West Orange","3","Adam","Prospect","active","HPO prospect import","Maya",,,,"{""priority"":""B - Strong Target"",""provider"":null,""vein_fit"":""High"",""next_step"":""Add to route; call first and schedule quick drop-in"",""source_row"":369,""source_sheet"":""All PCP-Vein Targets"",""visit_status"":""Need to Visit"",""route_cluster"":""Newark / Essex"",""priority_score"":9,""source_workbook"":""NJ_PCP_Vein_Target_List_by_HPO.xlsx"",""geocode_provider"":""census"",""closest_hpo_office"":""Newark"",""source_prospect_id"":""3a4c51b4-c17a-4656-a529-21a97ccefb39"",""original_fit_status"":""qualified"",""verification_status"":""partial"",""geocode_last_attempt"":""2026-09-28T16:32:32.628Z"",""imported_for_hpo_crm"":""2026-09-28""}","2026-09-28 17:05:37.624431+00","2026-09-28 17:05:37.624431+00",,,,"[""prospect"",""pcp""]","NJ_PCP_Vein_Target_List_by_HPO.xlsx#All PCP-Vein Targets","prospect:ba783c4d5d5f03321c392eb986dc3baa",,"40.764658714679","-74.252676041204","2026-09-28 16:32:32.628+00"
"","d8825877-0ec6-48d7-8e9e-4e67cb2a658f","Dr. Abbasi","Primary Care","PCP","Newark / Essex","Clifton","1300 Main Ave, Clifton, NJ 07011","3","Adam","Prospect","active","HPO prospect import",,,,,"{""priority"":""B - Strong Target"",""provider"":null,""vein_fit"":""High"",""next_step"":""Add to route; call first and schedule quick drop-in"",""source_row"":66,""source_sheet"":""All PCP-Vein Targets"",""visit_status"":""Need to Visit"",""route_cluster"":""Newark / Essex"",""priority_score"":8,""source_workbook"":""NJ_PCP_Vein_Target_List_by_HPO.xlsx"",""geocode_provider"":""photon"",""closest_hpo_office"":""Newark"",""source_prospect_id"":""67368a10-92b2-427e-b407-7b49eaff804d"",""original_fit_status"":""qualified"",""verification_status"":""partial"",""geocode_last_attempt"":""2026-09-28T16:33:47.323Z"",""imported_for_hpo_crm"":""2026-09-28""}","2026-09-28 17:05:37.624431+00","2026-09-28 17:05:37.624431+00",,,,"[""prospect"",""pcp""]","NJ_PCP_Vein_Target_List_by_HPO.xlsx#All PCP-Vein Targets","prospect:551daf7d2ef9f71cb04a0ab239f2be89",,"40.8749826","-74.1405873","2026-09-28 16:33:47.323+00"
"","478131b5-b244-4e09-abca-990cde19b38b","Dr. Abbie Jacobs","Primary Care","Family","Hudson Waterfront","Hoboken","122 Clinton Street, Hoboken, NJ 07030","3","Adam","Prospect","active","HPO prospect import",,,,,"{""priority"":""A - Visit First"",""provider"":null,""vein_fit"":""High"",""next_step"":""Visit/call this week; confirm referral contact and drop approved material"",""source_row"":55,""source_sheet"":""All PCP-Vein Targets"",""visit_status"":""Need to Visit"",""route_cluster"":""Hudson Waterfront"",""priority_score"":11,""source_workbook"":""NJ_PCP_Vein_Target_List_by_HPO.xlsx"",""geocode_provider"":""census"",""closest_hpo_office"":""Hoboken"",""source_prospect_id"":""04cf531c-559b-423e-8fda-e41484472ede"",""original_fit_status"":""qualified"",""verification_status"":""partial"",""geocode_last_attempt"":""2026-09-28T16:31:24.776Z"",""imported_for_hpo_crm"":""2026-09-28""}","2026-09-28 17:05:37.624431+00","2026-09-28 17:05:37.624431+00",,,,"[""prospect"",""pcp""]","NJ_PCP_Vein_Target_List_by_HPO.xlsx#All PCP-Vein Targets","prospect:ddaca957ba83da0482d41926b2ac6ab9",,"40.738558735848","-74.035400529831","2026-09-28 16:31:24.776+00"
"","9b738727-f312-4660-bf88-9b5f0f2b9478","Dr. Abdul Shahad","Primary Care","PCP","Newark / Essex","Bloomfield","135 Bloomfield Ave, Bloomfield, NJ 07003","3","Adam","Prospect","active","HPO prospect import",,,,,"{""priority"":""B - Strong Target"",""provider"":null,""vein_fit"":""High"",""next_step"":""Add to route; call first and schedule quick drop-in"",""source_row"":71,""source_sheet"":""All PCP-Vein Targets"",""visit_status"":""Need to Visit"",""route_cluster"":""Newark / Essex"",""priority_score"":9,""source_workbook"":""NJ_PCP_Vein_Target_List_by_HPO.xlsx"",""geocode_provider"":""census"",""closest_hpo_office"":""Newark"",""source_prospect_id"":""e78fb21f-2805-42f0-a568-b0e2efb67bd6"",""original_fit_status"":""qualified"",""verification_status"":""partial"",""geocode_last_attempt"":""2026-09-28T16:32:32.031Z"",""imported_for_hpo_crm"":""2026-09-28""}","2026-09-28 17:05:37.624431+00","2026-09-28 17:05:37.624431+00",,,,"[""prospect"",""pcp""]","NJ_PCP_Vein_Target_List_by_HPO.xlsx#All PCP-Vein Targets","prospect:0fd607435c9c8a96a12642380566ad90",,"40.777869330264","-74.188385091714","2026-09-28 16:32:32.032+00"
"","1e762ef0-3775-4e6b-ae3c-227aeef063f7","Dr. AHmed Seman","Primary Care","PCP","Hudson Waterfront","Jersey City","377 Jersey Ave, #590, Jersey City, NJ 07302","3","Adam","Prospect","active","HPO prospect import",,,,,"{""priority"":""A - Visit First"",""provider"":""Hudson County Primary Care"",""vein_fit"":""High"",""next_step"":""Visit/call this week; confirm referral contact and drop approved material"",""source_row"":239,""source_sheet"":""All PCP-Vein Targets"",""visit_status"":""Need to Visit"",""route_cluster"":""Hudson Waterfront"",""priority_score"":11,""source_workbook"":""NJ_PCP_Vein_Target_List_by_HPO.xlsx"",""geocode_provider"":""census"",""closest_hpo_office"":""Hoboken"",""source_prospect_id"":""1ae275d2-c1c5-4c19-8f4e-1548c7afc3c7"",""original_fit_status"":""qualified"",""verification_status"":""partial"",""geocode_last_attempt"":""2026-09-28T16:31:31.384Z"",""imported_for_hpo_crm"":""2026-09-28""}","2026-09-28 17:05:37.624431+00","2026-09-28 17:05:37.624431+00",,,,"[""prospect"",""pcp""]","NJ_PCP_Vein_Target_List_by_HPO.xlsx#All PCP-Vein Targets","prospect:92c10e4df40ba070ca9a8fbe2319e639",,"40.7159104342","-74.049373504964","2026-09-28 16:31:31.384+00"
"","a79436f8-0287-4754-81ce-71ade0604466","Dr. Albert E Lynch  MD","Primary Care","PCP","Newark / Essex","Montclair","48 N Fullerton Ave, Montclair, NJ 07042","3","Adam","Prospect","active","HPO prospect import",,,,,"{""priority"":""B - Strong Target"",""provider"":null,""vein_fit"":""High"",""next_step"":""Add to route; call first and schedule quick drop-in"",""source_row"":295,""source_sheet"":""All PCP-Vein Targets"",""visit_status"":""Need to Visit"",""route_cluster"":""Newark / Essex"",""priority_score"":8,""source_workbook"":""NJ_PCP_Vein_Target_List_by_HPO.xlsx"",""geocode_provider"":""census"",""closest_hpo_office"":""Newark"",""source_prospect_id"":""8dc3ccd7-770d-4c10-8dfb-c4f5ac0296fe"",""original_fit_status"":""qualified"",""verification_status"":""partial"",""geocode_last_attempt"":""2026-09-28T16:33:20.685Z"",""imported_for_hpo_crm"":""2026-09-28""}","2026-09-28 17:05:37.624431+00","2026-09-28 17:05:37.624431+00",,,,"[""prospect"",""pcp""]","NJ_PCP_Vein_Target_List_by_HPO.xlsx#All PCP-Vein Targets","prospect:ddf4126073d1468b3dfc211eede8134f",,"40.81622281746","-74.215833429158","2026-09-28 16:33:20.685+00"
"","bb218fcc-2146-44ce-9ebc-c1d7dd27f59e","Dr. Alexander Salerno","Primary Care","PCP","Newark / Essex","Newark","346 Roseville Ave, Newark, NJ 07107","3","Adam","Prospect","active","HPO prospect import",,,,,"{""priority"":""A - Visit First"",""provider"":null,""vein_fit"":""High"",""next_step"":""Visit/call this week; confirm referral contact and drop approved material"",""source_row"":225,""source_sheet"":""All PCP-Vein Targets"",""visit_status"":""Need to Visit"",""route_cluster"":""Newark / Essex"",""priority_score"":12,""source_workbook"":""NJ_PCP_Vein_Target_List_by_HPO.xlsx"",""geocode_provider"":""census"",""closest_hpo_office"":""Newark"",""source_prospect_id"":""a715a3a1-c74f-42ad-932f-f8913b79cf2b"",""original_fit_status"":""qualified"",""verification_status"":""partial"",""geocode_last_attempt"":""2026-09-28T16:32:30.603Z"",""imported_for_hpo_crm"":""2026-09-28""}","2026-09-28 17:05:37.624431+00","2026-09-28 17:05:37.624431+00",,,,"[""prospect"",""pcp""]","NJ_PCP_Vein_Target_List_by_HPO.xlsx#All PCP-Vein Targets","prospect:bd1fd0d86a7579c84d9d983f14a5de74",,"40.762627444284","-74.187503420995","2026-09-28 16:32:30.603+00"
"","51db0102-76ff-4c97-8b0f-f15ebe9f2e0e","Dr. Alfed Mauro","Primary Care","PCP","Hudson Waterfront","Jersey City","377 Jersey Ave, #220, Jersey City, NJ 07302","3","Adam","Prospect","active","HPO prospect import",,,,,"{""priority"":""A - Visit First"",""provider"":""Liberty Medical Associates"",""vein_fit"":""High"",""next_step"":""Visit/call this week; confirm referral contact and drop approved material"",""source_row"":238,""source_sheet"":""All PCP-Vein Targets"",""visit_status"":""Need to Visit"",""route_cluster"":""Hudson Waterfront"",""priority_score"":11,""source_workbook"":""NJ_PCP_Vein_Target_List_by_HPO.xlsx"",""geocode_provider"":""census"",""closest_hpo_office"":""Hoboken"",""source_prospect_id"":""1259b2c3-05e6-4d47-a150-f2b85d0083c1"",""original_fit_status"":""qualified"",""verification_status"":""partial"",""geocode_last_attempt"":""2026-09-28T16:31:31.377Z"",""imported_for_hpo_crm"":""2026-09-28""}","2026-09-28 17:05:37.624431+00","2026-09-28 17:05:37.624431+00",,,,"[""prospect"",""pcp""]","NJ_PCP_Vein_Target_List_by_HPO.xlsx#All PCP-Vein Targets","prospect:f26a94a98eb089e7a793b2d96cf20eb6",,"40.7159104342","-74.049373504964","2026-09-28 16:31:31.378+00"
"","d848fac0-dd16-49f2-a303-5da8655d6fd0","Dr. Ali Sabia","Primary Care","PCP","Hudson Waterfront","Jersey City","143-133 River Drive S, Jersey City, NJ 07310","3","Adam","Prospect","active","HPO prospect import",,,,,"{""priority"":""A - Visit First"",""provider"":""Carepoint"",""vein_fit"":""High"",""next_step"":""Visit/call this week; confirm referral contact and drop approved material"",""source_row"":78,""source_sheet"":""All PCP-Vein Targets"",""visit_status"":""Need to Visit"",""route_cluster"":""Hudson Waterfront"",""priority_score"":11,""source_workbook"":""NJ_PCP_Vein_Target_List_by_HPO.xlsx"",""geocode_provider"":""photon"",""closest_hpo_office"":""Hoboken"",""source_prospect_id"":""af70808a-3323-4834-abcc-329cd43c5f13"",""original_fit_status"":""qualified"",""verification_status"":""partial"",""geocode_last_attempt"":""2026-09-28T16:31:37.385Z"",""imported_for_hpo_crm"":""2026-09-28""}","2026-09-28 17:05:37.624431+00","2026-09-28 17:05:37.624431+00",,,,"[""prospect"",""pcp""]","NJ_PCP_Vein_Target_List_by_HPO.xlsx#All PCP-Vein Targets","prospect:4e3995ca5962a3786f0292b172145196",,"40.7300515","-74.0319689","2026-09-28 16:31:37.385+00"
"","222ef2e4-b2cd-419a-ac0f-953a81329f22","Dr. Amy Park, Corazon Veolza","Primary Care","Family Practice","Hudson Waterfront","Union City","714 31st St, Union City, NJ 070872427","3","Adam","Prospect","active","HPO prospect import",,,,,"{""priority"":""A - Visit First"",""provider"":""Hudson County Community Action"",""vein_fit"":""High"",""next_step"":""Visit/call this week; confirm referral contact and drop approved material"",""source_row"":14,""source_sheet"":""All PCP-Vein Targets"",""visit_status"":""Need to Visit"",""route_cluster"":""Hudson Waterfront"",""priority_score"":11,""source_workbook"":""NJ_PCP_Vein_Target_List_by_HPO.xlsx"",""geocode_provider"":""census"",""closest_hpo_office"":""Hoboken"",""source_prospect_id"":""79007ee7-84d2-4d8b-83d1-c49ed74c27b7"",""original_fit_status"":""qualified"",""verification_status"":""partial"",""geocode_last_attempt"":""2026-09-28T16:32:29.363Z"",""imported_for_hpo_crm"":""2026-09-28""}","2026-09-28 17:05:37.624431+00","2026-09-28 17:05:37.624431+00",,,,"[""prospect"",""pcp""]","NJ_PCP_Vein_Target_List_by_HPO.xlsx#All PCP-Vein Targets","prospect:52c3d850aed3886503f0486955c098c6",,"40.772826151487","-74.031950064836","2026-09-28 16:32:29.363+00"
"","ffd47bbc-f4f2-443b-b467-a05d8a478615","Dr. Anjali Choudhary","Primary Care","PCP","Hudson Waterfront","Jersey City","550 Newark Ave, Ste 406, Jersey City, NJ 07306","3","Adam","Prospect","active","HPO prospect import",,,,,"{""priority"":""A - Visit First"",""provider"":null,""vein_fit"":""High"",""next_step"":""Visit/call this week; confirm referral contact and drop approved material"",""source_row"":324,""source_sheet"":""All PCP-Vein Targets"",""visit_status"":""Need to Visit"",""route_cluster"":""Hudson Waterfront"",""priority_score"":11,""source_workbook"":""NJ_PCP_Vein_Target_List_by_HPO.xlsx"",""geocode_provider"":""census"",""closest_hpo_office"":""Hoboken"",""source_prospect_id"":""b9c1301b-4b52-452a-9ac0-441c5035aa33"",""original_fit_status"":""qualified"",""verification_status"":""partial"",""geocode_last_attempt"":""2026-09-28T16:31:31.382Z"",""imported_for_hpo_crm"":""2026-09-28""}","2026-09-28 17:05:37.624431+00","2026-09-28 17:05:37.624431+00",,,,"[""prospect"",""pcp""]","NJ_PCP_Vein_Target_List_by_HPO.xlsx#All PCP-Vein Targets","prospect:fd55c4f47c380b98b103a89e78b55461",,"40.73118407225","-74.056230907473","2026-09-28 16:31:31.382+00"
"","652c357c-7453-4e18-9123-ace7e92d3857","Dr. Anthony P Macarthy","Primary Care","PCP","Newark / Essex","Verona","799 Bloomfield Ave","3","Adam","Prospect","active","HPO prospect import",,,,,"{""priority"":""B - Strong Target"",""provider"":null,""vein_fit"":""High"",""next_step"":""Add to route; call first and schedule quick drop-in"",""source_row"":381,""source_sheet"":""All PCP-Vein Targets"",""visit_status"":""Need to Visit"",""route_cluster"":""Newark / Essex"",""priority_score"":8,""source_workbook"":""NJ_PCP_Vein_Target_List_by_HPO.xlsx"",""geocode_provider"":""photon"",""closest_hpo_office"":""Newark"",""source_prospect_id"":""14f4bc34-ff18-41ab-8f78-97d0de51b409"",""original_fit_status"":""qualified"",""verification_status"":""partial"",""geocode_last_attempt"":""2026-09-28T16:33:35.452Z"",""imported_for_hpo_crm"":""2026-09-28""}","2026-09-28 17:05:37.624431+00","2026-09-28 17:05:37.624431+00",,,,"[""prospect"",""pcp""]","NJ_PCP_Vein_Target_List_by_HPO.xlsx#All PCP-Vein Targets","prospect:f1bf23d165c3ec271fd7c7fcf2417f38",,"40.8339491","-74.2531037","2026-09-28 16:33:35.452+00"
"","6df50cc7-9e3a-4f9d-b858-e6d3563e7133","Dr. Arie Rave","Primary Care","PCP","Bergen / Passaic","Ridgewood","1250 E Ridgewood Ave, Ridgewood, NJ 07450","3","Adam","Prospect","active","HPO prospect import",,,,,"{""priority"":""A - Visit First"",""provider"":null,""vein_fit"":""High"",""next_step"":""Visit/call this week; confirm referral contact and drop approved material"",""source_row"":58,""source_sheet"":""All PCP-Vein Targets"",""visit_status"":""Need to Visit"",""route_cluster"":""Bergen / Passaic"",""priority_score"":10,""source_workbook"":""NJ_PCP_Vein_Target_List_by_HPO.xlsx"",""geocode_provider"":""census"",""closest_hpo_office"":""Ridgewood"",""source_prospect_id"":""baa6cef6-b455-4704-8da1-233d65cf4e19"",""original_fit_status"":""qualified"",""verification_status"":""partial"",""geocode_last_attempt"":""2026-09-28T16:32:31.455Z"",""imported_for_hpo_crm"":""2026-09-28""}","2026-09-28 17:05:37.624431+00","2026-09-28 17:05:37.624431+00",,,,"[""prospect"",""pcp""]","NJ_PCP_Vein_Target_List_by_HPO.xlsx#All PCP-Vein Targets","prospect:f52190e09e44cd92e7b6ad0ddfcf48c9",,"40.973018116486","-74.093516634731","2026-09-28 16:32:31.455+00"
"","1c467fed-e1a2-4a19-9e8a-19fb23bd1b39","Dr. Arlene A. Hallegado","Primary Care","PCP","Newark / Essex","Newark","154 Van Buren St, Newark, NJ 07105","3","Adam","Prospect","active","HPO prospect import",,,,,"{""priority"":""A - Visit First"",""provider"":null,""vein_fit"":""High"",""next_step"":""Visit/call this week; confirm referral contact and drop approved material"",""source_row"":88,""source_sheet"":""All PCP-Vein Targets"",""visit_status"":""Need to Visit"",""route_cluster"":""Newark / Essex"",""priority_score"":13,""source_workbook"":""NJ_PCP_Vein_Target_List_by_HPO.xlsx"",""geocode_provider"":""census"",""closest_hpo_office"":""Newark"",""source_prospect_id"":""a5e15658-53d9-4839-8125-c8e8ea656c63"",""original_fit_status"":""qualified"",""verification_status"":""partial"",""geocode_last_attempt"":""2026-09-28T16:32:30.895Z"",""imported_for_hpo_crm"":""2026-09-28""}","2026-09-28 17:05:37.624431+00","2026-09-28 17:05:37.624431+00",,,,"[""prospect"",""pcp""]","NJ_PCP_Vein_Target_List_by_HPO.xlsx#All PCP-Vein Targets","prospect:e933f4e2f3a67c6e75721537c66ab875",,"40.727284080066","-74.157863867608","2026-09-28 16:32:30.895+00"
"","2c9692a4-3d6d-4e71-85ae-3e6f3fdd1904","Dr. Ausherto McKinney","Primary Care","PCP","Hudson Waterfront","Union City","4201 New York Ave, Union City, NJ 07087","3","Adam","Prospect","active","HPO prospect import",,,,,"{""priority"":""A - Visit First"",""provider"":null,""vein_fit"":""High"",""next_step"":""Visit/call this week; confirm referral contact and drop approved material"",""source_row"":273,""source_sheet"":""All PCP-Vein Targets"",""visit_status"":""Need to Visit"",""route_cluster"":""Hudson Waterfront"",""priority_score"":11,""source_workbook"":""NJ_PCP_Vein_Target_List_by_HPO.xlsx"",""geocode_provider"":""census"",""closest_hpo_office"":""Hoboken"",""source_prospect_id"":""f5b61d4d-1d82-4999-a959-9435f34342d4"",""original_fit_status"":""qualified"",""verification_status"":""partial"",""geocode_last_attempt"":""2026-09-28T16:32:29.350Z"",""imported_for_hpo_crm"":""2026-09-28""}","2026-09-28 17:05:37.624431+00","2026-09-28 17:05:37.624431+00",,,,"[""prospect"",""pcp""]","NJ_PCP_Vein_Target_List_by_HPO.xlsx#All PCP-Vein Targets","prospect:73e1710c90604e1d684aaa629e958e3b",,"40.777037449719","-74.023930831208","2026-09-28 16:32:29.35+00"
"","69af0446-4cf2-40c4-a09f-4105791d1d29","Dr. Becker","Primary Care","PCP","Newark / Essex","West Orange","667 Eagle Rock Ave, West Orange, NJ 07052","3","Adam","Prospect","active","HPO prospect import",,,,,"{""priority"":""B - Strong Target"",""provider"":null,""vein_fit"":""High"",""next_step"":""Add to route; call first and schedule quick drop-in"",""source_row"":358,""source_sheet"":""All PCP-Vein Targets"",""visit_status"":""Need to Visit"",""route_cluster"":""Newark / Essex"",""priority_score"":8,""source_workbook"":""NJ_PCP_Vein_Target_List_by_HPO.xlsx"",""geocode_provider"":""census"",""closest_hpo_office"":""Newark"",""source_prospect_id"":""a50437f3-9239-4404-b5a2-b7f6ac0c343d"",""original_fit_status"":""qualified"",""verification_status"":""partial"",""geocode_last_attempt"":""2026-09-28T16:32:32.609Z"",""imported_for_hpo_crm"":""2026-09-28""}","2026-09-28 17:05:37.624431+00","2026-09-28 17:05:37.624431+00",,,,"[""prospect"",""pcp""]","NJ_PCP_Vein_Target_List_by_HPO.xlsx#All PCP-Vein Targets","prospect:56ba20c42d8e81ba3db36ad37c8de267",,"40.810717276625","-74.261956614564","2026-09-28 16:32:32.609+00"
"","8d73c429-d4e7-4053-80e8-fc3962a1f9ef","Dr. Benitez Olga","Primary Care","PCP","Hudson Waterfront","Union City","411 43rd St, Union City, NJ 07087","3","Adam","Prospect","active","HPO prospect import",,,,,"{""priority"":""A - Visit First"",""provider"":null,""vein_fit"":""High"",""next_step"":""Visit/call this week; confirm referral contact and drop approved material"",""source_row"":261,""source_sheet"":""All PCP-Vein Targets"",""visit_status"":""Need to Visit"",""route_cluster"":""Hudson Waterfront"",""priority_score"":10,""source_workbook"":""NJ_PCP_Vein_Target_List_by_HPO.xlsx"",""geocode_provider"":""census"",""closest_hpo_office"":""Hoboken"",""source_prospect_id"":""973963c6-d0a2-442b-9777-61a5f583fa4b"",""original_fit_status"":""qualified"",""verification_status"":""partial"",""geocode_last_attempt"":""2026-09-28T16:32:29.676Z"",""imported_for_hpo_crm"":""2026-09-28""}","2026-09-28 17:05:37.624431+00","2026-09-28 17:05:37.624431+00",,,,"[""prospect"",""pcp""]","NJ_PCP_Vein_Target_List_by_HPO.xlsx#All PCP-Vein Targets","prospect:d440543f08e433bc63b76ae784633231",,"40.777569537363","-74.023659514973","2026-09-28 16:32:29.676+00"
"","17aa1f46-efab-4927-825e-40324b6a752b","Dr. Benjamin Sabido","Primary Care","PCP","Hudson Waterfront","Union City","151 48th St, Union City, NJ 07087","3","Adam","Prospect","active","HPO prospect import",,,,,"{""priority"":""A - Visit First"",""provider"":null,""vein_fit"":""High"",""next_step"":""Visit/call this week; confirm referral contact and drop approved material"",""source_row"":87,""source_sheet"":""All PCP-Vein Targets"",""visit_status"":""Need to Visit"",""route_cluster"":""Hudson Waterfront"",""priority_score"":11,""source_workbook"":""NJ_PCP_Vein_Target_List_by_HPO.xlsx"",""geocode_provider"":""census"",""closest_hpo_office"":""Hoboken"",""source_prospect_id"":""a6dcb406-9ef3-49bf-8eef-d444b36780ff"",""original_fit_status"":""qualified"",""verification_status"":""partial"",""geocode_last_attempt"":""2026-09-28T16:32:29.668Z"",""imported_for_hpo_crm"":""2026-09-28""}","2026-09-28 17:05:37.624431+00","2026-09-28 17:05:37.624431+00",,,,"[""prospect"",""pcp""]","NJ_PCP_Vein_Target_List_by_HPO.xlsx#All PCP-Vein Targets","prospect:ec699fe45434ab5f854b0931217544df",,"40.779549193976","-74.017484434055","2026-09-28 16:32:29.668+00"
"","d191c9ce-1a3e-44eb-a70a-765c4e30cf55","Dr. Bertha Mayorquin","Primary Care","PCP","Hudson Waterfront","Jersey City","1825 John F Kennedy Blvd, Jersey City, NJ 07305","3","Adam","Prospect","active","HPO prospect import",,,,,"{""priority"":""A - Visit First"",""provider"":null,""vein_fit"":""High"",""next_step"":""Visit/call this week; confirm referral contact and drop approved material"",""source_row"":100,""source_sheet"":""All PCP-Vein Targets"",""visit_status"":""Need to Visit"",""route_cluster"":""Hudson Waterfront"",""priority_score"":11,""source_workbook"":""NJ_PCP_Vein_Target_List_by_HPO.xlsx"",""geocode_provider"":""census"",""closest_hpo_office"":""Hoboken"",""source_prospect_id"":""1c5f0f7b-c38f-44bf-897a-e55a26f309e0"",""original_fit_status"":""qualified"",""verification_status"":""partial"",""geocode_last_attempt"":""2026-09-28T16:31:31.386Z"",""imported_for_hpo_crm"":""2026-09-28""}","2026-09-28 17:05:37.624431+00","2026-09-28 17:05:37.624431+00",,,,"[""prospect"",""pcp""]","NJ_PCP_Vein_Target_List_by_HPO.xlsx#All PCP-Vein Targets","prospect:e6f4facd4729b364a55dbb4fe83dce1f",,"40.702462993936","-74.091760684431","2026-09-28 16:31:31.386+00"
"","4dcc6f1d-aa26-48ad-a872-9479fcfee17e","Dr. Cadoo","Primary Care","PCP","Newark / Essex","Montclair","66 Park St, Montclair, NJ 07042","3","Adam","Prospect","active","HPO prospect import",,,,,"{""priority"":""B - Strong Target"",""provider"":null,""vein_fit"":""High"",""next_step"":""Add to route; call first and schedule quick drop-in"",""source_row"":357,""source_sheet"":""All PCP-Vein Targets"",""visit_status"":""Need to Visit"",""route_cluster"":""Newark / Essex"",""priority_score"":9,""source_workbook"":""NJ_PCP_Vein_Target_List_by_HPO.xlsx"",""geocode_provider"":""census"",""closest_hpo_office"":""Newark"",""source_prospect_id"":""aa8786ed-e006-47e0-a321-014253a01c94"",""original_fit_status"":""qualified"",""verification_status"":""partial"",""geocode_last_attempt"":""2026-09-28T16:33:20.693Z"",""imported_for_hpo_crm"":""2026-09-28""}","2026-09-28 17:05:37.624431+00","2026-09-28 17:05:37.624431+00",,,,"[""prospect"",""pcp""]","NJ_PCP_Vein_Target_List_by_HPO.xlsx#All PCP-Vein Targets","prospect:bc68738113c53feb0ff2fc88f81c85a2",,"40.818313679088","-74.21614126822","2026-09-28 16:33:20.693+00"
"","345d66fb-1b0f-4c2a-a9c4-a1121d417338","Dr. Chicara Bianca","Primary Care","PCP","Hudson Waterfront","Hoboken","133 Madison Street, Hoboken, NJ 07030","3","Adam","Prospect","active","HPO prospect import",,,,,"{""priority"":""A - Visit First"",""provider"":""Hoboken Family Medicine"",""vein_fit"":""High"",""next_step"":""Visit/call this week; confirm referral contact and drop approved material"",""source_row"":68,""source_sheet"":""All PCP-Vein Targets"",""visit_status"":""Need to Visit"",""route_cluster"":""Hudson Waterfront"",""priority_score"":11,""source_workbook"":""NJ_PCP_Vein_Target_List_by_HPO.xlsx"",""geocode_provider"":""census"",""closest_hpo_office"":""Hoboken"",""source_prospect_id"":""32a92b09-a8fe-4bd2-a818-c1f4effd9794"",""original_fit_status"":""qualified"",""verification_status"":""partial"",""geocode_last_attempt"":""2026-09-28T16:31:00.846Z"",""imported_for_hpo_crm"":""2026-09-28""}","2026-09-28 17:05:37.624431+00","2026-09-28 17:05:37.624431+00",,,,"[""prospect"",""pcp""]","NJ_PCP_Vein_Target_List_by_HPO.xlsx#All PCP-Vein Targets","prospect:bcb52035b42d00ba68d3c57fb6659b7d",,"40.739307607325","-74.038969059237","2026-09-28 16:31:00.846+00"
"","74744a51-d601-489b-9315-6ed57657f95d","Dr. David Nitti","Primary Care","PCP","Bergen / Passaic","Hawthorne","179 Lafayette Ave, Hawthorne, NJ 07506","3","Adam","Prospect","active","HPO prospect import",,,,,"{""priority"":""A - Visit First"",""provider"":null,""vein_fit"":""High"",""next_step"":""Visit/call this week; confirm referral contact and drop approved material"",""source_row"":344,""source_sheet"":""All PCP-Vein Targets"",""visit_status"":""Need to Visit"",""route_cluster"":""Bergen / Passaic"",""priority_score"":11,""source_workbook"":""NJ_PCP_Vein_Target_List_by_HPO.xlsx"",""geocode_provider"":""census"",""closest_hpo_office"":""Ridgewood"",""source_prospect_id"":""a1217853-d5d0-4cec-88ce-da46ed582fb2"",""original_fit_status"":""qualified"",""verification_status"":""partial"",""geocode_last_attempt"":""2026-09-28T16:32:31.444Z"",""imported_for_hpo_crm"":""2026-09-28""}","2026-09-28 17:05:37.624431+00","2026-09-28 17:05:37.624431+00",,,,"[""prospect"",""pcp""]","NJ_PCP_Vein_Target_List_by_HPO.xlsx#All PCP-Vein Targets","prospect:2cca1bdba895deb442de4ed0ffe9f557",,"40.944379209126","-74.15541559075","2026-09-28 16:32:31.444+00"
"","e43a89a9-d73f-49e5-8736-e793657e82fe","Dr. De La Cruz","Primary Care","PCP","Newark / Essex","Clifton","1137 Main Ave, Clifton, NJ 07011","3","Adam","Prospect","active","HPO prospect import",,,,,"{""priority"":""B - Strong Target"",""provider"":null,""vein_fit"":""High"",""next_step"":""Add to route; call first and schedule quick drop-in"",""source_row"":50,""source_sheet"":""All PCP-Vein Targets"",""visit_status"":""Need to Visit"",""route_cluster"":""Newark / Essex"",""priority_score"":8,""source_workbook"":""NJ_PCP_Vein_Target_List_by_HPO.xlsx"",""geocode_provider"":""census"",""closest_hpo_office"":""Newark"",""source_prospect_id"":""707bdffd-1183-43bb-ae5d-426c66878780"",""original_fit_status"":""qualified"",""verification_status"":""partial"",""geocode_last_attempt"":""2026-09-28T16:33:47.479Z"",""imported_for_hpo_crm"":""2026-09-28""}","2026-09-28 17:05:37.624431+00","2026-09-28 17:05:37.624431+00",,,,"[""prospect"",""pcp""]","NJ_PCP_Vein_Target_List_by_HPO.xlsx#All PCP-Vein Targets","prospect:a6051e434b0a99f206e3efe4c0e75a40",,"40.874956770432","-74.139319486566","2026-09-28 16:33:47.479+00"
"","918ecbb3-3941-4869-a72f-45dce654f5d0","Dr. Deen","Primary Care","PCP","Newark / Essex","West Orange","72 Valley Rd West Orange","3","Adam","Prospect","active","HPO prospect import","Melissa",,,,"{""priority"":""B - Strong Target"",""provider"":null,""vein_fit"":""High"",""next_step"":""Add to route; call first and schedule quick drop-in"",""source_row"":368,""source_sheet"":""All PCP-Vein Targets"",""visit_status"":""Need to Visit"",""route_cluster"":""Newark / Essex"",""priority_score"":9,""source_workbook"":""NJ_PCP_Vein_Target_List_by_HPO.xlsx"",""geocode_provider"":""census"",""closest_hpo_office"":""Newark"",""source_prospect_id"":""5570814b-f69f-480d-9028-06bfa94bac89"",""original_fit_status"":""qualified"",""verification_status"":""partial"",""geocode_last_attempt"":""2026-09-28T16:32:32.637Z"",""imported_for_hpo_crm"":""2026-09-28""}","2026-09-28 17:05:37.624431+00","2026-09-28 17:05:37.624431+00",,,,"[""prospect"",""pcp""]","NJ_PCP_Vein_Target_List_by_HPO.xlsx#All PCP-Vein Targets","prospect:0f4aeefbdd159e41a4f7a2b4a4602aca",,"40.764658714679","-74.252676041204","2026-09-28 16:32:32.637+00"
"","59e9f3e2-739a-4926-ae97-edd34e3a860e","Dr. Denia Perez","Primary Care","PCP","Newark / Essex","Clifton","474 Clifton Ave, Clifton, NJ 07011","3","Adam","Prospect","active","HPO prospect import",,,,,"{""priority"":""B - Strong Target"",""provider"":null,""vein_fit"":""High"",""next_step"":""Add to route; call first and schedule quick drop-in"",""source_row"":293,""source_sheet"":""All PCP-Vein Targets"",""visit_status"":""Need to Visit"",""route_cluster"":""Newark / Essex"",""priority_score"":8,""source_workbook"":""NJ_PCP_Vein_Target_List_by_HPO.xlsx"",""geocode_provider"":""census"",""closest_hpo_office"":""Newark"",""source_prospect_id"":""756d8454-ec71-4e3f-988c-a55ca5c57f93"",""original_fit_status"":""qualified"",""verification_status"":""partial"",""geocode_last_attempt"":""2026-09-28T16:33:47.468Z"",""imported_for_hpo_crm"":""2026-09-28""}","2026-09-28 17:05:37.624431+00","2026-09-28 17:05:37.624431+00",,,,"[""prospect"",""pcp""]","NJ_PCP_Vein_Target_List_by_HPO.xlsx#All PCP-Vein Targets","prospect:15a5bad13ac52300a5bf7111cc788bed",,"40.874211907568","-74.146087627728","2026-09-28 16:33:47.468+00"
"","e0c897a1-75ff-49de-ace7-ff259829a2af","Dr. Denia Perez","Primary Care","PCP","Bergen / Passaic","Paterson","32 Hine St, Paterson, NJ 07503","3","Adam","Prospect","active","HPO prospect import",,,,,"{""priority"":""B - Strong Target"",""provider"":null,""vein_fit"":""High"",""next_step"":""Add to route; call first and schedule quick drop-in"",""source_row"":214,""source_sheet"":""All PCP-Vein Targets"",""visit_status"":""Need to Visit"",""route_cluster"":""Bergen / Passaic"",""priority_score"":9,""source_workbook"":""NJ_PCP_Vein_Target_List_by_HPO.xlsx"",""geocode_provider"":""census"",""closest_hpo_office"":""Ridgewood"",""source_prospect_id"":""5b926eaa-feae-4ebd-98f9-4f58b056a2b9"",""original_fit_status"":""qualified"",""verification_status"":""partial"",""geocode_last_attempt"":""2026-09-28T16:33:54.652Z"",""imported_for_hpo_crm"":""2026-09-28""}","2026-09-28 17:05:37.624431+00","2026-09-28 17:05:37.624431+00",,,,"[""prospect"",""pcp""]","NJ_PCP_Vein_Target_List_by_HPO.xlsx#All PCP-Vein Targets","prospect:70a1ac0543e60c8b08a7d6f7849cf6d7",,"40.901839269009","-74.166995319108","2026-09-28 16:33:54.652+00"
"","33538672-40b4-42ef-8f95-3a79807019a8","Dr. Denise Daub","Primary Care","PCP","Hudson Waterfront","Union City","1808 John F. Kennedy Blvd ste. #1, Union City, NJ 07087","3","Adam","Prospect","active","HPO prospect import",,,,,"{""priority"":""A - Visit First"",""provider"":null,""vein_fit"":""High"",""next_step"":""Visit/call this week; confirm referral contact and drop approved material"",""source_row"":97,""source_sheet"":""All PCP-Vein Targets"",""visit_status"":""Need to Visit"",""route_cluster"":""Hudson Waterfront"",""priority_score"":11,""source_workbook"":""NJ_PCP_Vein_Target_List_by_HPO.xlsx"",""geocode_provider"":""census"",""closest_hpo_office"":""Hoboken"",""source_prospect_id"":""30d68684-ee3e-4f0a-bd89-1ec249e4fa92"",""original_fit_status"":""qualified"",""verification_status"":""partial"",""geocode_last_attempt"":""2026-09-28T16:32:29.645Z"",""imported_for_hpo_crm"":""2026-09-28""}","2026-09-28 17:05:37.624431+00","2026-09-28 17:05:37.624431+00",,,,"[""prospect"",""pcp""]","NJ_PCP_Vein_Target_List_by_HPO.xlsx#All PCP-Vein Targets","prospect:88c428838a88ccfc7d2dfbdaf46738fa",,"40.766620439237","-74.041965763205","2026-09-28 16:32:29.645+00"
"","79156788-c1bb-40df-acd8-466f7ed6beeb","Dr. Dilruba Khanam/Dr. Kibrea","Primary Care","PCP","Hudson Waterfront","Jersey City","1809 John F Kennedy Blvd W, Jersey City, NJ 07305","3","Adam","Prospect","active","HPO prospect import",,,,,"{""priority"":""A - Visit First"",""provider"":""Bayfront Medical Associates"",""vein_fit"":""High"",""next_step"":""Visit/call this week; confirm referral contact and drop approved material"",""source_row"":98,""source_sheet"":""All PCP-Vein Targets"",""visit_status"":""Need to Visit"",""route_cluster"":""Hudson Waterfront"",""priority_score"":11,""source_workbook"":""NJ_PCP_Vein_Target_List_by_HPO.xlsx"",""geocode_provider"":""census"",""closest_hpo_office"":""Hoboken"",""source_prospect_id"":""2b1ddc72-5f4f-4267-980b-e6cfed5f2ba4"",""original_fit_status"":""qualified"",""verification_status"":""partial"",""geocode_last_attempt"":""2026-09-28T16:31:31.383Z"",""imported_for_hpo_crm"":""2026-09-28""}","2026-09-28 17:05:37.624431+00","2026-09-28 17:05:37.624431+00",,,,"[""prospect"",""pcp""]","NJ_PCP_Vein_Target_List_by_HPO.xlsx#All PCP-Vein Targets","prospect:cbfe8f821ef2ac28ac8001abf6837da3",,"40.70213364003","-74.092153049817","2026-09-28 16:31:31.383+00"
"","5aa58f1d-de2d-410e-a01e-4365a361e63f","Dr. Dominico Rotoli","Primary Care","PCP","Bergen Waterfront","Edgewater","103 River Rd, Edgewater, NJ 07020","3","Adam","Prospect","active","HPO prospect import","Last field visit 9/3/2026: no vein focus; keep as a general PCP relationship prospect rather than vein target.","2026-09-03 12:00:00+00","Nurture as a general PCP relationship; not a vein target",,"{""priority"":""A - Visit First"",""provider"":null,""vein_fit"":""High"",""next_step"":""Visit/call this week; confirm referral contact and drop approved material"",""source_row"":34,""visit_note"":""No vein focus; general PCP relationship only."",""source_sheet"":""All PCP-Vein Targets"",""visit_status"":""Need to Visit"",""route_cluster"":""Bergen Waterfront"",""priority_score"":10,""source_workbook"":""NJ_PCP_Vein_Target_List_by_HPO.xlsx"",""geocode_provider"":""census"",""last_field_visit"":""2026-09-03"",""closest_hpo_office"":""Edgewater"",""source_prospect_id"":""0160932a-e637-4903-996d-cd187f3e7910"",""original_fit_status"":""qualified"",""verification_status"":""partial"",""geocode_last_attempt"":""2026-09-28T16:31:24.790Z"",""imported_for_hpo_crm"":""2026-09-28""}","2026-09-28 17:05:37.624431+00","2026-09-28 17:12:50.606606+00",,,,"[""prospect"",""pcp""]","NJ_PCP_Vein_Target_List_by_HPO.xlsx#All PCP-Vein Targets","prospect:98c6afea38b9035ebb4f82f77fee6c53",,"40.806221835116","-73.991425742407","2026-09-28 16:31:24.79+00"
"","f25a0183-2d05-4a57-974e-7689b1172e16","Dr. Eduardo W. Samaniego","Primary Care","PCP","Newark / Essex","Newark","76 Prospect St, Newark, NJ 07105","3","Adam","Prospect","active","HPO prospect import","Last field visit 8/28/2026: prior lunch relationship; left/used cards and continue relationship follow-up.","2026-08-28 12:00:00+00","Continue relationship follow-up using the prior lunch relationship",,"{""priority"":""A - Visit First"",""provider"":null,""vein_fit"":""High"",""next_step"":""Visit/call this week; confirm referral contact and drop approved material"",""source_row"":16,""visit_note"":""Prior lunch relationship; cards/materials and relationship follow-up."",""source_sheet"":""All PCP-Vein Targets"",""visit_status"":""Need to Visit"",""route_cluster"":""Newark / Essex"",""priority_score"":13,""source_workbook"":""NJ_PCP_Vein_Target_List_by_HPO.xlsx"",""geocode_provider"":""census"",""last_field_visit"":""2026-08-28"",""closest_hpo_office"":""Newark"",""source_prospect_id"":""b45b3478-28d2-43a7-bace-7d35f41ca7b9"",""original_fit_status"":""qualified"",""verification_status"":""partial"",""geocode_last_attempt"":""2026-09-28T16:32:30.892Z"",""imported_for_hpo_crm"":""2026-09-28""}","2026-09-28 17:05:37.624431+00","2026-09-28 17:12:50.606606+00",,,,"[""prospect"",""pcp""]","NJ_PCP_Vein_Target_List_by_HPO.xlsx#All PCP-Vein Targets","prospect:2378b4695bf0ebf3010e92467199b6d8",,"40.730069596964","-74.163466518326","2026-09-28 16:32:30.892+00"
"","5c3ab5a5-402a-4fae-99e0-df2391f35f9b","Dr. Edward Boylan","Primary Care","PCP","Hudson Waterfront","Jersey City","550 Newark Ave, Ste. 407, Jersey City, NJ 07306","3","Adam","Prospect","active","HPO prospect import",,,,,"{""priority"":""A - Visit First"",""provider"":null,""vein_fit"":""High"",""next_step"":""Visit/call this week; confirm referral contact and drop approved material"",""source_row"":325,""source_sheet"":""All PCP-Vein Targets"",""visit_status"":""Need to Visit"",""route_cluster"":""Hudson Waterfront"",""priority_score"":10,""source_workbook"":""NJ_PCP_Vein_Target_List_by_HPO.xlsx"",""geocode_provider"":""census"",""closest_hpo_office"":""Hoboken"",""source_prospect_id"":""cf30e139-e003-4a91-a5c6-008bc8e067f9"",""original_fit_status"":""qualified"",""verification_status"":""partial"",""geocode_last_attempt"":""2026-09-28T16:31:31.384Z"",""imported_for_hpo_crm"":""2026-09-28""}","2026-09-28 17:05:37.624431+00","2026-09-28 17:15:16.225656+00",,,,"[""exclude_from_adam_route"",""pcp"",""prospect""]","NJ_PCP_Vein_Target_List_by_HPO.xlsx#All PCP-Vein Targets","prospect:4911aa288f28c22df176eb3ee97a075c",,"40.73118407225","-74.056230907473","2026-09-28 16:31:31.384+00"
"","f0528417-30c1-4141-a9b3-01fd2b70e9aa","Dr. Elaine Vellas","Primary Care","PCP","Newark / Essex","Verona","50 Pompton Ave","3","Adam","Prospect","active","HPO prospect import","Julia",,,,"{""priority"":""B - Strong Target"",""provider"":null,""vein_fit"":""High"",""next_step"":""Add to route; call first and schedule quick drop-in"",""source_row"":308,""source_sheet"":""All PCP-Vein Targets"",""visit_status"":""Need to Visit"",""route_cluster"":""Newark / Essex"",""priority_score"":9,""source_workbook"":""NJ_PCP_Vein_Target_List_by_HPO.xlsx"",""geocode_provider"":""photon"",""closest_hpo_office"":""Newark"",""source_prospect_id"":""6f7b73b4-2db2-498f-a02b-6adffff86ccb"",""original_fit_status"":""qualified"",""verification_status"":""partial"",""geocode_last_attempt"":""2026-09-28T16:33:39.685Z"",""imported_for_hpo_crm"":""2026-09-28""}","2026-09-28 17:05:37.624431+00","2026-09-28 17:05:37.624431+00",,,,"[""prospect"",""pcp""]","NJ_PCP_Vein_Target_List_by_HPO.xlsx#All PCP-Vein Targets","prospect:5f9cd0e1e962cb42e71892d3a2842cc9",,"40.8355921","-74.2272937","2026-09-28 16:33:39.685+00"
"","c9d71a91-a1fb-4370-bc19-cac22ae73d9c","Dr. Elias Nivin","Primary Care","PCP","Hudson Waterfront","Union City","1610 Summit Ave, Union City, NJ 07087","3","Adam","Prospect","active","HPO prospect import",,,,,"{""priority"":""A - Visit First"",""provider"":null,""vein_fit"":""High"",""next_step"":""Visit/call this week; confirm referral contact and drop approved material"",""source_row"":93,""source_sheet"":""All PCP-Vein Targets"",""visit_status"":""Need to Visit"",""route_cluster"":""Hudson Waterfront"",""priority_score"":11,""source_workbook"":""NJ_PCP_Vein_Target_List_by_HPO.xlsx"",""geocode_provider"":""census"",""closest_hpo_office"":""Hoboken"",""source_prospect_id"":""f28cb082-bf68-4b72-94a6-c7535faad4c9"",""original_fit_status"":""qualified"",""verification_status"":""partial"",""geocode_last_attempt"":""2026-09-28T16:32:29.646Z"",""imported_for_hpo_crm"":""2026-09-28""}","2026-09-28 17:05:37.624431+00","2026-09-28 17:05:37.624431+00",,,,"[""prospect"",""pcp""]","NJ_PCP_Vein_Target_List_by_HPO.xlsx#All PCP-Vein Targets","prospect:62ca3dbab21736f93ebf6c0c30e6f222",,"40.763965229679","-74.039799269598","2026-09-28 16:32:29.647+00"
"","a1991a2c-e566-414f-b0a8-b5dfbd46d5f2","Dr. Emmanuel Tamusah","Primary Care","PCP","Bergen / Passaic","Paterson","634 Broadway, Paterson, NJ 07514","3","Adam","Prospect","active","HPO prospect import",,,,,"{""priority"":""B - Strong Target"",""provider"":null,""vein_fit"":""High"",""next_step"":""Add to route; call first and schedule quick drop-in"",""source_row"":351,""source_sheet"":""All PCP-Vein Targets"",""visit_status"":""Need to Visit"",""route_cluster"":""Bergen / Passaic"",""priority_score"":9,""source_workbook"":""NJ_PCP_Vein_Target_List_by_HPO.xlsx"",""geocode_provider"":""census"",""closest_hpo_office"":""Ridgewood"",""source_prospect_id"":""2bec4774-b3c2-4394-b393-6c41c1740ce2"",""original_fit_status"":""qualified"",""verification_status"":""partial"",""geocode_last_attempt"":""2026-09-28T16:33:55.081Z"",""imported_for_hpo_crm"":""2026-09-28""}","2026-09-28 17:05:37.624431+00","2026-09-28 17:05:37.624431+00",,,,"[""prospect"",""pcp""]","NJ_PCP_Vein_Target_List_by_HPO.xlsx#All PCP-Vein Targets","prospect:658cd328478be6e4d3e2acbc91f99b3b",,"40.918225132275","-74.146433807085","2026-09-28 16:33:55.081+00"
"","d30e7593-6ba0-42dd-a0aa-486bc29cb4b2","Dr. Eve Feret","Primary Care","Family Practice","Hudson Waterfront","Union City","4121 New York Ave, Union City, NJ 07087","3","Adam","Prospect","active","HPO prospect import",,,,,"{""priority"":""A - Visit First"",""provider"":null,""vein_fit"":""High"",""next_step"":""Visit/call this week; confirm referral contact and drop approved material"",""source_row"":266,""source_sheet"":""All PCP-Vein Targets"",""visit_status"":""Need to Visit"",""route_cluster"":""Hudson Waterfront"",""priority_score"":11,""source_workbook"":""NJ_PCP_Vein_Target_List_by_HPO.xlsx"",""geocode_provider"":""census"",""closest_hpo_office"":""Hoboken"",""source_prospect_id"":""325238d9-b667-4d76-b2d1-ef0f41701b5e"",""original_fit_status"":""qualified"",""verification_status"":""partial"",""geocode_last_attempt"":""2026-09-28T16:32:29.646Z"",""imported_for_hpo_crm"":""2026-09-28""}","2026-09-28 17:05:37.624431+00","2026-09-28 17:05:37.624431+00",,,,"[""prospect"",""pcp""]","NJ_PCP_Vein_Target_List_by_HPO.xlsx#All PCP-Vein Targets","prospect:0f2468b4b6d4eed1d780d42610411282",,"40.77656999918","-74.024294280492","2026-09-28 16:32:29.646+00"
"","071ae215-f545-484c-8c50-f39c1b632f85","Dr. Florentino Hector","Primary Care","PCP","Hudson Waterfront","Union City","316 Monastery Pl, Union City, NJ 07087","3","Adam","Prospect","active","HPO prospect import",,,,,"{""priority"":""A - Visit First"",""provider"":null,""vein_fit"":""High"",""next_step"":""Visit/call this week; confirm referral contact and drop approved material"",""source_row"":206,""source_sheet"":""All PCP-Vein Targets"",""visit_status"":""Need to Visit"",""route_cluster"":""Hudson Waterfront"",""priority_score"":10,""source_workbook"":""NJ_PCP_Vein_Target_List_by_HPO.xlsx"",""geocode_provider"":""census"",""closest_hpo_office"":""Hoboken"",""source_prospect_id"":""bc78db06-99ab-4bf3-be74-47c855655fc1"",""original_fit_status"":""qualified"",""verification_status"":""partial"",""geocode_last_attempt"":""2026-09-28T16:32:29.642Z"",""imported_for_hpo_crm"":""2026-09-28""}","2026-09-28 17:05:37.624431+00","2026-09-28 17:05:37.624431+00",,,,"[""prospect"",""pcp""]","NJ_PCP_Vein_Target_List_by_HPO.xlsx#All PCP-Vein Targets","prospect:9429e48f9759a970e646bfa7abc524cc",,"40.763949305152","-74.031855397356","2026-09-28 16:32:29.642+00"
"","f7529e40-9d19-4ee5-913c-aeacbd5b89c1","Dr. Francis Berlingeri, MD","Primary Care","PCP","Newark / Essex","Montclair","48-50 Fairfield St, Montclair, NJ 07042","3","Adam","Prospect","active","HPO prospect import",,,,,"{""priority"":""B - Strong Target"",""provider"":null,""vein_fit"":""High"",""next_step"":""Add to route; call first and schedule quick drop-in"",""source_row"":303,""source_sheet"":""All PCP-Vein Targets"",""visit_status"":""Need to Visit"",""route_cluster"":""Newark / Essex"",""priority_score"":9,""source_workbook"":""NJ_PCP_Vein_Target_List_by_HPO.xlsx"",""geocode_provider"":""census"",""closest_hpo_office"":""Newark"",""source_prospect_id"":""78cb253b-25fc-4328-9074-93d5585507af"",""original_fit_status"":""qualified"",""verification_status"":""partial"",""geocode_last_attempt"":""2026-09-28T16:33:20.695Z"",""imported_for_hpo_crm"":""2026-09-28""}","2026-09-28 17:05:37.624431+00","2026-09-28 17:05:37.624431+00",,,,"[""prospect"",""pcp""]","NJ_PCP_Vein_Target_List_by_HPO.xlsx#All PCP-Vein Targets","prospect:3e6d173cc9fc0784c1f6552f9c5509e4",,"40.82932447554","-74.205485318227","2026-09-28 16:33:20.695+00"
"","7789d527-9745-468c-a3c2-91814e6856a8","Dr. Francisco Dominguez","Primary Care","PCP","Hudson Waterfront","Union City","3196 John F. Kennedy Blvd, Union City, NJ 07087","3","Adam","Prospect","active","HPO prospect import",,,,,"{""priority"":""A - Visit First"",""provider"":null,""vein_fit"":""High"",""next_step"":""Visit/call this week; confirm referral contact and drop approved material"",""source_row"":12,""source_sheet"":""All PCP-Vein Targets"",""visit_status"":""Need to Visit"",""route_cluster"":""Hudson Waterfront"",""priority_score"":10,""source_workbook"":""NJ_PCP_Vein_Target_List_by_HPO.xlsx"",""geocode_provider"":""census"",""closest_hpo_office"":""Hoboken"",""source_prospect_id"":""6f4da289-5285-4747-a48d-005a1ba78db3"",""original_fit_status"":""qualified"",""verification_status"":""partial"",""geocode_last_attempt"":""2026-09-28T16:32:29.641Z"",""imported_for_hpo_crm"":""2026-09-28""}","2026-09-28 17:05:37.624431+00","2026-09-28 17:05:37.624431+00",,,,"[""prospect"",""pcp""]","NJ_PCP_Vein_Target_List_by_HPO.xlsx#All PCP-Vein Targets","prospect:d72ecebf4671a7c6176c77cb4bd5553b",,"40.775034394123","-74.032830851432","2026-09-28 16:32:29.641+00"
"","079c350a-9717-4731-bd90-b295714f0997","Dr. Francisco Gonzalez","Primary Care","PCP","Hudson Waterfront","Union City","3196 John F. Kennedy Blvd, Union City, NJ 07087","3","Adam","Prospect","active","HPO prospect import",,,,,"{""priority"":""A - Visit First"",""provider"":null,""vein_fit"":""High"",""next_step"":""Visit/call this week; confirm referral contact and drop approved material"",""source_row"":211,""source_sheet"":""All PCP-Vein Targets"",""visit_status"":""Need to Visit"",""route_cluster"":""Hudson Waterfront"",""priority_score"":10,""source_workbook"":""NJ_PCP_Vein_Target_List_by_HPO.xlsx"",""geocode_provider"":""census"",""closest_hpo_office"":""Hoboken"",""source_prospect_id"":""2fe7cc48-7ca5-4466-a799-77bbec463e71"",""original_fit_status"":""qualified"",""verification_status"":""partial"",""geocode_last_attempt"":""2026-09-28T16:32:29.643Z"",""imported_for_hpo_crm"":""2026-09-28""}","2026-09-28 17:05:37.624431+00","2026-09-28 17:05:37.624431+00",,,,"[""prospect"",""pcp""]","NJ_PCP_Vein_Target_List_by_HPO.xlsx#All PCP-Vein Targets","prospect:d97359109eafd611f720272cf44a70e6",,"40.775034394123","-74.032830851432","2026-09-28 16:32:29.643+00"
"","33253c05-62ce-4b80-b57e-b121e6402cf0","Dr. Frank Rotella","Primary Care","PCP","Hudson Waterfront","Jersey City","600 Pavonia Ave, Jersey City, NJ 07306","3","Adam","Prospect","active","HPO prospect import",,,,,"{""priority"":""A - Visit First"",""provider"":null,""vein_fit"":""High"",""next_step"":""Visit/call this week; confirm referral contact and drop approved material"",""source_row"":340,""source_sheet"":""All PCP-Vein Targets"",""visit_status"":""Need to Visit"",""route_cluster"":""Hudson Waterfront"",""priority_score"":11,""source_workbook"":""NJ_PCP_Vein_Target_List_by_HPO.xlsx"",""geocode_provider"":""census"",""closest_hpo_office"":""Hoboken"",""source_prospect_id"":""a6350790-88cf-48aa-9585-db79466f29e2"",""original_fit_status"":""qualified"",""verification_status"":""partial"",""geocode_last_attempt"":""2026-09-28T16:31:37.572Z"",""imported_for_hpo_crm"":""2026-09-28""}","2026-09-28 17:05:37.624431+00","2026-09-28 17:05:37.624431+00",,,,"[""prospect"",""pcp""]","NJ_PCP_Vein_Target_List_by_HPO.xlsx#All PCP-Vein Targets","prospect:5fc3b889cedace551d33bc10aca24370",,"40.732748636656","-74.060251926091","2026-09-28 16:31:37.572+00"
"","39f90775-366c-4a1e-9610-623693ab611f","Dr. Gadiel Smith","Primary Care","Internal","Union / Elizabeth","Caldwell","459 Passaic Ave","3","Adam","Prospect","active","HPO prospect import",,,,,"{""priority"":""B - Strong Target"",""provider"":null,""vein_fit"":""High"",""next_step"":""Add to route; call first and schedule quick drop-in"",""source_row"":285,""source_sheet"":""All PCP-Vein Targets"",""visit_status"":""Need to Visit"",""route_cluster"":""Union / Elizabeth"",""priority_score"":8,""source_workbook"":""NJ_PCP_Vein_Target_List_by_HPO.xlsx"",""geocode_provider"":""census"",""closest_hpo_office"":""Union"",""source_prospect_id"":""1a3cdccb-c4d4-4e5e-a92d-2cc885694ae8"",""original_fit_status"":""qualified"",""verification_status"":""partial"",""geocode_last_attempt"":""2026-09-28T16:33:55.903Z"",""imported_for_hpo_crm"":""2026-09-28""}","2026-09-28 17:05:37.624431+00","2026-09-28 17:05:37.624431+00",,,,"[""prospect"",""pcp""]","NJ_PCP_Vein_Target_List_by_HPO.xlsx#All PCP-Vein Targets","prospect:0555918126b4b38c0c33bf114e63d2b9",,"40.843355579802","-74.30097109792","2026-09-28 16:33:55.904+00"
"","cb1d7989-02d8-4792-af5e-d251f120a6a6","Dr. Gary Berger/Dr. Carol Mendez","Primary Care","PCP","Hudson Waterfront","Hoboken","79 Hudson Street, #102, Hoboken, NJ 07030","3","Adam","Prospect","active","HPO prospect import",,,,,"{""priority"":""A - Visit First"",""provider"":null,""vein_fit"":""High"",""next_step"":""Visit/call this week; confirm referral contact and drop approved material"",""source_row"":377,""source_sheet"":""All PCP-Vein Targets"",""visit_status"":""Need to Visit"",""route_cluster"":""Hudson Waterfront"",""priority_score"":11,""source_workbook"":""NJ_PCP_Vein_Target_List_by_HPO.xlsx"",""geocode_provider"":""census"",""closest_hpo_office"":""Hoboken"",""source_prospect_id"":""c921cda4-4e44-4cde-8b64-d38f6dcddbdf"",""original_fit_status"":""qualified"",""verification_status"":""partial"",""geocode_last_attempt"":""2026-09-28T16:31:00.845Z"",""imported_for_hpo_crm"":""2026-09-28""}","2026-09-28 17:05:37.624431+00","2026-09-28 17:05:37.624431+00",,,,"[""prospect"",""pcp""]","NJ_PCP_Vein_Target_List_by_HPO.xlsx#All PCP-Vein Targets","prospect:84da16574cc20f673adec84e091e9a00",,"40.73657690925","-74.029937308372","2026-09-28 16:31:00.845+00"
"","2b9b231b-1405-42d4-b5c8-4c94a751aa62","Dr. Gary Pepe","Primary Care","PCP","Bergen / Passaic","Little Falls","83 Long Hill Rd, Little Falls, NJ 07424","3","Adam","Prospect","active","HPO prospect import","doctor",,,,"{""priority"":""B - Strong Target"",""provider"":null,""vein_fit"":""High"",""next_step"":""Add to route; call first and schedule quick drop-in"",""source_row"":392,""source_sheet"":""All PCP-Vein Targets"",""visit_status"":""Need to Visit"",""route_cluster"":""Bergen / Passaic"",""priority_score"":9,""source_workbook"":""NJ_PCP_Vein_Target_List_by_HPO.xlsx"",""geocode_provider"":""census"",""closest_hpo_office"":""Ridgewood"",""source_prospect_id"":""de06142f-2344-4e5c-92d5-1b35daa33b32"",""original_fit_status"":""qualified"",""verification_status"":""partial"",""geocode_last_attempt"":""2026-09-28T16:33:55.435Z"",""imported_for_hpo_crm"":""2026-09-28""}","2026-09-28 17:05:37.624431+00","2026-09-28 17:05:37.624431+00",,,,"[""prospect"",""pcp""]","NJ_PCP_Vein_Target_List_by_HPO.xlsx#All PCP-Vein Targets","prospect:55791ee549bfef67b44229876103328d",,"40.876049893067","-74.212873948117","2026-09-28 16:33:55.435+00"
"","332e21de-9218-40a2-bce8-094a1750832f","Dr. Gastell Gilberto","Primary Care","PCP","Hudson Waterfront","Union City","408 37th St, Union City, NJ 07087","3","Adam","Prospect","active","HPO prospect import",,,,,"{""priority"":""A - Visit First"",""provider"":null,""vein_fit"":""High"",""next_step"":""Visit/call this week; confirm referral contact and drop approved material"",""source_row"":256,""source_sheet"":""All PCP-Vein Targets"",""visit_status"":""Need to Visit"",""route_cluster"":""Hudson Waterfront"",""priority_score"":10,""source_workbook"":""NJ_PCP_Vein_Target_List_by_HPO.xlsx"",""geocode_provider"":""census"",""closest_hpo_office"":""Hoboken"",""source_prospect_id"":""3423d4d3-fe6a-4c56-bd43-14c017f4d0f3"",""original_fit_status"":""qualified"",""verification_status"":""partial"",""geocode_last_attempt"":""2026-09-28T16:32:30.006Z"",""imported_for_hpo_crm"":""2026-09-28""}","2026-09-28 17:05:37.624431+00","2026-09-28 17:05:37.624431+00",,,,"[""prospect"",""pcp""]","NJ_PCP_Vein_Target_List_by_HPO.xlsx#All PCP-Vein Targets","prospect:3716b12a50b2f5919c3819a8564be9fa",,"40.774237914909","-74.026218657593","2026-09-28 16:32:30.006+00"
"","d81ef861-253b-4b69-bb99-1452c591087f","Dr. George Malini","Primary Care","Family","Hudson Waterfront","Hoboken","1111 Hudson Street, Hoboken, NJ 07030","3","Adam","Prospect","active","HPO prospect import",,,,,"{""priority"":""A - Visit First"",""provider"":null,""vein_fit"":""High"",""next_step"":""Visit/call this week; confirm referral contact and drop approved material"",""source_row"":44,""source_sheet"":""All PCP-Vein Targets"",""visit_status"":""Need to Visit"",""route_cluster"":""Hudson Waterfront"",""priority_score"":10,""source_workbook"":""NJ_PCP_Vein_Target_List_by_HPO.xlsx"",""geocode_provider"":""census"",""closest_hpo_office"":""Hoboken"",""source_prospect_id"":""900605f6-286a-4a74-bd81-b83e7292410c"",""original_fit_status"":""qualified"",""verification_status"":""partial"",""geocode_last_attempt"":""2026-09-28T16:31:06.849Z"",""imported_for_hpo_crm"":""2026-09-28""}","2026-09-28 17:05:37.624431+00","2026-09-28 17:05:37.624431+00",,,,"[""prospect"",""pcp""]","NJ_PCP_Vein_Target_List_by_HPO.xlsx#All PCP-Vein Targets","prospect:4ee7a75f3ccd0b733d47af19cd0fd2af",,"40.749877394492","-74.025829037614","2026-09-28 16:31:06.849+00"
"","add94239-59ee-4543-8b65-700d3e2bf006","Dr. Gilberto Gastell","Primary Care","PCP","Hudson Waterfront","Union City","408 37th St, Union City, NJ 07087","3","Adam","Prospect","active","HPO prospect import",,,,,"{""priority"":""A - Visit First"",""provider"":""Excel Care"",""vein_fit"":""High"",""next_step"":""Visit/call this week; confirm referral contact and drop approved material"",""source_row"":257,""source_sheet"":""All PCP-Vein Targets"",""visit_status"":""Need to Visit"",""route_cluster"":""Hudson Waterfront"",""priority_score"":11,""source_workbook"":""NJ_PCP_Vein_Target_List_by_HPO.xlsx"",""geocode_provider"":""census"",""closest_hpo_office"":""Hoboken"",""source_prospect_id"":""27659879-ac6d-404b-ac79-27851e93d556"",""original_fit_status"":""qualified"",""verification_status"":""partial"",""geocode_last_attempt"":""2026-09-28T16:32:30.007Z"",""imported_for_hpo_crm"":""2026-09-28""}","2026-09-28 17:05:37.624431+00","2026-09-28 17:05:37.624431+00",,,,"[""prospect"",""pcp""]","NJ_PCP_Vein_Target_List_by_HPO.xlsx#All PCP-Vein Targets","prospect:d9457322384d967e421cf0a64c765c8b",,"40.774237914909","-74.026218657593","2026-09-28 16:32:30.007+00"
"","98908af5-3977-4654-8e33-c1d0c28d618b","Dr. Gujja","Primary Care","PCP","Newark / Essex","Montclair","239 Claremont Ave, Montclair, NJ 07042","3","Adam","Prospect","active","HPO prospect import",,,,,"{""priority"":""B - Strong Target"",""provider"":null,""vein_fit"":""High"",""next_step"":""Add to route; call first and schedule quick drop-in"",""source_row"":154,""source_sheet"":""All PCP-Vein Targets"",""visit_status"":""Need to Visit"",""route_cluster"":""Newark / Essex"",""priority_score"":9,""source_workbook"":""NJ_PCP_Vein_Target_List_by_HPO.xlsx"",""geocode_provider"":""census"",""closest_hpo_office"":""Newark"",""source_prospect_id"":""636fb502-0161-4421-8b18-5f8efecc8f9a"",""original_fit_status"":""qualified"",""verification_status"":""partial"",""geocode_last_attempt"":""2026-09-28T16:33:20.687Z"",""imported_for_hpo_crm"":""2026-09-28""}","2026-09-28 17:05:37.624431+00","2026-09-28 17:05:37.624431+00",,,,"[""prospect"",""pcp""]","NJ_PCP_Vein_Target_List_by_HPO.xlsx#All PCP-Vein Targets","prospect:4d2af798f8bfedf5c85660c8df61ab11",,"40.818478975425","-74.217932746963","2026-09-28 16:33:20.687+00"
"","20658b48-8253-461b-b8e5-3f11212cadee","Dr. Hemant Shah/Rohit Shah","Primary Care","PCP","Hudson Waterfront","Jersey City","297 Central Ave A, Jersey City, NJ 07307","3","Adam","Prospect","active","HPO prospect import",,,,,"{""priority"":""A - Visit First"",""provider"":null,""vein_fit"":""High"",""next_step"":""Visit/call this week; confirm referral contact and drop approved material"",""source_row"":190,""source_sheet"":""All PCP-Vein Targets"",""visit_status"":""Need to Visit"",""route_cluster"":""Hudson Waterfront"",""priority_score"":11,""source_workbook"":""NJ_PCP_Vein_Target_List_by_HPO.xlsx"",""geocode_provider"":""census"",""closest_hpo_office"":""Hoboken"",""source_prospect_id"":""300bd851-f413-44dd-9f3d-540ae7efbc74"",""original_fit_status"":""qualified"",""verification_status"":""partial"",""geocode_last_attempt"":""2026-09-28T16:31:37.582Z"",""imported_for_hpo_crm"":""2026-09-28""}","2026-09-28 17:05:37.624431+00","2026-09-28 17:05:37.624431+00",,,,"[""prospect"",""pcp""]","NJ_PCP_Vein_Target_List_by_HPO.xlsx#All PCP-Vein Targets","prospect:5a0c43f27bd78755195b9b223eb75d07",,"40.745170333298","-74.049990589053","2026-09-28 16:31:37.582+00"
"","6ac2c081-5216-4a93-a7d8-e862936e232c","Dr. Holtz","Primary Care","PCP","Newark / Essex","West Orange","1500 Pleasant Valley Way","3","Adam","Prospect","active","HPO prospect import","lisa",,,,"{""priority"":""B - Strong Target"",""provider"":null,""vein_fit"":""High"",""next_step"":""Add to route; call first and schedule quick drop-in"",""source_row"":83,""source_sheet"":""All PCP-Vein Targets"",""visit_status"":""Need to Visit"",""route_cluster"":""Newark / Essex"",""priority_score"":9,""source_workbook"":""NJ_PCP_Vein_Target_List_by_HPO.xlsx"",""geocode_provider"":""census"",""closest_hpo_office"":""Newark"",""source_prospect_id"":""ceaee94c-a60e-4fea-bd12-ee4d0745c92e"",""original_fit_status"":""qualified"",""verification_status"":""partial"",""geocode_last_attempt"":""2026-09-28T16:32:32.722Z"",""imported_for_hpo_crm"":""2026-09-28""}","2026-09-28 17:05:37.624431+00","2026-09-28 17:05:37.624431+00",,,,"[""prospect"",""pcp""]","NJ_PCP_Vein_Target_List_by_HPO.xlsx#All PCP-Vein Targets","prospect:8add3f3ecf23aaa132754c53ed9868b6",,"40.77164549523","-74.284421023963","2026-09-28 16:32:32.722+00"
"","00fda825-ee4f-4290-a43c-022c8f2e1139","Dr. Humberto Perez","Primary Care","PCP","Hudson Waterfront","Jersey City","646 Jersey Ave, Jersey City, NJ 07302","3","Adam","Prospect","active","HPO prospect import",,,,,"{""priority"":""A - Visit First"",""provider"":null,""vein_fit"":""High"",""next_step"":""Visit/call this week; confirm referral contact and drop approved material"",""source_row"":353,""source_sheet"":""All PCP-Vein Targets"",""visit_status"":""Need to Visit"",""route_cluster"":""Hudson Waterfront"",""priority_score"":11,""source_workbook"":""NJ_PCP_Vein_Target_List_by_HPO.xlsx"",""geocode_provider"":""census"",""closest_hpo_office"":""Hoboken"",""source_prospect_id"":""5fa5c359-52ed-487d-ae71-72907c4de8db"",""original_fit_status"":""qualified"",""verification_status"":""partial"",""geocode_last_attempt"":""2026-09-28T16:31:37.580Z"",""imported_for_hpo_crm"":""2026-09-28""}","2026-09-28 17:05:37.624431+00","2026-09-28 17:05:37.624431+00",,,,"[""prospect"",""pcp""]","NJ_PCP_Vein_Target_List_by_HPO.xlsx#All PCP-Vein Targets","prospect:5ee1b46c956c3505901c038d9c59ab4d",,"40.726133138886","-74.045221235097","2026-09-28 16:31:37.58+00"
"","e7a48301-c52a-407b-a147-a41275723f4b","Dr. Humera","Primary Care","PCP","Newark / Essex","Clifton","535 Getty Ave, Clifton, NJ 07011","3","Adam","Prospect","active","HPO prospect import",,,,,"{""priority"":""B - Strong Target"",""provider"":null,""vein_fit"":""High"",""next_step"":""Add to route; call first and schedule quick drop-in"",""source_row"":316,""source_sheet"":""All PCP-Vein Targets"",""visit_status"":""Need to Visit"",""route_cluster"":""Newark / Essex"",""priority_score"":8,""source_workbook"":""NJ_PCP_Vein_Target_List_by_HPO.xlsx"",""geocode_provider"":""photon"",""closest_hpo_office"":""Newark"",""source_prospect_id"":""738b1a91-d1e9-4300-9e8a-2078368a56c6"",""original_fit_status"":""qualified"",""verification_status"":""partial"",""geocode_last_attempt"":""2026-09-28T16:33:51.116Z"",""imported_for_hpo_crm"":""2026-09-28""}","2026-09-28 17:05:37.624431+00","2026-09-28 17:05:37.624431+00",,,,"[""prospect"",""pcp""]","NJ_PCP_Vein_Target_List_by_HPO.xlsx#All PCP-Vein Targets","prospect:172facde7e84a90732f908d72fcdbee1",,"40.8876255","-74.1503944","2026-09-28 16:33:51.116+00"
"","00b8bae6-f886-43b0-bf56-7f7fb91b230c","Dr. Ishak Soloman - Imeddi Wellnes","Primary Care","PCP","Bergen / Passaic","Little Falls","201 Lower Notch Rd, Little Falls, NJ 07424","3","Adam","Prospect","active","HPO prospect import",,,,,"{""priority"":""B - Strong Target"",""provider"":null,""vein_fit"":""High"",""next_step"":""Add to route; call first and schedule quick drop-in"",""source_row"":132,""source_sheet"":""All PCP-Vein Targets"",""visit_status"":""Need to Visit"",""route_cluster"":""Bergen / Passaic"",""priority_score"":8,""source_workbook"":""NJ_PCP_Vein_Target_List_by_HPO.xlsx"",""geocode_provider"":""census"",""closest_hpo_office"":""Ridgewood"",""source_prospect_id"":""32ed7307-8d4a-4620-9838-941cb991dc6a"",""original_fit_status"":""qualified"",""verification_status"":""partial"",""geocode_last_attempt"":""2026-09-28T16:33:55.429Z"",""imported_for_hpo_crm"":""2026-09-28""}","2026-09-28 17:05:37.624431+00","2026-09-28 17:05:37.624431+00",,,,"[""prospect"",""pcp""]","NJ_PCP_Vein_Target_List_by_HPO.xlsx#All PCP-Vein Targets","prospect:96209af8e12cd5c32f531370293b85ca",,"40.878767706682","-74.206671137142","2026-09-28 16:33:55.429+00"
"","08b79330-a6ba-48c3-9c47-04f0e1481bcb","Dr. James Foley MD","Primary Care","PCP","Newark / Essex","Montclair","48 Fairfield St, Montclair, NJ 07042","3","Adam","Prospect","active","HPO prospect import",,,,,"{""priority"":""B - Strong Target"",""provider"":null,""vein_fit"":""High"",""next_step"":""Add to route; call first and schedule quick drop-in"",""source_row"":294,""source_sheet"":""All PCP-Vein Targets"",""visit_status"":""Need to Visit"",""route_cluster"":""Newark / Essex"",""priority_score"":8,""source_workbook"":""NJ_PCP_Vein_Target_List_by_HPO.xlsx"",""geocode_provider"":""census"",""closest_hpo_office"":""Newark"",""source_prospect_id"":""fc0bed2e-b9b5-4bcf-bdb9-8a6e861eef49"",""original_fit_status"":""qualified"",""verification_status"":""partial"",""geocode_last_attempt"":""2026-09-28T16:33:20.689Z"",""imported_for_hpo_crm"":""2026-09-28""}","2026-09-28 17:05:37.624431+00","2026-09-28 17:05:37.624431+00",,,,"[""prospect"",""pcp""]","NJ_PCP_Vein_Target_List_by_HPO.xlsx#All PCP-Vein Targets","prospect:3ed7f025ed3183a16864c4c9168331ba",,"40.829317332153","-74.205446616455","2026-09-28 16:33:20.689+00"
"","b82e03cb-a887-4c36-92c3-b1f45305adc2","Dr. James Rommer","Primary Care","PCP","Union / Elizabeth","Livingston","200 South Orange Ave","3","Adam","Prospect","active","HPO prospect import","Jane, Beverly",,,,"{""priority"":""B - Strong Target"",""provider"":null,""vein_fit"":""High"",""next_step"":""Add to route; call first and schedule quick drop-in"",""source_row"":115,""source_sheet"":""All PCP-Vein Targets"",""visit_status"":""Need to Visit"",""route_cluster"":""Union / Elizabeth"",""priority_score"":9,""source_workbook"":""NJ_PCP_Vein_Target_List_by_HPO.xlsx"",""geocode_provider"":""census"",""closest_hpo_office"":""Union"",""source_prospect_id"":""35c49e8a-1ff5-45c7-8d3b-345d672bb566"",""original_fit_status"":""qualified"",""verification_status"":""partial"",""geocode_last_attempt"":""2026-09-28T16:33:55.913Z"",""imported_for_hpo_crm"":""2026-09-28""}","2026-09-28 17:05:37.624431+00","2026-09-28 17:05:37.624431+00",,,,"[""prospect"",""pcp""]","NJ_PCP_Vein_Target_List_by_HPO.xlsx#All PCP-Vein Targets","prospect:5ef36d3daff49df5402d622ddb4eb992",,"40.773293168451","-74.354066318298","2026-09-28 16:33:55.913+00"
"","1e9d0484-da45-4b8e-a672-aae935bf002c","Dr. Jason Kahn, DO","Primary Care","PCP","Newark / Essex","Montclair","127 Pine St, Montclair, NJ 07042","3","Adam","Prospect","active","HPO prospect import",,,,,"{""priority"":""B - Strong Target"",""provider"":null,""vein_fit"":""High"",""next_step"":""Add to route; call first and schedule quick drop-in"",""source_row"":63,""source_sheet"":""All PCP-Vein Targets"",""visit_status"":""Need to Visit"",""route_cluster"":""Newark / Essex"",""priority_score"":8,""source_workbook"":""NJ_PCP_Vein_Target_List_by_HPO.xlsx"",""geocode_provider"":""census"",""closest_hpo_office"":""Newark"",""source_prospect_id"":""c58d90fb-2810-42b6-918a-ef9ca63e3c78"",""original_fit_status"":""qualified"",""verification_status"":""partial"",""geocode_last_attempt"":""2026-09-28T16:33:20.698Z"",""imported_for_hpo_crm"":""2026-09-28""}","2026-09-28 17:05:37.624431+00","2026-09-28 17:05:37.624431+00",,,,"[""prospect"",""pcp""]","NJ_PCP_Vein_Target_List_by_HPO.xlsx#All PCP-Vein Targets","prospect:55249ec4abbb07faf6c95f5a5c7f2bdb",,"40.811973879392","-74.207346190772","2026-09-28 16:33:20.698+00"
"","300416ac-e7c3-4f6c-b739-5c88f2d3bfea","Dr. Jay Sklower","Primary Care","PCP","Hudson Waterfront","Jersey City","1 Journal Square Plaza, Jersey City, NJ 07306","3","Adam","Prospect","active","HPO prospect import",,,,,"{""priority"":""A - Visit First"",""provider"":null,""vein_fit"":""High"",""next_step"":""Visit/call this week; confirm referral contact and drop approved material"",""source_row"":22,""source_sheet"":""All PCP-Vein Targets"",""visit_status"":""Need to Visit"",""route_cluster"":""Hudson Waterfront"",""priority_score"":11,""source_workbook"":""NJ_PCP_Vein_Target_List_by_HPO.xlsx"",""geocode_provider"":""census"",""closest_hpo_office"":""Hoboken"",""source_prospect_id"":""9b72b07e-cb74-45c5-a3e5-8487e143690f"",""original_fit_status"":""qualified"",""verification_status"":""partial"",""geocode_last_attempt"":""2026-09-28T16:31:37.576Z"",""imported_for_hpo_crm"":""2026-09-28""}","2026-09-28 17:05:37.624431+00","2026-09-28 17:05:37.624431+00",,,,"[""prospect"",""pcp""]","NJ_PCP_Vein_Target_List_by_HPO.xlsx#All PCP-Vein Targets","prospect:5280d5adf92db32883eed77e9cd9b54c",,"40.731636927685","-74.064076644142","2026-09-28 16:31:37.576+00"
"","dda3e2cb-553c-4fdc-accc-659f2081f531","Dr. Jeffrey Gold","Primary Care","PCP","Newark / Essex","Clifton","4 Brighton Rd, Clifton, NJ 07012","3","Adam","Prospect","active","HPO prospect import",,,,,"{""priority"":""B - Strong Target"",""provider"":null,""vein_fit"":""High"",""next_step"":""Add to route; call first and schedule quick drop-in"",""source_row"":246,""source_sheet"":""All PCP-Vein Targets"",""visit_status"":""Need to Visit"",""route_cluster"":""Newark / Essex"",""priority_score"":8,""source_workbook"":""NJ_PCP_Vein_Target_List_by_HPO.xlsx"",""geocode_provider"":""census"",""closest_hpo_office"":""Newark"",""source_prospect_id"":""803aaf42-ce7c-41d4-b5ac-b27f0e885800"",""original_fit_status"":""qualified"",""verification_status"":""partial"",""geocode_last_attempt"":""2026-09-28T16:33:47.472Z"",""imported_for_hpo_crm"":""2026-09-28""}","2026-09-28 17:05:37.624431+00","2026-09-28 17:05:37.624431+00",,,,"[""prospect"",""pcp""]","NJ_PCP_Vein_Target_List_by_HPO.xlsx#All PCP-Vein Targets","prospect:3d1aec815d73a4edc96b55f0767d97c5",,"40.846437912371","-74.158515821416","2026-09-28 16:33:47.472+00"
"","c2413790-3461-4b32-b605-62723663e807","Dr. Jennifer M. Ryan","Primary Care","PCP","Newark / Essex","Verona","799 Bloomfield Ave","3","Adam","Prospect","active","HPO prospect import",,,,,"{""priority"":""B - Strong Target"",""provider"":null,""vein_fit"":""High"",""next_step"":""Add to route; call first and schedule quick drop-in"",""source_row"":382,""source_sheet"":""All PCP-Vein Targets"",""visit_status"":""Need to Visit"",""route_cluster"":""Newark / Essex"",""priority_score"":8,""source_workbook"":""NJ_PCP_Vein_Target_List_by_HPO.xlsx"",""geocode_provider"":""photon"",""closest_hpo_office"":""Newark"",""source_prospect_id"":""1ed22898-e9a7-4586-a82b-0d86285e4e39"",""original_fit_status"":""qualified"",""verification_status"":""partial"",""geocode_last_attempt"":""2026-09-28T16:33:39.714Z"",""imported_for_hpo_crm"":""2026-09-28""}","2026-09-28 17:05:37.624431+00","2026-09-28 17:05:37.624431+00",,,,"[""prospect"",""pcp""]","NJ_PCP_Vein_Target_List_by_HPO.xlsx#All PCP-Vein Targets","prospect:45c11ca87a041b189d54242d48adae53",,"40.8339491","-74.2531037","2026-09-28 16:33:39.714+00"
"","4a4244a9-cc45-4a9c-a0dd-3d28b49debfe","Dr. Jerome Levine","Primary Care","PCP","Bergen Waterfront","Hackensack","20 Prospect ave, Hackensack, NJ 07601","3","Adam","Prospect","active","HPO prospect import",,,,,"{""priority"":""B - Strong Target"",""provider"":null,""vein_fit"":""High"",""next_step"":""Add to route; call first and schedule quick drop-in"",""source_row"":146,""source_sheet"":""All PCP-Vein Targets"",""visit_status"":""Need to Visit"",""route_cluster"":""Bergen Waterfront"",""priority_score"":9,""source_workbook"":""NJ_PCP_Vein_Target_List_by_HPO.xlsx"",""geocode_provider"":""census"",""closest_hpo_office"":""Edgewater"",""source_prospect_id"":""d5c90b92-f497-47ab-b295-7294494f6e00"",""original_fit_status"":""qualified"",""verification_status"":""partial"",""geocode_last_attempt"":""2026-09-28T16:32:31.744Z"",""imported_for_hpo_crm"":""2026-09-28""}","2026-09-28 17:05:37.624431+00","2026-09-28 17:05:37.624431+00",,,,"[""prospect"",""pcp""]","NJ_PCP_Vein_Target_List_by_HPO.xlsx#All PCP-Vein Targets","prospect:25e4832dc9cca10c900c17825ed25850",,"40.883919078216","-74.057912150424","2026-09-28 16:32:31.744+00"
"","8df3b8d9-0d21-491f-b435-e0be219d4673","Dr. Jerry Jurado","Primary Care","PCP","Newark / Essex","Newark","154 Van Buren St, Newark, NJ 07105","3","Adam","Prospect","active","HPO prospect import","Last field visit 8/28/2026: no lunches; use a quick pop-in approach.","2026-08-28 12:00:00+00",,,"{""priority"":""A - Visit First"",""provider"":null,""vein_fit"":""High"",""next_step"":""Visit/call this week; confirm referral contact and drop approved material"",""source_row"":89,""visit_note"":""No lunches; use a quick pop-in approach."",""source_sheet"":""All PCP-Vein Targets"",""visit_status"":""Need to Visit"",""route_cluster"":""Newark / Essex"",""priority_score"":11,""source_workbook"":""NJ_PCP_Vein_Target_List_by_HPO.xlsx"",""geocode_provider"":""census"",""last_field_visit"":""2026-08-28"",""closest_hpo_office"":""Newark"",""source_prospect_id"":""601dcb52-0f2e-4194-b2e6-5b146bba9d42"",""original_fit_status"":""qualified"",""verification_status"":""partial"",""geocode_last_attempt"":""2026-09-28T16:32:30.899Z"",""imported_for_hpo_crm"":""2026-09-28""}","2026-09-28 17:05:37.624431+00","2026-09-28 17:12:50.606606+00",,,,"[""prospect"",""pcp""]","NJ_PCP_Vein_Target_List_by_HPO.xlsx#All PCP-Vein Targets","prospect:e456177f2de9232eccb8ab7492c6fa99",,"40.727284080066","-74.157863867608","2026-09-28 16:32:30.899+00"
"","b987df7a-6c5a-4aad-9d42-1e0c529baed9","Dr. Jerry Jurado","Primary Care","PCP","Hudson Waterfront","Union City","2401 Palisade Ave, Union City, NJ 07087","3","Adam","Prospect","active","HPO prospect import",,,,,"{""priority"":""A - Visit First"",""provider"":null,""vein_fit"":""High"",""next_step"":""Visit/call this week; confirm referral contact and drop approved material"",""source_row"":157,""source_sheet"":""All PCP-Vein Targets"",""visit_status"":""Need to Visit"",""route_cluster"":""Hudson Waterfront"",""priority_score"":11,""source_workbook"":""NJ_PCP_Vein_Target_List_by_HPO.xlsx"",""geocode_provider"":""census"",""closest_hpo_office"":""Hoboken"",""source_prospect_id"":""6540d984-8cb3-4a81-9402-21eea7772411"",""original_fit_status"":""qualified"",""verification_status"":""partial"",""geocode_last_attempt"":""2026-09-28T16:32:29.978Z"",""imported_for_hpo_crm"":""2026-09-28""}","2026-09-28 17:05:37.624431+00","2026-09-28 17:05:37.624431+00",,,,"[""prospect"",""pcp""]","NJ_PCP_Vein_Target_List_by_HPO.xlsx#All PCP-Vein Targets","prospect:8b28a58c9233b1626897009f13db3b6f",,"40.766682005245","-74.029893068342","2026-09-28 16:32:29.978+00"
"","48dff160-1fbc-4624-b548-b8f255fb4f9d","Dr. Jessica Loghmanee","Primary Care","PCP","Hudson Waterfront","Jersey City","600 Pavonia Ave, Jersey City, NJ 07306","3","Adam","Prospect","active","HPO prospect import",,,,,"{""priority"":""A - Visit First"",""provider"":null,""vein_fit"":""High"",""next_step"":""Visit/call this week; confirm referral contact and drop approved material"",""source_row"":341,""source_sheet"":""All PCP-Vein Targets"",""visit_status"":""Need to Visit"",""route_cluster"":""Hudson Waterfront"",""priority_score"":11,""source_workbook"":""NJ_PCP_Vein_Target_List_by_HPO.xlsx"",""geocode_provider"":""census"",""closest_hpo_office"":""Hoboken"",""source_prospect_id"":""11347755-72bb-4772-afc1-5ed7d48c44ae"",""original_fit_status"":""qualified"",""verification_status"":""partial"",""geocode_last_attempt"":""2026-09-28T16:31:37.577Z"",""imported_for_hpo_crm"":""2026-09-28""}","2026-09-28 17:05:37.624431+00","2026-09-28 17:05:37.624431+00",,,,"[""prospect"",""pcp""]","NJ_PCP_Vein_Target_List_by_HPO.xlsx#All PCP-Vein Targets","prospect:d05ec0b4436be8486fda11430779182d",,"40.732748636656","-74.060251926091","2026-09-28 16:31:37.577+00"
"","7dff674f-2718-4532-957f-77ccbe7a03fe","Dr. Jihad Moukdad","Primary Care","PCP","Hudson Waterfront","Secaucus","1265 Paterson Plank Rd #3b, Secaucus, NJ 07094","3","Adam","Prospect","active","HPO prospect import",,,,,"{""priority"":""A - Visit First"",""provider"":null,""vein_fit"":""High"",""next_step"":""Visit/call this week; confirm referral contact and drop approved material"",""source_row"":60,""source_sheet"":""All PCP-Vein Targets"",""visit_status"":""Need to Visit"",""route_cluster"":""Hudson Waterfront"",""priority_score"":10,""source_workbook"":""NJ_PCP_Vein_Target_List_by_HPO.xlsx"",""geocode_provider"":""census"",""closest_hpo_office"":""Hoboken"",""source_prospect_id"":""102d7779-e821-4d29-bd0f-2d83f2a2d694"",""original_fit_status"":""qualified"",""verification_status"":""partial"",""geocode_last_attempt"":""2026-09-28T16:32:30.603Z"",""imported_for_hpo_crm"":""2026-09-28""}","2026-09-28 17:05:37.624431+00","2026-09-28 17:05:37.624431+00",,,,"[""prospect"",""pcp""]","NJ_PCP_Vein_Target_List_by_HPO.xlsx#All PCP-Vein Targets","prospect:504cbf11d19ef4e2545f3fd481f4c5fb",,"40.789452780225","-74.056816136826","2026-09-28 16:32:30.603+00"
"","1f069cdc-f76a-4aea-95de-155176955e14","Dr. Joan Maryampillai","Primary Care","PCP","Newark / Essex","Verona","825 Bloomfield Ave","3","Adam","Prospect","active","HPO prospect import",,,,,"{""priority"":""B - Strong Target"",""provider"":null,""vein_fit"":""High"",""next_step"":""Add to route; call first and schedule quick drop-in"",""source_row"":391,""source_sheet"":""All PCP-Vein Targets"",""visit_status"":""Need to Visit"",""route_cluster"":""Newark / Essex"",""priority_score"":8,""source_workbook"":""NJ_PCP_Vein_Target_List_by_HPO.xlsx"",""geocode_provider"":""photon"",""closest_hpo_office"":""Newark"",""source_prospect_id"":""eecc6858-e46e-4e4f-98a3-329448952f71"",""original_fit_status"":""qualified"",""verification_status"":""partial"",""geocode_last_attempt"":""2026-09-28T16:33:39.691Z"",""imported_for_hpo_crm"":""2026-09-28""}","2026-09-28 17:05:37.624431+00","2026-09-28 17:05:37.624431+00",,,,"[""prospect"",""pcp""]","NJ_PCP_Vein_Target_List_by_HPO.xlsx#All PCP-Vein Targets","prospect:5265be179fc0f757e1334a982d3ff81b",,"40.8342614","-74.2554943","2026-09-28 16:33:39.691+00"
"","2210e472-e9ff-43e0-b89d-2b57e9c4eec7","Dr. John Dellorso","Primary Care","PCP","Bergen / Passaic","Little Falls","1 Newark Pompton Tpk","3","Adam","Prospect","active","HPO prospect import",,,,,"{""priority"":""B - Strong Target"",""provider"":null,""vein_fit"":""High"",""next_step"":""Add to route; call first and schedule quick drop-in"",""source_row"":23,""source_sheet"":""All PCP-Vein Targets"",""visit_status"":""Need to Visit"",""route_cluster"":""Bergen / Passaic"",""priority_score"":8,""source_workbook"":""NJ_PCP_Vein_Target_List_by_HPO.xlsx"",""geocode_provider"":""census"",""closest_hpo_office"":""Ridgewood"",""source_prospect_id"":""a87e3cb4-ae2a-4b96-9a25-457bc2df1957"",""original_fit_status"":""qualified"",""verification_status"":""partial"",""geocode_last_attempt"":""2026-09-28T16:33:55.418Z"",""imported_for_hpo_crm"":""2026-09-28""}","2026-09-28 17:05:37.624431+00","2026-09-28 17:05:37.624431+00",,,,"[""prospect"",""pcp""]","NJ_PCP_Vein_Target_List_by_HPO.xlsx#All PCP-Vein Targets","prospect:4fc74e30c9ac184905a880642453ae52",,"40.887377219426","-74.246437165121","2026-09-28 16:33:55.418+00"
"","a3529a08-9d7a-4ebf-a65b-c790b2f75c5a","Dr. John Eirene","Primary Care","PCP","Bergen / Passaic","Fair Lawn","20-20 Fair Lawn Ave, Fair Lawn, NJ 07410","3","Adam","Prospect","active","HPO prospect import",,,,,"{""priority"":""A - Visit First"",""provider"":null,""vein_fit"":""High"",""next_step"":""Visit/call this week; confirm referral contact and drop approved material"",""source_row"":86,""source_sheet"":""All PCP-Vein Targets"",""visit_status"":""Need to Visit"",""route_cluster"":""Bergen / Passaic"",""priority_score"":11,""source_workbook"":""NJ_PCP_Vein_Target_List_by_HPO.xlsx"",""geocode_provider"":""census"",""closest_hpo_office"":""Ridgewood"",""source_prospect_id"":""27dcae77-8010-4304-b685-b2674421e0ee"",""original_fit_status"":""qualified"",""verification_status"":""partial"",""geocode_last_attempt"":""2026-09-28T16:32:31.451Z"",""imported_for_hpo_crm"":""2026-09-28""}","2026-09-28 17:05:37.624431+00","2026-09-28 17:05:37.624431+00",,,,"[""prospect"",""pcp""]","NJ_PCP_Vein_Target_List_by_HPO.xlsx#All PCP-Vein Targets","prospect:8b12c84960f527d21d51387d3b82fc67",,"40.938733358066","-74.122071486454","2026-09-28 16:32:31.451+00"
"","8b2b9b52-86e6-4dc4-8cfd-d3f324a800fd","Dr. John Niccollai medical center","Primary Care","PCP","Bergen / Passaic","Little Falls","219 Paterson Ave","3","Adam","Prospect","active","HPO prospect import","No Reps",,,,"{""priority"":""B - Strong Target"",""provider"":null,""vein_fit"":""High"",""next_step"":""Add to route; call first and schedule quick drop-in"",""source_row"":141,""source_sheet"":""All PCP-Vein Targets"",""visit_status"":""Need to Visit"",""route_cluster"":""Bergen / Passaic"",""priority_score"":9,""source_workbook"":""NJ_PCP_Vein_Target_List_by_HPO.xlsx"",""geocode_provider"":""census"",""closest_hpo_office"":""Ridgewood"",""source_prospect_id"":""7661e06f-2f72-4001-b482-02d4e9460e8b"",""original_fit_status"":""qualified"",""verification_status"":""partial"",""geocode_last_attempt"":""2026-09-28T16:33:55.518Z"",""imported_for_hpo_crm"":""2026-09-28""}","2026-09-28 17:05:37.624431+00","2026-09-28 17:05:37.624431+00",,,,"[""prospect"",""pcp""]","NJ_PCP_Vein_Target_List_by_HPO.xlsx#All PCP-Vein Targets","prospect:6e78079c6a78b4eba81ed9d99c43160a",,"40.887036320937","-74.221398550887","2026-09-28 16:33:55.518+00"
"","cba3605e-fb11-4006-b797-bdc70c10f463","Dr. Joseph Follo","Primary Care","Internal","Union / Elizabeth","Caldwell","616 Bloomfield Ave","3","Adam","Prospect","active","HPO prospect import",,,,,"{""priority"":""B - Strong Target"",""provider"":null,""vein_fit"":""High"",""next_step"":""Add to route; call first and schedule quick drop-in"",""source_row"":346,""source_sheet"":""All PCP-Vein Targets"",""visit_status"":""Need to Visit"",""route_cluster"":""Union / Elizabeth"",""priority_score"":8,""source_workbook"":""NJ_PCP_Vein_Target_List_by_HPO.xlsx"",""geocode_provider"":""census"",""closest_hpo_office"":""Union"",""source_prospect_id"":""2ceba382-8342-4296-9365-9d76a5c71c64"",""original_fit_status"":""qualified"",""verification_status"":""partial"",""geocode_last_attempt"":""2026-09-28T16:33:55.911Z"",""imported_for_hpo_crm"":""2026-09-28""}","2026-09-28 17:05:37.624431+00","2026-09-28 17:05:37.624431+00",,,,"[""prospect"",""pcp""]","NJ_PCP_Vein_Target_List_by_HPO.xlsx#All PCP-Vein Targets","prospect:94abad807215cab8155d6ddd906ec476",,"40.846883283108","-74.289837902188","2026-09-28 16:33:55.911+00"
"","c4004567-d8dc-4b3c-a650-1763937013f9","Dr. Joseph Fretta","Primary Care","PCP","Newark / Essex","West Orange","81 Northfield Rd","3","Adam","Prospect","active","HPO prospect import","Andrea",,,,"{""priority"":""B - Strong Target"",""provider"":null,""vein_fit"":""High"",""next_step"":""Add to route; call first and schedule quick drop-in"",""source_row"":390,""source_sheet"":""All PCP-Vein Targets"",""visit_status"":""Need to Visit"",""route_cluster"":""Newark / Essex"",""priority_score"":9,""source_workbook"":""NJ_PCP_Vein_Target_List_by_HPO.xlsx"",""geocode_provider"":""census"",""closest_hpo_office"":""Newark"",""source_prospect_id"":""3fc25edf-a92a-4c82-b501-ca8692ec4c59"",""original_fit_status"":""qualified"",""verification_status"":""partial"",""geocode_last_attempt"":""2026-09-28T16:32:32.743Z"",""imported_for_hpo_crm"":""2026-09-28""}","2026-09-28 17:05:37.624431+00","2026-09-28 17:05:37.624431+00",,,,"[""prospect"",""pcp""]","NJ_PCP_Vein_Target_List_by_HPO.xlsx#All PCP-Vein Targets","prospect:cf9035852336ea50214f99f7341f2cfd",,"40.775842708326","-74.243454705709","2026-09-28 16:32:32.743+00"
"","99351837-e9c9-4633-a834-bd49797b916c","Dr. Joseph Mosquera","Primary Care","PCP","Newark / Essex","Newark","137 Prospect St, Newark, NJ 07105","3","Adam","Prospect","active","HPO prospect import",,,,,"{""priority"":""A - Visit First"",""provider"":null,""vein_fit"":""High"",""next_step"":""Visit/call this week; confirm referral contact and drop approved material"",""source_row"":73,""source_sheet"":""All PCP-Vein Targets"",""visit_status"":""Need to Visit"",""route_cluster"":""Newark / Essex"",""priority_score"":13,""source_workbook"":""NJ_PCP_Vein_Target_List_by_HPO.xlsx"",""geocode_provider"":""census"",""closest_hpo_office"":""Newark"",""source_prospect_id"":""960d0a7b-46d8-472a-8312-5b15d698e2d1"",""original_fit_status"":""qualified"",""verification_status"":""partial"",""geocode_last_attempt"":""2026-09-28T16:32:30.893Z"",""imported_for_hpo_crm"":""2026-09-28""}","2026-09-28 17:05:37.624431+00","2026-09-28 17:05:37.624431+00",,,,"[""prospect"",""pcp""]","NJ_PCP_Vein_Target_List_by_HPO.xlsx#All PCP-Vein Targets","prospect:61b2439fffe87803aebd75db724d691e",,"40.729393815818","-74.164145589652","2026-09-28 16:32:30.893+00"
"","9975a22a-230a-4e07-9f4a-7fca57ded7cf","Dr. Juan Castillo","Primary Care","PCP","Hudson Waterfront","Union City","322 49th St, Union City, NJ 07087","3","Adam","Prospect","active","HPO prospect import",,,,,"{""priority"":""A - Visit First"",""provider"":null,""vein_fit"":""High"",""next_step"":""Visit/call this week; confirm referral contact and drop approved material"",""source_row"":216,""source_sheet"":""All PCP-Vein Targets"",""visit_status"":""Need to Visit"",""route_cluster"":""Hudson Waterfront"",""priority_score"":10,""source_workbook"":""NJ_PCP_Vein_Target_List_by_HPO.xlsx"",""geocode_provider"":""census"",""closest_hpo_office"":""Hoboken"",""source_prospect_id"":""df51b53d-a44b-4b0f-b2ca-92b786e20da7"",""original_fit_status"":""qualified"",""verification_status"":""partial"",""geocode_last_attempt"":""2026-09-28T16:32:29.999Z"",""imported_for_hpo_crm"":""2026-09-28""}","2026-09-28 17:05:37.624431+00","2026-09-28 17:05:37.624431+00",,,,"[""prospect"",""pcp""]","NJ_PCP_Vein_Target_List_by_HPO.xlsx#All PCP-Vein Targets","prospect:4f2d96440ca8d51ec75b4de802d7c37f",,"40.781596342987","-74.019780496661","2026-09-28 16:32:29.999+00"
"","e91c0bab-6fb3-4213-87fb-ffb03d9312d3","Dr. Juan De La Cruz","Primary Care","PCP","Bergen Waterfront","Passaic","335 Passaic St, Passaic, NJ 07055","3","Adam","Prospect","active","HPO prospect import",,,,,"{""priority"":""B - Strong Target"",""provider"":null,""vein_fit"":""High"",""next_step"":""Add to route; call first and schedule quick drop-in"",""source_row"":222,""source_sheet"":""All PCP-Vein Targets"",""visit_status"":""Need to Visit"",""route_cluster"":""Bergen Waterfront"",""priority_score"":8,""source_workbook"":""NJ_PCP_Vein_Target_List_by_HPO.xlsx"",""geocode_provider"":""census"",""closest_hpo_office"":""Edgewater"",""source_prospect_id"":""83c3ead9-8266-4b38-8eb9-f176f1753f72"",""original_fit_status"":""qualified"",""verification_status"":""partial"",""geocode_last_attempt"":""2026-09-28T16:32:31.743Z"",""imported_for_hpo_crm"":""2026-09-28""}","2026-09-28 17:05:37.624431+00","2026-09-28 17:05:37.624431+00",,,,"[""prospect"",""pcp""]","NJ_PCP_Vein_Target_List_by_HPO.xlsx#All PCP-Vein Targets","prospect:7546f0e6465c132cdd154ca6f8216faf",,"40.860389263123","-74.123459266379","2026-09-28 16:32:31.743+00"
"","ff168e6d-fb98-4542-984d-e5b4f5e24863","Dr. Kadri","Primary Care","PCP","Newark / Essex","West Orange","72 Valley Rd West Orange","3","Adam","Prospect","active","HPO prospect import","Ramonia, Hilda",,,,"{""priority"":""B - Strong Target"",""provider"":null,""vein_fit"":""High"",""next_step"":""Add to route; call first and schedule quick drop-in"",""source_row"":367,""source_sheet"":""All PCP-Vein Targets"",""visit_status"":""Need to Visit"",""route_cluster"":""Newark / Essex"",""priority_score"":9,""source_workbook"":""NJ_PCP_Vein_Target_List_by_HPO.xlsx"",""geocode_provider"":""census"",""closest_hpo_office"":""Newark"",""source_prospect_id"":""fd3180f4-c87b-4280-8717-b273ad5b39f4"",""original_fit_status"":""qualified"",""verification_status"":""partial"",""geocode_last_attempt"":""2026-09-28T16:32:32.639Z"",""imported_for_hpo_crm"":""2026-09-28""}","2026-09-28 17:05:37.624431+00","2026-09-28 17:05:37.624431+00",,,,"[""prospect"",""pcp""]","NJ_PCP_Vein_Target_List_by_HPO.xlsx#All PCP-Vein Targets","prospect:3b7e8574d9f3ab9fda3a0299209cdce4",,"40.764658714679","-74.252676041204","2026-09-28 16:32:32.639+00"
"","e97b228e-2070-47b7-95bc-905b8487cdd9","Dr. Kalra","Primary Care","PCP","Bergen / Passaic","Fair Lawn","15-01 Broadway, Broadway, Fair Lawn, NJ 07410","3","Adam","Prospect","active","HPO prospect import",,,,,"{""priority"":""B - Strong Target"",""provider"":null,""vein_fit"":""High"",""next_step"":""Add to route; call first and schedule quick drop-in"",""source_row"":75,""source_sheet"":""All PCP-Vein Targets"",""visit_status"":""Need to Visit"",""route_cluster"":""Bergen / Passaic"",""priority_score"":9,""source_workbook"":""NJ_PCP_Vein_Target_List_by_HPO.xlsx"",""geocode_provider"":""census"",""closest_hpo_office"":""Ridgewood"",""source_prospect_id"":""ef10baa0-918c-4367-bcd5-97e7969c3887"",""original_fit_status"":""qualified"",""verification_status"":""partial"",""geocode_last_attempt"":""2026-09-28T16:33:54.657Z"",""imported_for_hpo_crm"":""2026-09-28""}","2026-09-28 17:05:37.624431+00","2026-09-28 17:05:37.624431+00",,,,"[""prospect"",""pcp""]","NJ_PCP_Vein_Target_List_by_HPO.xlsx#All PCP-Vein Targets","prospect:615f93f6363ca0c20d9d940737b363a4",,"40.920806173243","-74.119197957471","2026-09-28 16:33:54.657+00"
"","3537aa19-ee60-4b82-b862-b9e0f234acf3","Dr. Kamelesh Shah","Primary Care","PCP","Hudson Waterfront","Secaucus","1265 Paterson Plank Rd 1st Floor, Secaucus, NJ 07094","3","Adam","Prospect","active","HPO prospect import",,,,,"{""priority"":""A - Visit First"",""provider"":null,""vein_fit"":""High"",""next_step"":""Visit/call this week; confirm referral contact and drop approved material"",""source_row"":61,""source_sheet"":""All PCP-Vein Targets"",""visit_status"":""Need to Visit"",""route_cluster"":""Hudson Waterfront"",""priority_score"":10,""source_workbook"":""NJ_PCP_Vein_Target_List_by_HPO.xlsx"",""geocode_provider"":""census"",""closest_hpo_office"":""Hoboken"",""source_prospect_id"":""76a53753-b21c-4070-a9c1-4b971c88da86"",""original_fit_status"":""qualified"",""verification_status"":""partial"",""geocode_last_attempt"":""2026-09-28T16:32:30.619Z"",""imported_for_hpo_crm"":""2026-09-28""}","2026-09-28 17:05:37.624431+00","2026-09-28 17:05:37.624431+00",,,,"[""prospect"",""pcp""]","NJ_PCP_Vein_Target_List_by_HPO.xlsx#All PCP-Vein Targets","prospect:90d2bda0bc7c1c05152fcd34697ec3be",,"40.789452780225","-74.056816136826","2026-09-28 16:32:30.619+00"
"","5344a4fc-aca6-41e8-b357-639374b44330","Dr. Kantha","Primary Care","PCP","Bergen / Passaic","Ridgewood","1124 E Ridgewood Ave, Ridgewood, NJ 07450","3","Adam","Prospect","active","HPO prospect import",,,,,"{""priority"":""A - Visit First"",""provider"":null,""vein_fit"":""High"",""next_step"":""Visit/call this week; confirm referral contact and drop approved material"",""source_row"":46,""source_sheet"":""All PCP-Vein Targets"",""visit_status"":""Need to Visit"",""route_cluster"":""Bergen / Passaic"",""priority_score"":10,""source_workbook"":""NJ_PCP_Vein_Target_List_by_HPO.xlsx"",""geocode_provider"":""census"",""closest_hpo_office"":""Ridgewood"",""source_prospect_id"":""d2b77ca6-372c-4fbe-a45e-4c7f51739d77"",""original_fit_status"":""qualified"",""verification_status"":""partial"",""geocode_last_attempt"":""2026-09-28T16:32:31.457Z"",""imported_for_hpo_crm"":""2026-09-28""}","2026-09-28 17:05:37.624431+00","2026-09-28 17:05:37.624431+00",,,,"[""prospect"",""pcp""]","NJ_PCP_Vein_Target_List_by_HPO.xlsx#All PCP-Vein Targets","prospect:abaa842493a2770c1bef5c0e83e62767",,"40.973953182477","-74.096031456057","2026-09-28 16:32:31.457+00"
"","5cf2be99-be76-4159-8626-8e83eaaa9e01","Dr. Karnik Patel","Primary Care","PCP","Hudson Waterfront","Hoboken","108 Washington Street, Hoboken, NJ 07030","3","Adam","Prospect","active","HPO prospect import",,,,,"{""priority"":""A - Visit First"",""provider"":null,""vein_fit"":""High"",""next_step"":""Visit/call this week; confirm referral contact and drop approved material"",""source_row"":36,""source_sheet"":""All PCP-Vein Targets"",""visit_status"":""Need to Visit"",""route_cluster"":""Hudson Waterfront"",""priority_score"":10,""source_workbook"":""NJ_PCP_Vein_Target_List_by_HPO.xlsx"",""geocode_provider"":""census"",""closest_hpo_office"":""Hoboken"",""source_prospect_id"":""d1971678-d481-464f-ad28-1a1696b30326"",""original_fit_status"":""qualified"",""verification_status"":""partial"",""geocode_last_attempt"":""2026-09-28T16:30:42.683Z"",""imported_for_hpo_crm"":""2026-09-28""}","2026-09-28 17:05:37.624431+00","2026-09-28 17:05:37.624431+00",,,,"[""prospect"",""pcp""]","NJ_PCP_Vein_Target_List_by_HPO.xlsx#All PCP-Vein Targets","prospect:3a5fb52616b3adfb7d6a932ec4e62d66",,"40.738441390235","-74.030673007019","2026-09-28 16:30:42.683+00"
"","777eb57e-e0b1-4df8-9083-8bccaa2e339e","Dr. Kennedy Daftani","Primary Care","PCP","Newark / Essex","Verona","271 Grove Ave","3","Adam","Prospect","active","HPO prospect import",,,,,"{""priority"":""B - Strong Target"",""provider"":null,""vein_fit"":""High"",""next_step"":""Add to route; call first and schedule quick drop-in"",""source_row"":177,""source_sheet"":""All PCP-Vein Targets"",""visit_status"":""Need to Visit"",""route_cluster"":""Newark / Essex"",""priority_score"":8,""source_workbook"":""NJ_PCP_Vein_Target_List_by_HPO.xlsx"",""geocode_provider"":""census"",""closest_hpo_office"":""Newark"",""source_prospect_id"":""b7bf1632-357e-437d-aee3-0c914942b066"",""original_fit_status"":""qualified"",""verification_status"":""partial"",""geocode_last_attempt"":""2026-09-28T16:33:35.707Z"",""imported_for_hpo_crm"":""2026-09-28""}","2026-09-28 17:05:37.624431+00","2026-09-28 17:05:37.624431+00",,,,"[""prospect"",""pcp""]","NJ_PCP_Vein_Target_List_by_HPO.xlsx#All PCP-Vein Targets","prospect:4d4c119e9ec89fa2664cb47a86882e1a",,"40.844698369776","-74.236939918609","2026-09-28 16:33:35.707+00"
"","5670045f-1a7c-462e-b877-2c53d9606559","Dr. Kerri Le Masson/ Dr. Jim Nguyen","Primary Care","PCP","Hudson Waterfront","Jersey City","176 Palisade Ave, Jersey City, NJ 07306","3","Adam","Prospect","active","HPO prospect import",,,,,"{""priority"":""A - Visit First"",""provider"":null,""vein_fit"":""High"",""next_step"":""Visit/call this week; confirm referral contact and drop approved material"",""source_row"":94,""source_sheet"":""All PCP-Vein Targets"",""visit_status"":""Need to Visit"",""route_cluster"":""Hudson Waterfront"",""priority_score"":11,""source_workbook"":""NJ_PCP_Vein_Target_List_by_HPO.xlsx"",""geocode_provider"":""census"",""closest_hpo_office"":""Hoboken"",""source_prospect_id"":""a9b3d579-e386-4a14-a100-68d85a9620a5"",""original_fit_status"":""qualified"",""verification_status"":""partial"",""geocode_last_attempt"":""2026-09-28T16:31:37.572Z"",""imported_for_hpo_crm"":""2026-09-28""}","2026-09-28 17:05:37.624431+00","2026-09-28 17:05:37.624431+00",,,,"[""prospect"",""pcp""]","NJ_PCP_Vein_Target_List_by_HPO.xlsx#All PCP-Vein Targets","prospect:a85b4f4ac4c8bb9045e26ac661965c96",,"40.733982716687","-74.050671445367","2026-09-28 16:31:37.572+00"
"","00d47bf7-6e52-48eb-bee5-50781e6ac351","Dr. Kevin Berg","Primary Care","PCP","Newark / Essex","Verona","799 Bloomfield Ave","3","Adam","Prospect","active","HPO prospect import",,,,,"{""priority"":""B - Strong Target"",""provider"":null,""vein_fit"":""High"",""next_step"":""Add to route; call first and schedule quick drop-in"",""source_row"":380,""source_sheet"":""All PCP-Vein Targets"",""visit_status"":""Need to Visit"",""route_cluster"":""Newark / Essex"",""priority_score"":8,""source_workbook"":""NJ_PCP_Vein_Target_List_by_HPO.xlsx"",""geocode_provider"":""photon"",""closest_hpo_office"":""Newark"",""source_prospect_id"":""63d9b20b-9695-4d8c-8411-b364a5b72854"",""original_fit_status"":""qualified"",""verification_status"":""partial"",""geocode_last_attempt"":""2026-09-28T16:33:39.427Z"",""imported_for_hpo_crm"":""2026-09-28""}","2026-09-28 17:05:37.624431+00","2026-09-28 17:05:37.624431+00",,,,"[""prospect"",""pcp""]","NJ_PCP_Vein_Target_List_by_HPO.xlsx#All PCP-Vein Targets","prospect:9981d40014148ede7792feee069a65ac",,"40.8339491","-74.2531037","2026-09-28 16:33:39.427+00"
"","75ae3f9f-b0d2-41fe-91a2-a95711cd86ea","Dr. Kirit Gandhi","Primary Care","PCP","Hudson Waterfront","Jersey City","3665 John F Kennedy Blvd, Jersey City, NJ 07307","3","Adam","Prospect","active","HPO prospect import",,,,,"{""priority"":""A - Visit First"",""provider"":null,""vein_fit"":""High"",""next_step"":""Visit/call this week; confirm referral contact and drop approved material"",""source_row"":230,""source_sheet"":""All PCP-Vein Targets"",""visit_status"":""Need to Visit"",""route_cluster"":""Hudson Waterfront"",""priority_score"":11,""source_workbook"":""NJ_PCP_Vein_Target_List_by_HPO.xlsx"",""geocode_provider"":""census"",""closest_hpo_office"":""Hoboken"",""source_prospect_id"":""2a8813e9-5907-4d2c-b6b9-391b10fc601c"",""original_fit_status"":""qualified"",""verification_status"":""partial"",""geocode_last_attempt"":""2026-09-28T16:31:37.575Z"",""imported_for_hpo_crm"":""2026-09-28""}","2026-09-28 17:05:37.624431+00","2026-09-28 17:05:37.624431+00",,,,"[""prospect"",""pcp""]","NJ_PCP_Vein_Target_List_by_HPO.xlsx#All PCP-Vein Targets","prospect:184db6d2dc30ed69c303a0e348f78c20",,"40.755565778934","-74.047160857332","2026-09-28 16:31:37.575+00"
"","a454da80-2dd0-4a41-be59-62653fdad990","Dr. Kuar Birinder","Primary Care","PCP","Bergen / Passaic","Glen Rock","385 Maple Ave, Glen Rock, NJ 07452","3","Adam","Prospect","active","HPO prospect import",,,,,"{""priority"":""A - Visit First"",""provider"":null,""vein_fit"":""High"",""next_step"":""Visit/call this week; confirm referral contact and drop approved material"",""source_row"":243,""source_sheet"":""All PCP-Vein Targets"",""visit_status"":""Need to Visit"",""route_cluster"":""Bergen / Passaic"",""priority_score"":10,""source_workbook"":""NJ_PCP_Vein_Target_List_by_HPO.xlsx"",""geocode_provider"":""census"",""closest_hpo_office"":""Ridgewood"",""source_prospect_id"":""46511551-c352-4ad9-be1c-8d9a2ffb5ad5"",""original_fit_status"":""qualified"",""verification_status"":""partial"",""geocode_last_attempt"":""2026-09-28T16:32:31.449Z"",""imported_for_hpo_crm"":""2026-09-28""}","2026-09-28 17:05:37.624431+00","2026-09-28 17:05:37.624431+00",,,,"[""prospect"",""pcp""]","NJ_PCP_Vein_Target_List_by_HPO.xlsx#All PCP-Vein Targets","prospect:94d3ba4c5c34890d267d0f0d38effcc8",,"40.968839133729","-74.119996663395","2026-09-28 16:32:31.449+00"
"","2ee6c4eb-1ee5-4c8a-842e-0f4833166bbb","Dr. Kwapniewski","Primary Care","PCP","Newark / Essex","North Arlington","312 Belleville Turnpike, North Arlington, NJ 07031","3","Adam","Prospect","active","HPO prospect import",,,,,"{""priority"":""B - Strong Target"",""provider"":null,""vein_fit"":""High"",""next_step"":""Add to route; call first and schedule quick drop-in"",""source_row"":11,""source_sheet"":""All PCP-Vein Targets"",""visit_status"":""Need to Visit"",""route_cluster"":""Newark / Essex"",""priority_score"":9,""source_workbook"":""NJ_PCP_Vein_Target_List_by_HPO.xlsx"",""geocode_provider"":""census"",""closest_hpo_office"":""Newark"",""source_prospect_id"":""ea2904bf-b453-41bc-9b14-262da7ac0f00"",""original_fit_status"":""qualified"",""verification_status"":""partial"",""geocode_last_attempt"":""2026-09-28T16:32:32.038Z"",""imported_for_hpo_crm"":""2026-09-28""}","2026-09-28 17:05:37.624431+00","2026-09-28 17:05:37.624431+00",,,,"[""prospect"",""pcp""]","NJ_PCP_Vein_Target_List_by_HPO.xlsx#All PCP-Vein Targets","prospect:1607cfaad688e5d98bab63f7723ee9fe",,"40.780221314659","-74.135417911274","2026-09-28 16:32:32.038+00"
"","d8ca44e3-1b37-429d-ba68-a78cb9d96379","Dr. Lalit Mehta","Primary Care","PCP","Hudson Waterfront","Union City","1201 Summit Ave, Union City, NJ 07087","3","Adam","Prospect","active","HPO prospect import",,,,,"{""priority"":""A - Visit First"",""provider"":null,""vein_fit"":""High"",""next_step"":""Visit/call this week; confirm referral contact and drop approved material"",""source_row"":54,""source_sheet"":""All PCP-Vein Targets"",""visit_status"":""Need to Visit"",""route_cluster"":""Hudson Waterfront"",""priority_score"":11,""source_workbook"":""NJ_PCP_Vein_Target_List_by_HPO.xlsx"",""geocode_provider"":""census"",""closest_hpo_office"":""Hoboken"",""source_prospect_id"":""f3617b73-e5f8-4e80-9b3e-154c4d011eaa"",""original_fit_status"":""qualified"",""verification_status"":""partial"",""geocode_last_attempt"":""2026-09-28T16:32:29.976Z"",""imported_for_hpo_crm"":""2026-09-28""}","2026-09-28 17:05:37.624431+00","2026-09-28 17:05:37.624431+00",,,,"[""prospect"",""pcp""]","NJ_PCP_Vein_Target_List_by_HPO.xlsx#All PCP-Vein Targets","prospect:39fa3bae6a6294fb5c0cda45950b0dd7",,"40.761158766102","-74.041931107591","2026-09-28 16:32:29.976+00"
"","aedc648a-9662-4c21-9b26-7eae9e8f7e6b","Dr. Leslie Simonson","Primary Care","PCP","Hudson Waterfront","Union City","415 43rd St, Union City, NJ 07087","3","Adam","Prospect","active","HPO prospect import",,,,,"{""priority"":""A - Visit First"",""provider"":""Medical Arts Clinic"",""vein_fit"":""High"",""next_step"":""Visit/call this week; confirm referral contact and drop approved material"",""source_row"":268,""source_sheet"":""All PCP-Vein Targets"",""visit_status"":""Need to Visit"",""route_cluster"":""Hudson Waterfront"",""priority_score"":11,""source_workbook"":""NJ_PCP_Vein_Target_List_by_HPO.xlsx"",""geocode_provider"":""census"",""closest_hpo_office"":""Hoboken"",""source_prospect_id"":""29e080a7-bd11-433c-a495-b59adc028f38"",""original_fit_status"":""qualified"",""verification_status"":""partial"",""geocode_last_attempt"":""2026-09-28T16:32:30.008Z"",""imported_for_hpo_crm"":""2026-09-28""}","2026-09-28 17:05:37.624431+00","2026-09-28 17:05:37.624431+00",,,,"[""prospect"",""pcp""]","NJ_PCP_Vein_Target_List_by_HPO.xlsx#All PCP-Vein Targets","prospect:4f20b032f152eee0f21e301f316a8ddb",,"40.777588615533","-74.023700930402","2026-09-28 16:32:30.008+00"
"","8eefffa9-f7cf-4cc3-b8ff-a145dcab2f16","Dr. Lisa Cadoo, MD","Primary Care","PCP","Newark / Essex","Montclair","37 N Fullerton Ave, Montclair, NJ 07042","3","Adam","Prospect","active","HPO prospect import","Krystal",,,,"{""priority"":""B - Strong Target"",""provider"":null,""vein_fit"":""High"",""next_step"":""Add to route; call first and schedule quick drop-in"",""source_row"":231,""source_sheet"":""All PCP-Vein Targets"",""visit_status"":""Need to Visit"",""route_cluster"":""Newark / Essex"",""priority_score"":9,""source_workbook"":""NJ_PCP_Vein_Target_List_by_HPO.xlsx"",""geocode_provider"":""census"",""closest_hpo_office"":""Newark"",""source_prospect_id"":""a689b395-36eb-45cd-8ba5-b2c1a117f6a0"",""original_fit_status"":""qualified"",""verification_status"":""partial"",""geocode_last_attempt"":""2026-09-28T16:33:20.683Z"",""imported_for_hpo_crm"":""2026-09-28""}","2026-09-28 17:05:37.624431+00","2026-09-28 17:05:37.624431+00",,,,"[""prospect"",""pcp""]","NJ_PCP_Vein_Target_List_by_HPO.xlsx#All PCP-Vein Targets","prospect:6fe892dc0ca2a2b74e3b4e25ad8f73aa",,"40.815562271487","-74.216253936839","2026-09-28 16:33:20.683+00"
"","d4c64723-ba4c-4b2b-b5d9-06b62841e154","Dr. Lisa Ferraro","Primary Care","PCP","Bergen / Passaic","Paterson","414 Broadway, Paterson, NJ 07501","3","Adam","Prospect","active","HPO prospect import",,,,,"{""priority"":""B - Strong Target"",""provider"":null,""vein_fit"":""High"",""next_step"":""Add to route; call first and schedule quick drop-in"",""source_row"":267,""source_sheet"":""All PCP-Vein Targets"",""visit_status"":""Need to Visit"",""route_cluster"":""Bergen / Passaic"",""priority_score"":9,""source_workbook"":""NJ_PCP_Vein_Target_List_by_HPO.xlsx"",""geocode_provider"":""census"",""closest_hpo_office"":""Ridgewood"",""source_prospect_id"":""2f0d2ae3-ed77-4c5b-9f4a-1258465a5e43"",""original_fit_status"":""qualified"",""verification_status"":""partial"",""geocode_last_attempt"":""2026-09-28T16:33:55.079Z"",""imported_for_hpo_crm"":""2026-09-28""}","2026-09-28 17:05:37.624431+00","2026-09-28 17:05:37.624431+00",,,,"[""prospect"",""pcp""]","NJ_PCP_Vein_Target_List_by_HPO.xlsx#All PCP-Vein Targets","prospect:780f83c990eff20b39fbe4c9f3361871",,"40.918433318514","-74.157811829908","2026-09-28 16:33:55.08+00"
"","76d11b6c-da78-4a1a-9a7e-634c561feca6","Dr. Livshits Boris","Primary Care","PCP","Bergen / Passaic","Elmwood Park","278 Broadway, Elmwood Park, NJ 07407","3","Adam","Prospect","active","HPO prospect import",,,,,"{""priority"":""A - Visit First"",""provider"":null,""vein_fit"":""High"",""next_step"":""Visit/call this week; confirm referral contact and drop approved material"",""source_row"":3,""source_sheet"":""All PCP-Vein Targets"",""visit_status"":""Need to Visit"",""route_cluster"":""Bergen / Passaic"",""priority_score"":11,""source_workbook"":""NJ_PCP_Vein_Target_List_by_HPO.xlsx"",""geocode_provider"":""census"",""closest_hpo_office"":""Ridgewood"",""source_prospect_id"":""7f47b185-d3e2-4b9d-a12e-f22116b2bb97"",""original_fit_status"":""qualified"",""verification_status"":""partial"",""geocode_last_attempt"":""2026-09-28T16:32:31.747Z"",""imported_for_hpo_crm"":""2026-09-28""}","2026-09-28 17:05:37.624431+00","2026-09-28 17:05:37.624431+00",,,,"[""prospect"",""pcp""]","NJ_PCP_Vein_Target_List_by_HPO.xlsx#All PCP-Vein Targets","prospect:e40acbdd844508129ff09b0995b45ecd",,"40.921031737042","-74.117906781242","2026-09-28 16:32:31.747+00"
"","e51e8f74-133f-491f-9ffe-145969ed73a7","Dr. Louis F. Perdomo","Primary Care","PCP","Bergen / Passaic","Fair Lawn","14-01 Broadway Fair Lawn, NJ 07410","3","Adam","Prospect","active","HPO prospect import",,,,,"{""priority"":""A - Visit First"",""provider"":null,""vein_fit"":""High"",""next_step"":""Visit/call this week; confirm referral contact and drop approved material"",""source_row"":45,""source_sheet"":""All PCP-Vein Targets"",""visit_status"":""Need to Visit"",""route_cluster"":""Bergen / Passaic"",""priority_score"":11,""source_workbook"":""NJ_PCP_Vein_Target_List_by_HPO.xlsx"",""geocode_provider"":""census"",""closest_hpo_office"":""Ridgewood"",""source_prospect_id"":""746294fd-b6e0-469e-b9c7-dfc12d6ca449"",""original_fit_status"":""qualified"",""verification_status"":""partial"",""geocode_last_attempt"":""2026-09-28T16:32:31.446Z"",""imported_for_hpo_crm"":""2026-09-28""}","2026-09-28 17:05:37.624431+00","2026-09-28 17:05:37.624431+00",,,,"[""prospect"",""pcp""]","NJ_PCP_Vein_Target_List_by_HPO.xlsx#All PCP-Vein Targets","prospect:42441543a45662364c3f32374569fa16",,"40.920568255065","-74.120079102104","2026-09-28 16:32:31.446+00"
"","aa5840d8-fd23-42a9-98e1-d7084467f4fc","Dr. Louis V Sangosse","Primary Care","PCP","Newark / Essex","West Orange","81 Northfield Ave","3","Adam","Prospect","active","HPO prospect import","Val",,,,"{""priority"":""B - Strong Target"",""provider"":null,""vein_fit"":""High"",""next_step"":""Add to route; call first and schedule quick drop-in"",""source_row"":385,""source_sheet"":""All PCP-Vein Targets"",""visit_status"":""Need to Visit"",""route_cluster"":""Newark / Essex"",""priority_score"":9,""source_workbook"":""NJ_PCP_Vein_Target_List_by_HPO.xlsx"",""geocode_provider"":""census"",""closest_hpo_office"":""Newark"",""source_prospect_id"":""3586b9ac-c6f4-4c76-9545-e10fd42c5463"",""original_fit_status"":""qualified"",""verification_status"":""partial"",""geocode_last_attempt"":""2026-09-28T16:32:32.713Z"",""imported_for_hpo_crm"":""2026-09-28""}","2026-09-28 17:05:37.624431+00","2026-09-28 17:05:37.624431+00",,,,"[""prospect"",""pcp""]","NJ_PCP_Vein_Target_List_by_HPO.xlsx#All PCP-Vein Targets","prospect:48c8cdc767a896bcd566619a347e8ce9",,"40.775842708326","-74.243454705709","2026-09-28 16:32:32.713+00"
"","a9e1f800-b622-4341-aebf-38e6620c5c1f","Dr. Lucila","Primary Care","PCP","Newark / Essex","Clifton","780 Allwood Rd, Clifton, NJ 07012","3","Adam","Prospect","active","HPO prospect import",,,,,"{""priority"":""A - Visit First"",""provider"":null,""vein_fit"":""High"",""next_step"":""Visit/call this week; confirm referral contact and drop approved material"",""source_row"":376,""source_sheet"":""All PCP-Vein Targets"",""visit_status"":""Need to Visit"",""route_cluster"":""Newark / Essex"",""priority_score"":10,""source_workbook"":""NJ_PCP_Vein_Target_List_by_HPO.xlsx"",""geocode_provider"":""census"",""closest_hpo_office"":""Newark"",""source_prospect_id"":""c77f3d40-dd78-4e96-bd29-0391009931ca"",""original_fit_status"":""qualified"",""verification_status"":""partial"",""geocode_last_attempt"":""2026-09-28T16:32:31.168Z"",""imported_for_hpo_crm"":""2026-09-28""}","2026-09-28 17:05:37.624431+00","2026-09-28 17:05:37.624431+00",,,,"[""prospect"",""pcp""]","NJ_PCP_Vein_Target_List_by_HPO.xlsx#All PCP-Vein Targets","prospect:c1d1b139821a613bc0fb185155aa362a",,"40.850067288065","-74.169439543509","2026-09-28 16:32:31.168+00"
"","446e53e6-65c0-4f35-afe1-9f4acba8573a","Dr. Luis Correa","Primary Care","PCP","Hudson Waterfront","Union City","402 42nd St, Union City, NJ 07087","3","Adam","Prospect","active","HPO prospect import",,,,,"{""priority"":""A - Visit First"",""provider"":null,""vein_fit"":""High"",""next_step"":""Visit/call this week; confirm referral contact and drop approved material"",""source_row"":248,""source_sheet"":""All PCP-Vein Targets"",""visit_status"":""Need to Visit"",""route_cluster"":""Hudson Waterfront"",""priority_score"":11,""source_workbook"":""NJ_PCP_Vein_Target_List_by_HPO.xlsx"",""geocode_provider"":""census"",""closest_hpo_office"":""Hoboken"",""source_prospect_id"":""bd39a461-f024-4074-a97e-6ebf27567fdb"",""original_fit_status"":""qualified"",""verification_status"":""partial"",""geocode_last_attempt"":""2026-09-28T16:32:29.994Z"",""imported_for_hpo_crm"":""2026-09-28""}","2026-09-28 17:05:37.624431+00","2026-09-28 17:05:37.624431+00",,,,"[""prospect"",""pcp""]","NJ_PCP_Vein_Target_List_by_HPO.xlsx#All PCP-Vein Targets","prospect:694aab59e1b7c32b20c5ee719d3f6e50",,"40.777047761792","-74.023948355654","2026-09-28 16:32:29.994+00"
"","902118a1-9c6e-4036-82cb-e7fa9311e1a2","Dr. Luis Espina","Primary Care","PCP","Newark / Essex","North Arlington","312 Belleville Turnpike, North Arlington, NJ 07031","3","Adam","Prospect","active","HPO prospect import",,,,,"{""priority"":""B - Strong Target"",""provider"":null,""vein_fit"":""High"",""next_step"":""Add to route; call first and schedule quick drop-in"",""source_row"":10,""source_sheet"":""All PCP-Vein Targets"",""visit_status"":""Need to Visit"",""route_cluster"":""Newark / Essex"",""priority_score"":9,""source_workbook"":""NJ_PCP_Vein_Target_List_by_HPO.xlsx"",""geocode_provider"":""census"",""closest_hpo_office"":""Newark"",""source_prospect_id"":""6611576b-b86e-4cfd-b969-f3b3c4085ff5"",""original_fit_status"":""qualified"",""verification_status"":""partial"",""geocode_last_attempt"":""2026-09-28T16:32:32.038Z"",""imported_for_hpo_crm"":""2026-09-28""}","2026-09-28 17:05:37.624431+00","2026-09-28 17:05:37.624431+00",,,,"[""prospect"",""pcp""]","NJ_PCP_Vein_Target_List_by_HPO.xlsx#All PCP-Vein Targets","prospect:431d903a240cfe37c3c87a488212aa74",,"40.780221314659","-74.135417911274","2026-09-28 16:32:32.038+00"
"","4b6085dc-4830-47fd-a56f-8d48e3bc4bb8","Dr. Luis Luna","Primary Care","PCP","Bergen / Passaic","Paterson","185 6th Ave, Paterson, NJ 07524","3","Adam","Prospect","active","HPO prospect import",,,,,"{""priority"":""B - Strong Target"",""provider"":null,""vein_fit"":""High"",""next_step"":""Add to route; call first and schedule quick drop-in"",""source_row"":102,""source_sheet"":""All PCP-Vein Targets"",""visit_status"":""Need to Visit"",""route_cluster"":""Bergen / Passaic"",""priority_score"":9,""source_workbook"":""NJ_PCP_Vein_Target_List_by_HPO.xlsx"",""geocode_provider"":""census"",""closest_hpo_office"":""Ridgewood"",""source_prospect_id"":""beaa3eec-a2a2-464f-9220-407d58308421"",""original_fit_status"":""qualified"",""verification_status"":""partial"",""geocode_last_attempt"":""2026-09-28T16:33:55.097Z"",""imported_for_hpo_crm"":""2026-09-28""}","2026-09-28 17:05:37.624431+00","2026-09-28 17:05:37.624431+00",,,,"[""prospect"",""pcp""]","NJ_PCP_Vein_Target_List_by_HPO.xlsx#All PCP-Vein Targets","prospect:d0be306dda96e742ee77e4c9559f3721",,"40.933539098147","-74.156960572494","2026-09-28 16:33:55.097+00"
"","34f924c7-2e06-4d61-b021-7022c2cc9538","Dr. Lynn Corrigan, D.O","Primary Care","PCP","Newark / Essex","Verona","184 Pompton Ave","3","Adam","Prospect","active","HPO prospect import",,,,,"{""priority"":""B - Strong Target"",""provider"":null,""vein_fit"":""High"",""next_step"":""Add to route; call first and schedule quick drop-in"",""source_row"":101,""source_sheet"":""All PCP-Vein Targets"",""visit_status"":""Need to Visit"",""route_cluster"":""Newark / Essex"",""priority_score"":8,""source_workbook"":""NJ_PCP_Vein_Target_List_by_HPO.xlsx"",""geocode_provider"":""photon"",""closest_hpo_office"":""Newark"",""source_prospect_id"":""e0215f1f-3ad1-4836-90df-20e124729d68"",""original_fit_status"":""qualified"",""verification_status"":""partial"",""geocode_last_attempt"":""2026-09-28T16:33:39.794Z"",""imported_for_hpo_crm"":""2026-09-28""}","2026-09-28 17:05:37.624431+00","2026-09-28 17:05:37.624431+00",,,,"[""prospect"",""pcp""]","NJ_PCP_Vein_Target_List_by_HPO.xlsx#All PCP-Vein Targets","prospect:83bc7c98bdc559113935d7a365d7275d",,"40.8312553","-74.2283971","2026-09-28 16:33:39.794+00"
"","f0b266f2-05f6-48a9-9501-e619fa8a363d","Dr. Lynn Cunado","Primary Care","PCP","Hudson Waterfront","Jersey City","2775 John F Kennedy Blvd, Jersey City, NJ 07306","3","Adam","Prospect","active","HPO prospect import",,,,,"{""priority"":""A - Visit First"",""provider"":null,""vein_fit"":""High"",""next_step"":""Visit/call this week; confirm referral contact and drop approved material"",""source_row"":182,""source_sheet"":""All PCP-Vein Targets"",""visit_status"":""Need to Visit"",""route_cluster"":""Hudson Waterfront"",""priority_score"":11,""source_workbook"":""NJ_PCP_Vein_Target_List_by_HPO.xlsx"",""geocode_provider"":""census"",""closest_hpo_office"":""Hoboken"",""source_prospect_id"":""9071d9d1-9ed5-488d-9de2-6bcc1d7e62e4"",""original_fit_status"":""qualified"",""verification_status"":""partial"",""geocode_last_attempt"":""2026-09-28T16:31:37.574Z"",""imported_for_hpo_crm"":""2026-09-28""}","2026-09-28 17:05:37.624431+00","2026-09-28 17:05:37.624431+00",,,,"[""prospect"",""pcp""]","NJ_PCP_Vein_Target_List_by_HPO.xlsx#All PCP-Vein Targets","prospect:0f0857572e782cf91c1eb9191e9df89d",,"40.730675645609","-74.068345773841","2026-09-28 16:31:37.574+00"
"","81d2c7e0-bce3-4170-9e15-31cff2d17733","Dr. Malishalini","Primary Care","PCP","Newark / Essex","Montclair","206 Claremont Ave, Montclair, NJ 07042","3","Adam","Prospect","active","HPO prospect import",,,,,"{""priority"":""B - Strong Target"",""provider"":null,""vein_fit"":""High"",""next_step"":""Add to route; call first and schedule quick drop-in"",""source_row"":6,""source_sheet"":""All PCP-Vein Targets"",""visit_status"":""Need to Visit"",""route_cluster"":""Newark / Essex"",""priority_score"":9,""source_workbook"":""NJ_PCP_Vein_Target_List_by_HPO.xlsx"",""geocode_provider"":""census"",""closest_hpo_office"":""Newark"",""source_prospect_id"":""572bc60d-4875-40ee-8fd6-c79cd01fd7a5"",""original_fit_status"":""qualified"",""verification_status"":""partial"",""geocode_last_attempt"":""2026-09-28T16:33:20.975Z"",""imported_for_hpo_crm"":""2026-09-28""}","2026-09-28 17:05:37.624431+00","2026-09-28 17:05:37.624431+00",,,,"[""prospect"",""pcp""]","NJ_PCP_Vein_Target_List_by_HPO.xlsx#All PCP-Vein Targets","prospect:077d481d3c9bd7c81888511bf38a6378",,"40.817137098787","-74.215905285854","2026-09-28 16:33:20.975+00"
"","636bbfc4-096d-4a37-9fde-f76d60032256","Dr. Mao","Primary Care","PCP","Newark / Essex","Clifton","2 Brighton Rd, Clifton, NJ 07012","3","Adam","Prospect","active","HPO prospect import",,,,,"{""priority"":""B - Strong Target"",""provider"":null,""vein_fit"":""High"",""next_step"":""Add to route; call first and schedule quick drop-in"",""source_row"":5,""source_sheet"":""All PCP-Vein Targets"",""visit_status"":""Need to Visit"",""route_cluster"":""Newark / Essex"",""priority_score"":8,""source_workbook"":""NJ_PCP_Vein_Target_List_by_HPO.xlsx"",""geocode_provider"":""photon"",""closest_hpo_office"":""Newark"",""source_prospect_id"":""01f4a5f7-98a2-4d73-8838-c9770b42591d"",""original_fit_status"":""qualified"",""verification_status"":""partial"",""geocode_last_attempt"":""2026-09-28T16:33:54.367Z"",""imported_for_hpo_crm"":""2026-09-28""}","2026-09-28 17:05:37.624431+00","2026-09-28 17:05:37.624431+00",,,,"[""prospect"",""pcp""]","NJ_PCP_Vein_Target_List_by_HPO.xlsx#All PCP-Vein Targets","prospect:9e14891affde7719500d08d5a0119d27",,"40.847021","-74.1573522","2026-09-28 16:33:54.367+00"
"","2ee230f4-374c-47d6-ba5c-3966add55f22","Dr. Margarita Borghini","Primary Care","PCP","Hudson Waterfront","Jersey City","550 Newark Ave, Suite 405, Jersey City, NJ 07306","3","Adam","Prospect","active","HPO prospect import",,,,,"{""priority"":""A - Visit First"",""provider"":null,""vein_fit"":""High"",""next_step"":""Visit/call this week; confirm referral contact and drop approved material"",""source_row"":327,""source_sheet"":""All PCP-Vein Targets"",""visit_status"":""Need to Visit"",""route_cluster"":""Hudson Waterfront"",""priority_score"":11,""source_workbook"":""NJ_PCP_Vein_Target_List_by_HPO.xlsx"",""geocode_provider"":""census"",""closest_hpo_office"":""Hoboken"",""source_prospect_id"":""c9fa1d7b-fc8c-4af9-a05d-e53588dd2953"",""original_fit_status"":""qualified"",""verification_status"":""partial"",""geocode_last_attempt"":""2026-09-28T16:31:37.577Z"",""imported_for_hpo_crm"":""2026-09-28""}","2026-09-28 17:05:37.624431+00","2026-09-28 17:05:37.624431+00",,,,"[""prospect"",""pcp""]","NJ_PCP_Vein_Target_List_by_HPO.xlsx#All PCP-Vein Targets","prospect:bb545645dd08edaf206fa8b75eeeac2a",,"40.73118407225","-74.056230907473","2026-09-28 16:31:37.577+00"
"","a9d8ff90-1c3d-4c7e-826c-655403f457c8","Dr. Marjory Langer, MD","Primary Care","PCP","Newark / Essex","Montclair","239 Claremont Ave, Montclair, NJ 07042","3","Adam","Prospect","active","HPO prospect import",,,,,"{""priority"":""B - Strong Target"",""provider"":null,""vein_fit"":""High"",""next_step"":""Add to route; call first and schedule quick drop-in"",""source_row"":152,""source_sheet"":""All PCP-Vein Targets"",""visit_status"":""Need to Visit"",""route_cluster"":""Newark / Essex"",""priority_score"":8,""source_workbook"":""NJ_PCP_Vein_Target_List_by_HPO.xlsx"",""geocode_provider"":""census"",""closest_hpo_office"":""Newark"",""source_prospect_id"":""ef1e7ee4-54d7-418c-ad5b-20710c7df7b9"",""original_fit_status"":""qualified"",""verification_status"":""partial"",""geocode_last_attempt"":""2026-09-28T16:33:20.974Z"",""imported_for_hpo_crm"":""2026-09-28""}","2026-09-28 17:05:37.624431+00","2026-09-28 17:05:37.624431+00",,,,"[""prospect"",""pcp""]","NJ_PCP_Vein_Target_List_by_HPO.xlsx#All PCP-Vein Targets","prospect:7c9da65133d85de21ceff2347250fb6a",,"40.818478975425","-74.217932746963","2026-09-28 16:33:20.974+00"
"","61f8c32e-001e-4f77-8f9f-d79e11a4481e","Dr. Mark Levine","Primary Care","PCP","Hudson Waterfront","Jersey City","40 Newport Pkwy, Jersey City, NJ 07310","3","Adam","Prospect","active","HPO prospect import",,,,,"{""priority"":""A - Visit First"",""provider"":null,""vein_fit"":""High"",""next_step"":""Visit/call this week; confirm referral contact and drop approved material"",""source_row"":247,""source_sheet"":""All PCP-Vein Targets"",""visit_status"":""Need to Visit"",""route_cluster"":""Hudson Waterfront"",""priority_score"":11,""source_workbook"":""NJ_PCP_Vein_Target_List_by_HPO.xlsx"",""geocode_provider"":""census"",""closest_hpo_office"":""Hoboken"",""source_prospect_id"":""59cb0767-0007-4623-9a43-4b50f74d3d96"",""original_fit_status"":""qualified"",""verification_status"":""partial"",""geocode_last_attempt"":""2026-09-28T16:31:37.581Z"",""imported_for_hpo_crm"":""2026-09-28""}","2026-09-28 17:05:37.624431+00","2026-09-28 17:05:37.624431+00",,,,"[""prospect"",""pcp""]","NJ_PCP_Vein_Target_List_by_HPO.xlsx#All PCP-Vein Targets","prospect:21f2d9a128db4122346f06c1936759cd",,"40.729162409183","-74.032571574484","2026-09-28 16:31:37.581+00"
"","46de5699-ca95-4132-b04e-fd439b09b4a9","Dr. Mazhar Elamir","Primary Care","PCP","Hudson Waterfront","Jersey City","192 Harrison Ave, Jerseu","3","Adam","Prospect","active","HPO prospect import",,,,,"{""priority"":""A - Visit First"",""provider"":null,""vein_fit"":""High"",""next_step"":""Visit/call this week; confirm referral contact and drop approved material"",""source_row"":106,""source_sheet"":""All PCP-Vein Targets"",""visit_status"":""Need to Visit"",""route_cluster"":""Hudson Waterfront"",""priority_score"":10,""source_workbook"":""NJ_PCP_Vein_Target_List_by_HPO.xlsx"",""geocode_provider"":""census"",""closest_hpo_office"":""Hoboken"",""source_prospect_id"":""122380cf-d35d-4785-be91-1c1dcdc2759d"",""original_fit_status"":""qualified"",""verification_status"":""partial"",""geocode_last_attempt"":""2026-09-28T16:31:38.055Z"",""imported_for_hpo_crm"":""2026-09-28""}","2026-09-28 17:05:37.624431+00","2026-09-28 17:05:37.624431+00",,,,"[""prospect"",""pcp""]","NJ_PCP_Vein_Target_List_by_HPO.xlsx#All PCP-Vein Targets","prospect:07e83d4f0f37f8c321f640412629911c",,"40.72000508953","-74.076871080949","2026-09-28 16:31:38.056+00"
"","a8f810ee-c899-485f-80ce-87f1dd2068a9","Dr. Michael Batista","Primary Care","PCP","Newark / Essex","Clifton","1355 Broad St, Clifton, NJ 07013","3","Adam","Prospect","active","HPO prospect import",,,,,"{""priority"":""B - Strong Target"",""provider"":null,""vein_fit"":""High"",""next_step"":""Add to route; call first and schedule quick drop-in"",""source_row"":72,""source_sheet"":""All PCP-Vein Targets"",""visit_status"":""Need to Visit"",""route_cluster"":""Newark / Essex"",""priority_score"":8,""source_workbook"":""NJ_PCP_Vein_Target_List_by_HPO.xlsx"",""geocode_provider"":""census"",""closest_hpo_office"":""Newark"",""source_prospect_id"":""d20845dd-d1ec-4407-8d6d-8ba4e78357ea"",""original_fit_status"":""qualified"",""verification_status"":""partial"",""geocode_last_attempt"":""2026-09-28T16:33:47.494Z"",""imported_for_hpo_crm"":""2026-09-28""}","2026-09-28 17:05:37.624431+00","2026-09-28 17:05:37.624431+00",,,,"[""prospect"",""pcp""]","NJ_PCP_Vein_Target_List_by_HPO.xlsx#All PCP-Vein Targets","prospect:39c54f5e92d30be843f43a80826c5d44",,"40.850965550811","-74.180051485302","2026-09-28 16:33:47.494+00"
"","4ee4bec5-67b8-4a01-88f6-601dc884a898","Dr. Michelle Taclob","Primary Care","PCP","Bergen / Passaic","Paterson","100 Main St, Paterson, NJ 07505","3","Adam","Prospect","active","HPO prospect import",,,,,"{""priority"":""B - Strong Target"",""provider"":null,""vein_fit"":""High"",""next_step"":""Add to route; call first and schedule quick drop-in"",""source_row"":26,""source_sheet"":""All PCP-Vein Targets"",""visit_status"":""Need to Visit"",""route_cluster"":""Bergen / Passaic"",""priority_score"":9,""source_workbook"":""NJ_PCP_Vein_Target_List_by_HPO.xlsx"",""geocode_provider"":""census"",""closest_hpo_office"":""Ridgewood"",""source_prospect_id"":""4a3fcba1-9db0-4985-b873-47732d15ebc7"",""original_fit_status"":""qualified"",""verification_status"":""partial"",""geocode_last_attempt"":""2026-09-28T16:33:55.087Z"",""imported_for_hpo_crm"":""2026-09-28""}","2026-09-28 17:05:37.624431+00","2026-09-28 17:05:37.624431+00",,,,"[""prospect"",""pcp""]","NJ_PCP_Vein_Target_List_by_HPO.xlsx#All PCP-Vein Targets","prospect:c7b106e7c3f0ff3c2e3f33b88c8e54d6",,"40.919321937633","-74.173004518772","2026-09-28 16:33:55.087+00"
"","3bcbe9b1-0f88-4cf9-9d2b-728aa7170c37","Dr. Mohammad Chaudhary","Primary Care","PCP","Hudson Waterfront","Union City","570 32nd St, Union City, NJ 07087","3","Adam","Prospect","active","HPO prospect import",,,,,"{""priority"":""A - Visit First"",""provider"":null,""vein_fit"":""High"",""next_step"":""Visit/call this week; confirm referral contact and drop approved material"",""source_row"":332,""source_sheet"":""All PCP-Vein Targets"",""visit_status"":""Need to Visit"",""route_cluster"":""Hudson Waterfront"",""priority_score"":11,""source_workbook"":""NJ_PCP_Vein_Target_List_by_HPO.xlsx"",""geocode_provider"":""census"",""closest_hpo_office"":""Hoboken"",""source_prospect_id"":""28ba2fd1-e0e0-4b57-a85a-b58a384faaf0"",""original_fit_status"":""qualified"",""verification_status"":""partial"",""geocode_last_attempt"":""2026-09-28T16:32:29.982Z"",""imported_for_hpo_crm"":""2026-09-28""}","2026-09-28 17:05:37.624431+00","2026-09-28 17:05:37.624431+00",,,,"[""prospect"",""pcp""]","NJ_PCP_Vein_Target_List_by_HPO.xlsx#All PCP-Vein Targets","prospect:cc02cb6e17c998d9977f92b80ad2df26",,"40.774296131249","-74.030920086646","2026-09-28 16:32:29.982+00"
"","22d34448-6990-40e1-988a-2ce651f7cc02","Dr. Mohan","Primary Care","PCP","Newark / Essex","Belleville","135 Bloomfield Ave, Bloomfield, NJ 07003","3","Adam","Prospect","active","HPO prospect import",,,,,"{""priority"":""B - Strong Target"",""provider"":null,""vein_fit"":""High"",""next_step"":""Add to route; call first and schedule quick drop-in"",""source_row"":69,""source_sheet"":""All PCP-Vein Targets"",""visit_status"":""Need to Visit"",""route_cluster"":""Newark / Essex"",""priority_score"":9,""source_workbook"":""NJ_PCP_Vein_Target_List_by_HPO.xlsx"",""geocode_provider"":""census"",""closest_hpo_office"":""Newark"",""source_prospect_id"":""b5dee766-4573-4bff-9bfd-ba6fe54681f0"",""original_fit_status"":""qualified"",""verification_status"":""partial"",""geocode_last_attempt"":""2026-09-28T16:32:32.035Z"",""imported_for_hpo_crm"":""2026-09-28""}","2026-09-28 17:05:37.624431+00","2026-09-28 17:05:37.624431+00",,,,"[""prospect"",""pcp""]","NJ_PCP_Vein_Target_List_by_HPO.xlsx#All PCP-Vein Targets","prospect:36396dd0563600c2167ae6f45bed9a89",,"40.777869330264","-74.188385091714","2026-09-28 16:32:32.035+00"
"","34808a5e-b836-43a7-9328-b44cadaf0366","Dr. Mohan","Primary Care","PCP","Newark / Essex","West Orange","81 Northfield Ave, West Orange, NJ 07052","3","Adam","Prospect","active","HPO prospect import",,,,,"{""priority"":""B - Strong Target"",""provider"":null,""vein_fit"":""High"",""next_step"":""Add to route; call first and schedule quick drop-in"",""source_row"":386,""source_sheet"":""All PCP-Vein Targets"",""visit_status"":""Need to Visit"",""route_cluster"":""Newark / Essex"",""priority_score"":8,""source_workbook"":""NJ_PCP_Vein_Target_List_by_HPO.xlsx"",""geocode_provider"":""census"",""closest_hpo_office"":""Newark"",""source_prospect_id"":""9885f33d-4e8c-4fbb-a4fd-f4e4957a1dc5"",""original_fit_status"":""qualified"",""verification_status"":""partial"",""geocode_last_attempt"":""2026-09-28T16:32:32.605Z"",""imported_for_hpo_crm"":""2026-09-28""}","2026-09-28 17:05:37.624431+00","2026-09-28 17:05:37.624431+00",,,,"[""prospect"",""pcp""]","NJ_PCP_Vein_Target_List_by_HPO.xlsx#All PCP-Vein Targets","prospect:57433cee71c48ec86b279cb68ba454e4",,"40.775842708326","-74.243454705709","2026-09-28 16:32:32.605+00"
"","7947d90f-789d-40e2-a1e6-17d5c5624a16","Dr. Muhammed Abdullah","Primary Care","PCP","Newark / Essex","Newark","239 Lafayette St, Newark, NJ 07105","3","Adam","Prospect","active","HPO prospect import",,,,,"{""priority"":""A - Visit First"",""provider"":null,""vein_fit"":""High"",""next_step"":""Visit/call this week; confirm referral contact and drop approved material"",""source_row"":156,""source_sheet"":""All PCP-Vein Targets"",""visit_status"":""Need to Visit"",""route_cluster"":""Newark / Essex"",""priority_score"":13,""source_workbook"":""NJ_PCP_Vein_Target_List_by_HPO.xlsx"",""geocode_provider"":""census"",""closest_hpo_office"":""Newark"",""source_prospect_id"":""f0c05f14-e3e2-4c09-bbb7-ffabd4b4039e"",""original_fit_status"":""qualified"",""verification_status"":""partial"",""geocode_last_attempt"":""2026-09-28T16:32:30.889Z"",""imported_for_hpo_crm"":""2026-09-28""}","2026-09-28 17:05:37.624431+00","2026-09-28 17:05:37.624431+00",,,,"[""prospect"",""pcp""]","NJ_PCP_Vein_Target_List_by_HPO.xlsx#All PCP-Vein Targets","prospect:70075c7c53aa6294caecc3bffb295bfd",,"40.728911242639","-74.162167857176","2026-09-28 16:32:30.889+00"
"","19615154-de06-4b57-a86d-1a8d849a48bd","Dr. Munzer Arnouk","Primary Care","PCP","Bergen / Passaic","Little Falls","219 Paterson Ave","3","Adam","Prospect","active","HPO prospect import","No Reps",,,,"{""priority"":""B - Strong Target"",""provider"":null,""vein_fit"":""High"",""next_step"":""Add to route; call first and schedule quick drop-in"",""source_row"":142,""source_sheet"":""All PCP-Vein Targets"",""visit_status"":""Need to Visit"",""route_cluster"":""Bergen / Passaic"",""priority_score"":9,""source_workbook"":""NJ_PCP_Vein_Target_List_by_HPO.xlsx"",""geocode_provider"":""census"",""closest_hpo_office"":""Ridgewood"",""source_prospect_id"":""033faa53-1927-4411-a976-0853369c69b0"",""original_fit_status"":""qualified"",""verification_status"":""partial"",""geocode_last_attempt"":""2026-09-28T16:33:55.512Z"",""imported_for_hpo_crm"":""2026-09-28""}","2026-09-28 17:05:37.624431+00","2026-09-28 17:05:37.624431+00",,,,"[""prospect"",""pcp""]","NJ_PCP_Vein_Target_List_by_HPO.xlsx#All PCP-Vein Targets","prospect:dc85ac6ced4c8a61f51210629da97f95",,"40.887036320937","-74.221398550887","2026-09-28 16:33:55.512+00"
"","bfb97e20-2b33-40bc-9e22-c9f0b456dc71","Dr. Murillo","Primary Care","PCP","Newark / Essex","Clifton","463 Clifton Ave, Clifton, NJ 07011","3","Adam","Prospect","active","HPO prospect import",,,,,"{""priority"":""B - Strong Target"",""provider"":null,""vein_fit"":""High"",""next_step"":""Add to route; call first and schedule quick drop-in"",""source_row"":287,""source_sheet"":""All PCP-Vein Targets"",""visit_status"":""Need to Visit"",""route_cluster"":""Newark / Essex"",""priority_score"":8,""source_workbook"":""NJ_PCP_Vein_Target_List_by_HPO.xlsx"",""geocode_provider"":""census"",""closest_hpo_office"":""Newark"",""source_prospect_id"":""c99a3370-5783-45f1-8fb6-571df49004c2"",""original_fit_status"":""qualified"",""verification_status"":""partial"",""geocode_last_attempt"":""2026-09-28T16:33:47.471Z"",""imported_for_hpo_crm"":""2026-09-28""}","2026-09-28 17:05:37.624431+00","2026-09-28 17:05:37.624431+00",,,,"[""prospect"",""pcp""]","NJ_PCP_Vein_Target_List_by_HPO.xlsx#All PCP-Vein Targets","prospect:c269b0332f9b884f623246602d1e1b85",,"40.874210046745","-74.145441263674","2026-09-28 16:33:47.471+00"
"","079feb4e-48ec-4a2f-bfcf-8f47b72f84eb","Dr. Mustafa Sidali","Primary Care","PCP","Newark / Essex","Belleville","55 Washington Ave, Belleville, NJ 07109","3","Adam","Prospect","active","HPO prospect import",,,,,"{""priority"":""B - Strong Target"",""provider"":null,""vein_fit"":""High"",""next_step"":""Add to route; call first and schedule quick drop-in"",""source_row"":319,""source_sheet"":""All PCP-Vein Targets"",""visit_status"":""Need to Visit"",""route_cluster"":""Newark / Essex"",""priority_score"":9,""source_workbook"":""NJ_PCP_Vein_Target_List_by_HPO.xlsx"",""geocode_provider"":""census"",""closest_hpo_office"":""Newark"",""source_prospect_id"":""da63d022-0b93-4bf0-962e-7e3fd6ca3510"",""original_fit_status"":""qualified"",""verification_status"":""partial"",""geocode_last_attempt"":""2026-09-28T16:32:32.035Z"",""imported_for_hpo_crm"":""2026-09-28""}","2026-09-28 17:05:37.624431+00","2026-09-28 17:05:37.624431+00",,,,"[""prospect"",""pcp""]","NJ_PCP_Vein_Target_List_by_HPO.xlsx#All PCP-Vein Targets","prospect:cea99ab1c298e6b0b9dd8d12ffb67181",,"40.782778374523","-74.154102053249","2026-09-28 16:32:32.035+00"
"","21c3f24d-3681-4e23-a574-48f7d97c6263","Dr. Nancy Lentine","Primary Care","PCP","Bergen / Passaic","Little Falls","70 E Main St, Little Falls, NJ 07424","3","Adam","Prospect","active","HPO prospect import","Chloe",,,,"{""priority"":""B - Strong Target"",""provider"":null,""vein_fit"":""High"",""next_step"":""Add to route; call first and schedule quick drop-in"",""source_row"":13,""source_sheet"":""All PCP-Vein Targets"",""visit_status"":""Need to Visit"",""route_cluster"":""Bergen / Passaic"",""priority_score"":9,""source_workbook"":""NJ_PCP_Vein_Target_List_by_HPO.xlsx"",""geocode_provider"":""census"",""closest_hpo_office"":""Ridgewood"",""source_prospect_id"":""51b455b8-023c-4b5a-811e-2080ad0c93c2"",""original_fit_status"":""qualified"",""verification_status"":""partial"",""geocode_last_attempt"":""2026-09-28T16:33:55.430Z"",""imported_for_hpo_crm"":""2026-09-28""}","2026-09-28 17:05:37.624431+00","2026-09-28 17:05:37.624431+00",,,,"[""prospect"",""pcp""]","NJ_PCP_Vein_Target_List_by_HPO.xlsx#All PCP-Vein Targets","prospect:66e959e78099434672ab6c734d49c1a5",,"40.878987329809","-74.22136126222","2026-09-28 16:33:55.43+00"
"","e1750e1b-272b-4828-aed3-4ae2bc65eeb2","Dr. Natelie Johnson","Primary Care","PCP","Newark / Essex","West Orange","470 Prospect ave, West Orange 07052","3","Adam","Prospect","active","HPO prospect import","Brandon",,,,"{""priority"":""B - Strong Target"",""provider"":null,""vein_fit"":""High"",""next_step"":""Add to route; call first and schedule quick drop-in"",""source_row"":292,""source_sheet"":""All PCP-Vein Targets"",""visit_status"":""Need to Visit"",""route_cluster"":""Newark / Essex"",""priority_score"":9,""source_workbook"":""NJ_PCP_Vein_Target_List_by_HPO.xlsx"",""geocode_provider"":""census"",""closest_hpo_office"":""Newark"",""source_prospect_id"":""a424c893-b1fe-4197-a944-a2569dec597f"",""original_fit_status"":""qualified"",""verification_status"":""partial"",""geocode_last_attempt"":""2026-09-28T16:32:32.893Z"",""imported_for_hpo_crm"":""2026-09-28""}","2026-09-28 17:05:37.624431+00","2026-09-28 17:05:37.624431+00",,,,"[""prospect"",""pcp""]","NJ_PCP_Vein_Target_List_by_HPO.xlsx#All PCP-Vein Targets","prospect:d0eefaff31ed123cd6529313663788fa",,"40.790793110919","-74.254854812961","2026-09-28 16:32:32.893+00"
"","e0a95143-6ebd-4d1c-953d-853eabfda17e","Dr. Nesochi","Primary Care","PCP","Newark / Essex","Belleville","50 Newark Ave, Belleville, NJ 07109","3","Adam","Prospect","active","HPO prospect import",,,,,"{""priority"":""B - Strong Target"",""provider"":null,""vein_fit"":""High"",""next_step"":""Add to route; call first and schedule quick drop-in"",""source_row"":305,""source_sheet"":""All PCP-Vein Targets"",""visit_status"":""Need to Visit"",""route_cluster"":""Newark / Essex"",""priority_score"":9,""source_workbook"":""NJ_PCP_Vein_Target_List_by_HPO.xlsx"",""geocode_provider"":""census"",""closest_hpo_office"":""Newark"",""source_prospect_id"":""d6caee08-0d66-4b08-9fdf-c4caf92c6139"",""original_fit_status"":""qualified"",""verification_status"":""partial"",""geocode_last_attempt"":""2026-09-28T16:32:32.037Z"",""imported_for_hpo_crm"":""2026-09-28""}","2026-09-28 17:05:37.624431+00","2026-09-28 17:05:37.624431+00",,,,"[""prospect"",""pcp""]","NJ_PCP_Vein_Target_List_by_HPO.xlsx#All PCP-Vein Targets","prospect:22dbd1587a16b71e6585a8f0da944ed3",,"40.807060658198","-74.162800724432","2026-09-28 16:32:32.037+00"
"","ab82418b-f45a-4877-81c7-e1b08498f6f1","Dr. Nicole Tully","Primary Care","OBGYN/Family","Hudson Waterfront","Hoboken","609 Washington Street, Hoboken, NJ 07030","3","Adam","Prospect","active","HPO prospect import",,,,,"{""priority"":""A - Visit First"",""provider"":null,""vein_fit"":""High"",""next_step"":""Visit/call this week; confirm referral contact and drop approved material"",""source_row"":343,""source_sheet"":""All PCP-Vein Targets"",""visit_status"":""Need to Visit"",""route_cluster"":""Hudson Waterfront"",""priority_score"":11,""source_workbook"":""NJ_PCP_Vein_Target_List_by_HPO.xlsx"",""geocode_provider"":""census"",""closest_hpo_office"":""Hoboken"",""source_prospect_id"":""cabfba13-97b7-4d8e-9704-adc5738fc7cd"",""original_fit_status"":""qualified"",""verification_status"":""partial"",""geocode_last_attempt"":""2026-09-28T16:30:42.690Z"",""imported_for_hpo_crm"":""2026-09-28""}","2026-09-28 17:05:37.624431+00","2026-09-28 17:05:37.624431+00",,,,"[""prospect"",""pcp""]","NJ_PCP_Vein_Target_List_by_HPO.xlsx#All PCP-Vein Targets","prospect:8c57f78a925fea7e9d5b6ed9cd2814ca",,"40.743598932461","-74.028938853914","2026-09-28 16:30:42.69+00"
"","d3f8b06c-0818-401a-9d46-8b55b9456c83","Dr. Nitti","Primary Care","PCP","Newark / Essex","Glen Ridge","179 Lafayette Ave, Hawthorne, NJ 07506","3","Adam","Prospect","active","HPO prospect import",,,,,"{""priority"":""B - Strong Target"",""provider"":null,""vein_fit"":""High"",""next_step"":""Add to route; call first and schedule quick drop-in"",""source_row"":96,""source_sheet"":""All PCP-Vein Targets"",""visit_status"":""Need to Visit"",""route_cluster"":""Newark / Essex"",""priority_score"":9,""source_workbook"":""NJ_PCP_Vein_Target_List_by_HPO.xlsx"",""geocode_provider"":""census"",""closest_hpo_office"":""Newark"",""source_prospect_id"":""9569f017-8c3c-4ab8-bbd2-e73840012a03"",""original_fit_status"":""qualified"",""verification_status"":""partial"",""geocode_last_attempt"":""2026-09-28T16:32:32.325Z"",""imported_for_hpo_crm"":""2026-09-28""}","2026-09-28 17:05:37.624431+00","2026-09-28 17:05:37.624431+00",,,,"[""prospect"",""pcp""]","NJ_PCP_Vein_Target_List_by_HPO.xlsx#All PCP-Vein Targets","prospect:c30a68d9b53270c7c076623d4c183070",,"40.944379209126","-74.15541559075","2026-09-28 16:32:32.325+00"
"","7b21849e-7e4b-417b-9cf1-e3a5d80f4c27","Dr. Olga Benitez","Primary Care","PCP","Hudson Waterfront","Union City","411 43rd St, Union City, NJ 07087","3","Adam","Prospect","active","HPO prospect import",,,,,"{""priority"":""A - Visit First"",""provider"":null,""vein_fit"":""High"",""next_step"":""Visit/call this week; confirm referral contact and drop approved material"",""source_row"":263,""source_sheet"":""All PCP-Vein Targets"",""visit_status"":""Need to Visit"",""route_cluster"":""Hudson Waterfront"",""priority_score"":11,""source_workbook"":""NJ_PCP_Vein_Target_List_by_HPO.xlsx"",""geocode_provider"":""census"",""closest_hpo_office"":""Hoboken"",""source_prospect_id"":""a0b95eda-39c3-4989-b891-6724c3fe8c8d"",""original_fit_status"":""qualified"",""verification_status"":""partial"",""geocode_last_attempt"":""2026-09-28T16:32:30.299Z"",""imported_for_hpo_crm"":""2026-09-28""}","2026-09-28 17:05:37.624431+00","2026-09-28 17:05:37.624431+00",,,,"[""prospect"",""pcp""]","NJ_PCP_Vein_Target_List_by_HPO.xlsx#All PCP-Vein Targets","prospect:b47f8ff228a4f2ef554909f9367d46d4",,"40.777569537363","-74.023659514973","2026-09-28 16:32:30.299+00"
"","7dd7099e-df21-40d0-9eac-257b853bb90a","Dr. Osvaldo Cortina","Primary Care","PCP","Hudson Waterfront","Union City","322 38th St, Union City, NJ 07087","3","Adam","Prospect","active","HPO prospect import",,,,,"{""priority"":""A - Visit First"",""provider"":null,""vein_fit"":""High"",""next_step"":""Visit/call this week; confirm referral contact and drop approved material"",""source_row"":215,""source_sheet"":""All PCP-Vein Targets"",""visit_status"":""Need to Visit"",""route_cluster"":""Hudson Waterfront"",""priority_score"":11,""source_workbook"":""NJ_PCP_Vein_Target_List_by_HPO.xlsx"",""geocode_provider"":""census"",""closest_hpo_office"":""Hoboken"",""source_prospect_id"":""2f49dee9-71c2-447c-a26f-0ad98f2e6ffd"",""original_fit_status"":""qualified"",""verification_status"":""partial"",""geocode_last_attempt"":""2026-09-28T16:32:30.286Z"",""imported_for_hpo_crm"":""2026-09-28""}","2026-09-28 17:05:37.624431+00","2026-09-28 17:05:37.624431+00",,,,"[""prospect"",""pcp""]","NJ_PCP_Vein_Target_List_by_HPO.xlsx#All PCP-Vein Targets","prospect:b0e61dd32a70e8341f48f06944c2f909",,"40.774332643772","-74.024706049468","2026-09-28 16:32:30.286+00"
"","ee5af77a-686b-4825-8f1e-b0e0a03cea0b","Dr. Paul Teodoro","Primary Care","PCP","Hudson Waterfront","Hoboken","422 Grand Street, Hoboken, NJ 07030","3","Adam","Prospect","active","HPO prospect import",,,,,"{""priority"":""A - Visit First"",""provider"":null,""vein_fit"":""High"",""next_step"":""Visit/call this week; confirm referral contact and drop approved material"",""source_row"":274,""source_sheet"":""All PCP-Vein Targets"",""visit_status"":""Need to Visit"",""route_cluster"":""Hudson Waterfront"",""priority_score"":13,""source_workbook"":""NJ_PCP_Vein_Target_List_by_HPO.xlsx"",""geocode_provider"":""census"",""closest_hpo_office"":""Hoboken"",""source_prospect_id"":""4447e76b-6845-47ad-b48a-55a8d0a13cf7"",""original_fit_status"":""qualified"",""verification_status"":""partial"",""geocode_last_attempt"":""2026-09-28T16:30:43.003Z"",""imported_for_hpo_crm"":""2026-09-28""}","2026-09-28 17:05:37.624431+00","2026-09-28 17:05:37.624431+00",,,,"[""prospect"",""pcp""]","NJ_PCP_Vein_Target_List_by_HPO.xlsx#All PCP-Vein Targets","prospect:fe2c06214ecf0c7042868449bef5e592",,"40.742449241916","-74.035225377834","2026-09-28 16:30:43.003+00"
"","954ab7d5-5737-4daa-9042-7fba9348adab","Dr. Pinkosky","Primary Care","PCP","Newark / Essex","West Orange","1500 Pleasant Valley Way","3","Adam","Prospect","active","HPO prospect import","jane",,,,"{""priority"":""B - Strong Target"",""provider"":null,""vein_fit"":""High"",""next_step"":""Add to route; call first and schedule quick drop-in"",""source_row"":85,""source_sheet"":""All PCP-Vein Targets"",""visit_status"":""Need to Visit"",""route_cluster"":""Newark / Essex"",""priority_score"":9,""source_workbook"":""NJ_PCP_Vein_Target_List_by_HPO.xlsx"",""geocode_provider"":""census"",""closest_hpo_office"":""Newark"",""source_prospect_id"":""68254f3b-97f0-4582-beca-74d4814f596c"",""original_fit_status"":""qualified"",""verification_status"":""partial"",""geocode_last_attempt"":""2026-09-28T16:32:33.026Z"",""imported_for_hpo_crm"":""2026-09-28""}","2026-09-28 17:05:37.624431+00","2026-09-28 17:05:37.624431+00",,,,"[""prospect"",""pcp""]","NJ_PCP_Vein_Target_List_by_HPO.xlsx#All PCP-Vein Targets","prospect:ce16324d9bd3f0b5446c66538410e9b0",,"40.77164549523","-74.284421023963","2026-09-28 16:32:33.026+00"
"","5d8ccffd-1c35-4362-b29f-af5873e1f78f","Dr. Pollak","Primary Care","PCP","Hudson Waterfront","Hoboken","323 Washington St, Hoboken, NJ 07030","3","Adam","Prospect","active","HPO prospect import",,,,,"{""priority"":""A - Visit First"",""provider"":null,""vein_fit"":""High"",""next_step"":""Visit/call this week; confirm referral contact and drop approved material"",""source_row"":217,""source_sheet"":""All PCP-Vein Targets"",""visit_status"":""Need to Visit"",""route_cluster"":""Hudson Waterfront"",""priority_score"":10,""source_workbook"":""NJ_PCP_Vein_Target_List_by_HPO.xlsx"",""geocode_provider"":""census"",""closest_hpo_office"":""Hoboken"",""source_prospect_id"":""9449ec08-07f0-40f2-824d-47805296c475"",""original_fit_status"":""qualified"",""verification_status"":""partial"",""geocode_last_attempt"":""2026-09-28T16:30:54.253Z"",""imported_for_hpo_crm"":""2026-09-28""}","2026-09-28 17:05:37.624431+00","2026-09-28 17:05:37.624431+00",,,,"[""prospect"",""pcp""]","NJ_PCP_Vein_Target_List_by_HPO.xlsx#All PCP-Vein Targets","prospect:fd92daea9579024865428018985fe2c0",,"40.740276972502","-74.029963880058","2026-09-28 16:30:54.253+00"
"","88225cbb-5377-40d7-b564-56d927544d20","Dr. Prashant N. Pandya","Primary Care","PCP","Newark / Essex","West Orange","449 Mt Plesant Ave, West Orange 07052","3","Adam","Prospect","active","HPO prospect import","Faviola",,,,"{""priority"":""B - Strong Target"",""provider"":null,""vein_fit"":""High"",""next_step"":""Add to route; call first and schedule quick drop-in"",""source_row"":282,""source_sheet"":""All PCP-Vein Targets"",""visit_status"":""Need to Visit"",""route_cluster"":""Newark / Essex"",""priority_score"":9,""source_workbook"":""NJ_PCP_Vein_Target_List_by_HPO.xlsx"",""geocode_provider"":""photon"",""closest_hpo_office"":""Newark"",""source_prospect_id"":""d97fd2cc-2fb9-4a24-9a79-fcf28bfb785f"",""original_fit_status"":""qualified"",""verification_status"":""partial"",""geocode_last_attempt"":""2026-09-28T16:32:40.840Z"",""imported_for_hpo_crm"":""2026-09-28""}","2026-09-28 17:05:37.624431+00","2026-09-28 17:05:37.624431+00",,,,"[""prospect"",""pcp""]","NJ_PCP_Vein_Target_List_by_HPO.xlsx#All PCP-Vein Targets","prospect:b11f4eb102a50b1c712a69aa67bbce7b",,"40.7912803","-74.2592739","2026-09-28 16:32:40.841+00"
"","649a3e29-a633-4419-955d-bccfea40c570","Dr. Rabia Malik/Dr. Carolina Medrano","Primary Care","PCP","Hudson Waterfront","Jersey City","600 Pavonia Ave, 2nd FL, Jersey City, NJ 07306","3","Adam","Prospect","active","HPO prospect import",,,,,"{""priority"":""A - Visit First"",""provider"":null,""vein_fit"":""High"",""next_step"":""Visit/call this week; confirm referral contact and drop approved material"",""source_row"":339,""source_sheet"":""All PCP-Vein Targets"",""visit_status"":""Need to Visit"",""route_cluster"":""Hudson Waterfront"",""priority_score"":11,""source_workbook"":""NJ_PCP_Vein_Target_List_by_HPO.xlsx"",""geocode_provider"":""census"",""closest_hpo_office"":""Hoboken"",""source_prospect_id"":""2eea4ea3-be4a-4b18-9560-dac43776ae20"",""original_fit_status"":""qualified"",""verification_status"":""partial"",""geocode_last_attempt"":""2026-09-28T16:31:37.936Z"",""imported_for_hpo_crm"":""2026-09-28""}","2026-09-28 17:05:37.624431+00","2026-09-28 17:05:37.624431+00",,,,"[""prospect"",""pcp""]","NJ_PCP_Vein_Target_List_by_HPO.xlsx#All PCP-Vein Targets","prospect:c077363e42cb23d57ac44f1bf96f5810",,"40.732748636656","-74.060251926091","2026-09-28 16:31:37.936+00"
"","220a0141-5eda-4883-880d-9250982d37a8","Dr. Radhika Remadavi","Primary Care","Internal","Union / Elizabeth","Caldwell","1129 Bloomfield Ave","3","Adam","Prospect","active","HPO prospect import","Emily",,,,"{""priority"":""B - Strong Target"",""provider"":null,""vein_fit"":""High"",""next_step"":""Add to route; call first and schedule quick drop-in"",""source_row"":48,""source_sheet"":""All PCP-Vein Targets"",""visit_status"":""Need to Visit"",""route_cluster"":""Union / Elizabeth"",""priority_score"":9,""source_workbook"":""NJ_PCP_Vein_Target_List_by_HPO.xlsx"",""geocode_provider"":""census"",""closest_hpo_office"":""Union"",""source_prospect_id"":""3d1507b1-f410-4dcb-aa90-6a4eebad6b35"",""original_fit_status"":""qualified"",""verification_status"":""partial"",""geocode_last_attempt"":""2026-09-28T16:33:55.902Z"",""imported_for_hpo_crm"":""2026-09-28""}","2026-09-28 17:05:37.624431+00","2026-09-28 17:05:37.624431+00",,,,"[""prospect"",""pcp""]","NJ_PCP_Vein_Target_List_by_HPO.xlsx#All PCP-Vein Targets","prospect:db5cd18de800367b5fd78d94ca617d6e",,"40.855173070003","-74.309626763191","2026-09-28 16:33:55.902+00"
"","8994a19f-8366-450f-8608-5095d81e46bf","Dr. Raj Patel","Primary Care","PCP","Newark / Essex","West Orange","91 Main st","3","Adam","Prospect","active","HPO prospect import","Taylor",,,,"{""priority"":""B - Strong Target"",""provider"":null,""vein_fit"":""High"",""next_step"":""Add to route; call first and schedule quick drop-in"",""source_row"":400,""source_sheet"":""All PCP-Vein Targets"",""visit_status"":""Need to Visit"",""route_cluster"":""Newark / Essex"",""priority_score"":9,""source_workbook"":""NJ_PCP_Vein_Target_List_by_HPO.xlsx"",""geocode_provider"":""census"",""closest_hpo_office"":""Newark"",""source_prospect_id"":""1d725362-9e41-4818-a50f-415c298a2de0"",""original_fit_status"":""qualified"",""verification_status"":""partial"",""geocode_last_attempt"":""2026-09-28T16:32:33.003Z"",""imported_for_hpo_crm"":""2026-09-28""}","2026-09-28 17:05:37.624431+00","2026-09-28 17:05:37.624431+00",,,,"[""prospect"",""pcp""]","NJ_PCP_Vein_Target_List_by_HPO.xlsx#All PCP-Vein Targets","prospect:1ac37fef93ee5fe6da5a580074759280",,"40.780022010984","-74.2378799561","2026-09-28 16:32:33.003+00"
"","a9fe73b4-ae2d-48e9-9284-cf4a313e2a8c","Dr. Rajashree Kantha-Bhatnagar / Dr. Kantha","Primary Care","Family Medicine",,"Ridgewood","1124 E Ridgewood Ave, Ridgewood, NJ","4","Adam","Prospect","active","HPO prospect import","Area: Ridgewood | Priority: Medium | Solo physician target, but verify possible Valley connection. | Address Review: address present in uploaded list; verify official physical office before driving.",,,,"{""tags"":""Medium; Family Medicine; Ridgewood"",""reference"":""HPO-RM-061"",""source_workbook"":""RepMove_Import_Accounts_Address_Checked.xlsx"",""internal_priority"":4,""source_prospect_id"":""3c3f92e3-7b30-4cdf-ab40-f31ccd9fff01"",""original_fit_status"":""qualified"",""verification_status"":""partial""}","2026-09-28 17:05:37.624431+00","2026-09-28 17:05:37.624431+00",,,,"[""prospect"",""pcp""]","RepMove_Import_Accounts_Address_Checked.xlsx#HPO-RM-061","prospect:17bc8990394743f9ce5c30fe8b003799",,"40.973953182477","-74.096031456056","2026-09-28 16:55:32.625+00"
"","8c29d40b-0874-481d-9ffc-89192724809e","Dr. Rajendra Patel","Primary Care","PCP","Union / Elizabeth","Livingston","22 Old Short Hills Rd","3","Adam","Prospect","active","HPO prospect import","Taylor",,,,"{""priority"":""B - Strong Target"",""provider"":null,""vein_fit"":""High"",""next_step"":""Add to route; call first and schedule quick drop-in"",""source_row"":143,""source_sheet"":""All PCP-Vein Targets"",""visit_status"":""Need to Visit"",""route_cluster"":""Union / Elizabeth"",""priority_score"":9,""source_workbook"":""NJ_PCP_Vein_Target_List_by_HPO.xlsx"",""geocode_provider"":""census"",""closest_hpo_office"":""Union"",""source_prospect_id"":""12345dd9-f0ef-46ea-b135-5faa1dac6a26"",""original_fit_status"":""qualified"",""verification_status"":""partial"",""geocode_last_attempt"":""2026-09-28T16:33:55.845Z"",""imported_for_hpo_crm"":""2026-09-28""}","2026-09-28 17:05:37.624431+00","2026-09-28 17:05:37.624431+00",,,,"[""prospect"",""pcp""]","NJ_PCP_Vein_Target_List_by_HPO.xlsx#All PCP-Vein Targets","prospect:14d1526792fd86e3d451642107c3db55",,"40.769222583632","-74.300035159687","2026-09-28 16:33:55.845+00"
"","833eb84c-9a3e-4fc3-bff8-8a51b4a46a97","Dr. Rajitha Gujja, MD","Primary Care","PCP","Newark / Essex","Montclair","257 Org Rd, Montclair, NJ 07042","3","Adam","Prospect","active","HPO prospect import","Rocio",,,,"{""priority"":""B - Strong Target"",""provider"":null,""vein_fit"":""High"",""next_step"":""Add to route; call first and schedule quick drop-in"",""source_row"":164,""source_sheet"":""All PCP-Vein Targets"",""visit_status"":""Need to Visit"",""route_cluster"":""Newark / Essex"",""priority_score"":9,""source_workbook"":""NJ_PCP_Vein_Target_List_by_HPO.xlsx"",""geocode_provider"":""photon"",""closest_hpo_office"":""Newark"",""source_prospect_id"":""ab113d82-e280-44ff-8ee1-83336c18fa66"",""original_fit_status"":""qualified"",""verification_status"":""partial"",""geocode_last_attempt"":""2026-09-28T16:33:28.425Z"",""imported_for_hpo_crm"":""2026-09-28""}","2026-09-28 17:05:37.624431+00","2026-09-28 17:05:37.624431+00",,,,"[""prospect"",""pcp""]","NJ_PCP_Vein_Target_List_by_HPO.xlsx#All PCP-Vein Targets","prospect:c5dfbaad1ebdaffe69577100fb842e55",,"40.7953982","-74.2184911","2026-09-28 16:33:28.425+00"
"","4cbcefa7-7855-4623-9c0b-818409b545ca","Dr. Ramirez","Primary Care","PCP","Newark / Essex","Bloomfield","135 Bloomfield Ave, Bloomfield, NJ 07003","3","Adam","Prospect","active","HPO prospect import",,,,,"{""priority"":""B - Strong Target"",""provider"":null,""vein_fit"":""High"",""next_step"":""Add to route; call first and schedule quick drop-in"",""source_row"":70,""source_sheet"":""All PCP-Vein Targets"",""visit_status"":""Need to Visit"",""route_cluster"":""Newark / Essex"",""priority_score"":9,""source_workbook"":""NJ_PCP_Vein_Target_List_by_HPO.xlsx"",""geocode_provider"":""census"",""closest_hpo_office"":""Newark"",""source_prospect_id"":""8a430d97-6ce8-40d6-ad07-939458587109"",""original_fit_status"":""qualified"",""verification_status"":""partial"",""geocode_last_attempt"":""2026-09-28T16:32:32.324Z"",""imported_for_hpo_crm"":""2026-09-28""}","2026-09-28 17:05:37.624431+00","2026-09-28 17:05:37.624431+00",,,,"[""prospect"",""pcp""]","NJ_PCP_Vein_Target_List_by_HPO.xlsx#All PCP-Vein Targets","prospect:edc99937793be75e40623e1a0628faed",,"40.777869330264","-74.188385091714","2026-09-28 16:32:32.324+00"
"","60a5ce64-9a64-4c08-a4da-7e001eed04fa","Dr. Ray Santos/Dr. Ritu Sharma","Primary Care","PCP","Hudson Waterfront","Jersey City","115 Christopher Columbus Dr. #301, Jersey City, NJ 07302","3","Adam","Prospect","active","HPO prospect import",,,,,"{""priority"":""A - Visit First"",""provider"":""DRS Medical Associates"",""vein_fit"":""High"",""next_step"":""Visit/call this week; confirm referral contact and drop approved material"",""source_row"":52,""source_sheet"":""All PCP-Vein Targets"",""visit_status"":""Need to Visit"",""route_cluster"":""Hudson Waterfront"",""priority_score"":11,""source_workbook"":""NJ_PCP_Vein_Target_List_by_HPO.xlsx"",""geocode_provider"":""census"",""closest_hpo_office"":""Hoboken"",""source_prospect_id"":""fc994400-2360-4e88-8d63-c2be7f0e9013"",""original_fit_status"":""qualified"",""verification_status"":""partial"",""geocode_last_attempt"":""2026-09-28T16:31:37.942Z"",""imported_for_hpo_crm"":""2026-09-28""}","2026-09-28 17:05:37.624431+00","2026-09-28 17:05:37.624431+00",,,,"[""prospect"",""pcp""]","NJ_PCP_Vein_Target_List_by_HPO.xlsx#All PCP-Vein Targets","prospect:932b04eb3c5c36c2242964c1744d3fc4",,"40.719793004391","-74.044074246523","2026-09-28 16:31:37.942+00"
"","7f11074a-a9a9-4314-b831-d31ae61253ad","Dr. Rekha Miryala, MD","Primary Care","PCP","Newark / Essex","Montclair","311 Bay Ave, Montclair, NJ 07042","3","Adam","Prospect","active","HPO prospect import",,,,,"{""priority"":""B - Strong Target"",""provider"":null,""vein_fit"":""High"",""next_step"":""Add to route; call first and schedule quick drop-in"",""source_row"":200,""source_sheet"":""All PCP-Vein Targets"",""visit_status"":""Need to Visit"",""route_cluster"":""Newark / Essex"",""priority_score"":8,""source_workbook"":""NJ_PCP_Vein_Target_List_by_HPO.xlsx"",""geocode_provider"":""photon"",""closest_hpo_office"":""Newark"",""source_prospect_id"":""ea8c3d29-b692-4e3d-9bc3-9d7cef506fcb"",""original_fit_status"":""qualified"",""verification_status"":""partial"",""geocode_last_attempt"":""2026-09-28T16:33:30.734Z"",""imported_for_hpo_crm"":""2026-09-28""}","2026-09-28 17:05:37.624431+00","2026-09-28 17:05:37.624431+00",,,,"[""prospect"",""pcp""]","NJ_PCP_Vein_Target_List_by_HPO.xlsx#All PCP-Vein Targets","prospect:9f382cd4704871d66894c103d6c03e29",,"40.8089247","-74.2082891","2026-09-28 16:33:30.734+00"
"","5b8f78c9-fe66-4cf1-a14b-f8dae19d439e","Dr. Ricardo Matienzo","Primary Care","PCP","Hudson Waterfront","Hoboken","450 7th Street, #LI9, Hoboken, NJ 07030","3","Adam","Prospect","active","HPO prospect import",,,,,"{""priority"":""A - Visit First"",""provider"":null,""vein_fit"":""High"",""next_step"":""Visit/call this week; confirm referral contact and drop approved material"",""source_row"":283,""source_sheet"":""All PCP-Vein Targets"",""visit_status"":""Need to Visit"",""route_cluster"":""Hudson Waterfront"",""priority_score"":11,""source_workbook"":""NJ_PCP_Vein_Target_List_by_HPO.xlsx"",""geocode_provider"":""census"",""closest_hpo_office"":""Hoboken"",""source_prospect_id"":""f215aa9b-27ba-455d-8127-e266ab42df23"",""original_fit_status"":""qualified"",""verification_status"":""partial"",""geocode_last_attempt"":""2026-09-28T16:31:00.862Z"",""imported_for_hpo_crm"":""2026-09-28""}","2026-09-28 17:05:37.624431+00","2026-09-28 17:05:37.624431+00",,,,"[""prospect"",""pcp""]","NJ_PCP_Vein_Target_List_by_HPO.xlsx#All PCP-Vein Targets","prospect:d870f01048e8d248643d576bbb37f582",,"40.745975718959","-74.035538129766","2026-09-28 16:31:00.862+00"
"","e5803014-9081-44ac-9389-ef8ae85ea39a","Dr. Richard S. Murray","Primary Care","PCP","Newark / Essex","Verona","271 Grove Ave","3","Adam","Prospect","active","HPO prospect import",,,,,"{""priority"":""B - Strong Target"",""provider"":null,""vein_fit"":""High"",""next_step"":""Add to route; call first and schedule quick drop-in"",""source_row"":175,""source_sheet"":""All PCP-Vein Targets"",""visit_status"":""Need to Visit"",""route_cluster"":""Newark / Essex"",""priority_score"":8,""source_workbook"":""NJ_PCP_Vein_Target_List_by_HPO.xlsx"",""geocode_provider"":""census"",""closest_hpo_office"":""Newark"",""source_prospect_id"":""7f481855-550c-447a-807a-526df2c1128c"",""original_fit_status"":""qualified"",""verification_status"":""partial"",""geocode_last_attempt"":""2026-09-28T16:33:35.698Z"",""imported_for_hpo_crm"":""2026-09-28""}","2026-09-28 17:05:37.624431+00","2026-09-28 17:05:37.624431+00",,,,"[""prospect"",""pcp""]","NJ_PCP_Vein_Target_List_by_HPO.xlsx#All PCP-Vein Targets","prospect:191756afffa2e0311659692fced3f06a",,"40.844698369776","-74.236939918609","2026-09-28 16:33:35.698+00"
"","a4da4b4d-0433-41be-a518-b7677fdd45cf","Dr. Robert Boyajian","Primary Care","PCP","Hudson Waterfront","Secaucus","255 NJ-3 STE 203, Secaucus, NJ 07094","3","Adam","Prospect","active","HPO prospect import",,,,,"{""priority"":""A - Visit First"",""provider"":null,""vein_fit"":""High"",""next_step"":""Visit/call this week; confirm referral contact and drop approved material"",""source_row"":162,""source_sheet"":""All PCP-Vein Targets"",""visit_status"":""Need to Visit"",""route_cluster"":""Hudson Waterfront"",""priority_score"":10,""source_workbook"":""NJ_PCP_Vein_Target_List_by_HPO.xlsx"",""geocode_provider"":""census"",""closest_hpo_office"":""Hoboken"",""source_prospect_id"":""ad4e4da4-cd90-46e5-96b6-53c57c6a1b64"",""original_fit_status"":""qualified"",""verification_status"":""partial"",""geocode_last_attempt"":""2026-09-28T16:32:30.604Z"",""imported_for_hpo_crm"":""2026-09-28""}","2026-09-28 17:05:37.624431+00","2026-09-28 17:05:37.624431+00",,,,"[""prospect"",""pcp""]","NJ_PCP_Vein_Target_List_by_HPO.xlsx#All PCP-Vein Targets","prospect:b7a8a81dda3a352e1c7da599dd0d910c",,"40.773521548795","-74.058665460859","2026-09-28 16:32:30.604+00"
"","dc29f55a-8d93-404d-b9ca-11919acd9866","Dr. Robert Sheldon/Dr. Diane Traver/Dr. John Walsh","Primary Care","PCP","Hudson Waterfront","Jersey City","250 Central Ave, Jersey City, NJ 07307","3","Adam","Prospect","active","HPO prospect import",,,,,"{""priority"":""A - Visit First"",""provider"":null,""vein_fit"":""High"",""next_step"":""Visit/call this week; confirm referral contact and drop approved material"",""source_row"":160,""source_sheet"":""All PCP-Vein Targets"",""visit_status"":""Need to Visit"",""route_cluster"":""Hudson Waterfront"",""priority_score"":11,""source_workbook"":""NJ_PCP_Vein_Target_List_by_HPO.xlsx"",""geocode_provider"":""census"",""closest_hpo_office"":""Hoboken"",""source_prospect_id"":""2fa55577-ad01-4633-bdb3-52c4612c0d23"",""original_fit_status"":""qualified"",""verification_status"":""partial"",""geocode_last_attempt"":""2026-09-28T16:31:37.930Z"",""imported_for_hpo_crm"":""2026-09-28""}","2026-09-28 17:05:37.624431+00","2026-09-28 17:05:37.624431+00",,,,"[""prospect"",""pcp""]","NJ_PCP_Vein_Target_List_by_HPO.xlsx#All PCP-Vein Targets","prospect:141cee39c89e0a93a690157c9b2e38d0",,"40.743420289798","-74.051045488434","2026-09-28 16:31:37.93+00"
"","df19c142-dddf-4f48-8c9d-401e4428bca8","Dr. Ronak Chinai","Primary Care","PCP","Hudson Waterfront","Jersey City","610 Washington Blvd, Jersey City, NJ 07310","3","Adam","Prospect","active","HPO prospect import",,,,,"{""priority"":""A - Visit First"",""provider"":""Newport Medical"",""vein_fit"":""High"",""next_step"":""Visit/call this week; confirm referral contact and drop approved material"",""source_row"":345,""source_sheet"":""All PCP-Vein Targets"",""visit_status"":""Need to Visit"",""route_cluster"":""Hudson Waterfront"",""priority_score"":11,""source_workbook"":""NJ_PCP_Vein_Target_List_by_HPO.xlsx"",""geocode_provider"":""photon"",""closest_hpo_office"":""Hoboken"",""source_prospect_id"":""cf986ff0-fb11-4301-a014-3724642f4d05"",""original_fit_status"":""qualified"",""verification_status"":""partial"",""geocode_last_attempt"":""2026-09-28T16:31:44.515Z"",""imported_for_hpo_crm"":""2026-09-28""}","2026-09-28 17:05:37.624431+00","2026-09-28 17:05:37.624431+00",,,,"[""prospect"",""pcp""]","NJ_PCP_Vein_Target_List_by_HPO.xlsx#All PCP-Vein Targets","prospect:a29263aa16d8fd54caff4789f5222819",,"40.7264013","-74.0352913","2026-09-28 16:31:44.515+00"
"","6ccd1397-7a8c-4014-84dc-4925c178c628","Dr. Rowen Diano, MD","Primary Care","PCP","Newark / Essex","Montclair","239 Claremont Ave, Montclair, NJ 07042","3","Adam","Prospect","active","HPO prospect import",,,,,"{""priority"":""B - Strong Target"",""provider"":null,""vein_fit"":""High"",""next_step"":""Add to route; call first and schedule quick drop-in"",""source_row"":153,""source_sheet"":""All PCP-Vein Targets"",""visit_status"":""Need to Visit"",""route_cluster"":""Newark / Essex"",""priority_score"":8,""source_workbook"":""NJ_PCP_Vein_Target_List_by_HPO.xlsx"",""geocode_provider"":""census"",""closest_hpo_office"":""Newark"",""source_prospect_id"":""30f1c9bf-1df7-4308-8848-7ad260876aa2"",""original_fit_status"":""qualified"",""verification_status"":""partial"",""geocode_last_attempt"":""2026-09-28T16:33:20.977Z"",""imported_for_hpo_crm"":""2026-09-28""}","2026-09-28 17:05:37.624431+00","2026-09-28 17:05:37.624431+00",,,,"[""prospect"",""pcp""]","NJ_PCP_Vein_Target_List_by_HPO.xlsx#All PCP-Vein Targets","prospect:4801974e6578ebdad97523cf4133f8af",,"40.818478975425","-74.217932746963","2026-09-28 16:33:20.977+00"
"","fd896ea4-e144-4a2a-abd2-d3a20504b714","Dr. Ruben Perez","Primary Care","PCP","Hudson Waterfront","Union City","525 42nd St, Union City, NJ 07087","3","Adam","Prospect","active","HPO prospect import",,,,,"{""priority"":""A - Visit First"",""provider"":null,""vein_fit"":""High"",""next_step"":""Visit/call this week; confirm referral contact and drop approved material"",""source_row"":312,""source_sheet"":""All PCP-Vein Targets"",""visit_status"":""Need to Visit"",""route_cluster"":""Hudson Waterfront"",""priority_score"":10,""source_workbook"":""NJ_PCP_Vein_Target_List_by_HPO.xlsx"",""geocode_provider"":""census"",""closest_hpo_office"":""Hoboken"",""source_prospect_id"":""660e27bd-2b23-4547-9f69-2b05ec3f2957"",""original_fit_status"":""qualified"",""verification_status"":""partial"",""geocode_last_attempt"":""2026-09-28T16:32:30.272Z"",""imported_for_hpo_crm"":""2026-09-28""}","2026-09-28 17:05:37.624431+00","2026-09-28 17:05:37.624431+00",,,,"[""prospect"",""pcp""]","NJ_PCP_Vein_Target_List_by_HPO.xlsx#All PCP-Vein Targets","prospect:fe95c73d620388692fcadc3e338504a6",,"40.777734181877","-74.025676918516","2026-09-28 16:32:30.272+00"
"","3922df16-3861-446b-8787-290fb5214eea","Dr. Saleem Mahmood/Dr. John Digioia","Primary Care","PCP","Hudson Waterfront","Jersey City","1815 John F Kennedy Blvd, Jersey City, NJ 07305","3","Adam","Prospect","active","HPO prospect import",,,,,"{""priority"":""A - Visit First"",""provider"":""Hudson Internal Medicine Group"",""vein_fit"":""High"",""next_step"":""Visit/call this week; confirm referral contact and drop approved material"",""source_row"":99,""source_sheet"":""All PCP-Vein Targets"",""visit_status"":""Need to Visit"",""route_cluster"":""Hudson Waterfront"",""priority_score"":11,""source_workbook"":""NJ_PCP_Vein_Target_List_by_HPO.xlsx"",""geocode_provider"":""census"",""closest_hpo_office"":""Hoboken"",""source_prospect_id"":""ae5204ec-112a-4f3d-a32f-57ea9a442018"",""original_fit_status"":""qualified"",""verification_status"":""partial"",""geocode_last_attempt"":""2026-09-28T16:31:37.954Z"",""imported_for_hpo_crm"":""2026-09-28""}","2026-09-28 17:05:37.624431+00","2026-09-28 17:05:37.624431+00",,,,"[""prospect"",""pcp""]","NJ_PCP_Vein_Target_List_by_HPO.xlsx#All PCP-Vein Targets","prospect:1658ec901d98f909b27b065cbc28634a",,"40.702238238284","-74.092029039203","2026-09-28 16:31:37.954+00"
"","564c05ca-3228-4fc7-be8d-4e48dd04d097","Dr. Sally Mravcak","Primary Care","PCP","Hudson Waterfront","Jersey City","127 Montgomery Street, Jersey City, NJ 07302","3","Adam","Prospect","active","HPO prospect import",,,,,"{""priority"":""A - Visit First"",""provider"":""Vanguard Medical Group"",""vein_fit"":""High"",""next_step"":""Visit/call this week; confirm referral contact and drop approved material"",""source_row"":62,""source_sheet"":""All PCP-Vein Targets"",""visit_status"":""Need to Visit"",""route_cluster"":""Hudson Waterfront"",""priority_score"":11,""source_workbook"":""NJ_PCP_Vein_Target_List_by_HPO.xlsx"",""geocode_provider"":""census"",""closest_hpo_office"":""Hoboken"",""source_prospect_id"":""800634de-722d-4753-b929-238b649f7578"",""original_fit_status"":""qualified"",""verification_status"":""partial"",""geocode_last_attempt"":""2026-09-28T16:31:37.927Z"",""imported_for_hpo_crm"":""2026-09-28""}","2026-09-28 17:05:37.624431+00","2026-09-28 17:05:37.624431+00",,,,"[""prospect"",""pcp""]","NJ_PCP_Vein_Target_List_by_HPO.xlsx#All PCP-Vein Targets","prospect:7358bbee5d6b54a1c57dea5843e624bb",,"40.717038074517","-74.039925158968","2026-09-28 16:31:37.928+00"
"","80b1acdb-1669-47df-b21f-26e0b1c58453","Dr. Samia Chaudry","Primary Care","PCP","Bergen / Passaic","Fair Lawn","41-04 Goldblatt Terrace, Fair Lawn, NJ 07410","3","Adam","Prospect","active","HPO prospect import",,,,,"{""priority"":""B - Strong Target"",""provider"":null,""vein_fit"":""High"",""next_step"":""Add to route; call first and schedule quick drop-in"",""source_row"":134,""source_sheet"":""All PCP-Vein Targets"",""visit_status"":""Need to Visit"",""route_cluster"":""Bergen / Passaic"",""priority_score"":9,""source_workbook"":""NJ_PCP_Vein_Target_List_by_HPO.xlsx"",""geocode_provider"":""census"",""closest_hpo_office"":""Ridgewood"",""source_prospect_id"":""645f8b05-1fdf-4ecd-a283-bb2990ca15f9"",""original_fit_status"":""qualified"",""verification_status"":""partial"",""geocode_last_attempt"":""2026-09-28T16:33:54.640Z"",""imported_for_hpo_crm"":""2026-09-28""}","2026-09-28 17:05:37.624431+00","2026-09-28 17:05:37.624431+00",,,,"[""prospect"",""pcp""]","NJ_PCP_Vein_Target_List_by_HPO.xlsx#All PCP-Vein Targets","prospect:5d09c83bf5d9a1b8525a16176f04b250",,"40.946506357308","-74.102329803397","2026-09-28 16:33:54.64+00"
"","a2649b0d-352d-4a4f-bade-6a02e34dae6f","Dr. Samir Khalil","Primary Care","PCP","Newark / Essex","Clifton","1003 Main Ave, Clifton, NJ 07011","3","Adam","Prospect","active","HPO prospect import",,,,,"{""priority"":""B - Strong Target"",""provider"":null,""vein_fit"":""High"",""next_step"":""Add to route; call first and schedule quick drop-in"",""source_row"":30,""source_sheet"":""All PCP-Vein Targets"",""visit_status"":""Need to Visit"",""route_cluster"":""Newark / Essex"",""priority_score"":8,""source_workbook"":""NJ_PCP_Vein_Target_List_by_HPO.xlsx"",""geocode_provider"":""census"",""closest_hpo_office"":""Newark"",""source_prospect_id"":""a4f56ff0-405d-47f9-bfcf-b12b2085f835"",""original_fit_status"":""qualified"",""verification_status"":""partial"",""geocode_last_attempt"":""2026-09-28T16:33:47.469Z"",""imported_for_hpo_crm"":""2026-09-28""}","2026-09-28 17:05:37.624431+00","2026-09-28 17:05:37.624431+00",,,,"[""prospect"",""pcp""]","NJ_PCP_Vein_Target_List_by_HPO.xlsx#All PCP-Vein Targets","prospect:724e0cb385488b890e70934eec10b598",,"40.871240763168","-74.1358356599","2026-09-28 16:33:47.47+00"
"","e17823e6-eb00-4afb-b0fe-37da3d856d6b","Dr. Samir Khalil","Primary Care","PCP","Hudson Waterfront","Union City","4110 John F. Kennedy Blvd, Union City, NJ 07087","3","Adam","Prospect","active","HPO prospect import",,,,,"{""priority"":""A - Visit First"",""provider"":""Advocare Panorama Medical"",""vein_fit"":""High"",""next_step"":""Visit/call this week; confirm referral contact and drop approved material"",""source_row"":264,""source_sheet"":""All PCP-Vein Targets"",""visit_status"":""Need to Visit"",""route_cluster"":""Hudson Waterfront"",""priority_score"":11,""source_workbook"":""NJ_PCP_Vein_Target_List_by_HPO.xlsx"",""geocode_provider"":""census"",""closest_hpo_office"":""Hoboken"",""source_prospect_id"":""85d443f2-3e3a-4a41-af34-fed1773f4356"",""original_fit_status"":""qualified"",""verification_status"":""partial"",""geocode_last_attempt"":""2026-09-28T16:32:30.267Z"",""imported_for_hpo_crm"":""2026-09-28""}","2026-09-28 17:05:37.624431+00","2026-09-28 17:05:37.624431+00",,,,"[""prospect"",""pcp""]","NJ_PCP_Vein_Target_List_by_HPO.xlsx#All PCP-Vein Targets","prospect:dae939f7469c7df2e43e547f7fb7e052",,"40.778105141801","-74.027730998848","2026-09-28 16:32:30.267+00"
"","340e9cfa-0526-4b79-9597-31583f794ee8","Dr. Sandoval Ramon","Primary Care","PCP","Bergen / Passaic","Paterson","416 Park Ave, Paterson, NJ 07504","3","Adam","Prospect","active","HPO prospect import",,,,,"{""priority"":""B - Strong Target"",""provider"":null,""vein_fit"":""High"",""next_step"":""Add to route; call first and schedule quick drop-in"",""source_row"":269,""source_sheet"":""All PCP-Vein Targets"",""visit_status"":""Need to Visit"",""route_cluster"":""Bergen / Passaic"",""priority_score"":9,""source_workbook"":""NJ_PCP_Vein_Target_List_by_HPO.xlsx"",""geocode_provider"":""census"",""closest_hpo_office"":""Ridgewood"",""source_prospect_id"":""0765314a-a0fa-4b0e-aa22-b0f529a07911"",""original_fit_status"":""qualified"",""verification_status"":""partial"",""geocode_last_attempt"":""2026-09-28T16:33:55.086Z"",""imported_for_hpo_crm"":""2026-09-28""}","2026-09-28 17:05:37.624431+00","2026-09-28 17:05:37.624431+00",,,,"[""prospect"",""pcp""]","NJ_PCP_Vein_Target_List_by_HPO.xlsx#All PCP-Vein Targets","prospect:393f7c0cbb35970f4285f0b01c8d2ef0",,"40.913952384751","-74.147852103351","2026-09-28 16:33:55.087+00"
"","84f43b1a-836f-4c78-9d71-14f44330d185","Dr. Sangoose","Primary Care","PCP","Newark / Essex","West Orange","81 Northfield Ave, West Orange, NJ 07052","3","Adam","Prospect","active","HPO prospect import",,,,,"{""priority"":""B - Strong Target"",""provider"":null,""vein_fit"":""High"",""next_step"":""Add to route; call first and schedule quick drop-in"",""source_row"":387,""source_sheet"":""All PCP-Vein Targets"",""visit_status"":""Need to Visit"",""route_cluster"":""Newark / Essex"",""priority_score"":8,""source_workbook"":""NJ_PCP_Vein_Target_List_by_HPO.xlsx"",""geocode_provider"":""census"",""closest_hpo_office"":""Newark"",""source_prospect_id"":""5f32056f-dfb5-410e-8768-834cca7151d6"",""original_fit_status"":""qualified"",""verification_status"":""partial"",""geocode_last_attempt"":""2026-09-28T16:33:20.326Z"",""imported_for_hpo_crm"":""2026-09-28""}","2026-09-28 17:05:37.624431+00","2026-09-28 17:05:37.624431+00",,,,"[""prospect"",""pcp""]","NJ_PCP_Vein_Target_List_by_HPO.xlsx#All PCP-Vein Targets","prospect:4a23e977d7c08fc5518d29e37338772f",,"40.775842708326","-74.243454705709","2026-09-28 16:33:20.326+00"
"","ad9b87d8-65da-49dd-a1f2-abdcee6cde12","Dr. Saquiba Syed","Primary Care","PCP","Hudson Waterfront","Jersey City","600 Pavonia Ave, 2nd FL, Jersey City, NJ 07306","3","Adam","Prospect","active","HPO prospect import",,,,,"{""priority"":""A - Visit First"",""provider"":null,""vein_fit"":""High"",""next_step"":""Visit/call this week; confirm referral contact and drop approved material"",""source_row"":338,""source_sheet"":""All PCP-Vein Targets"",""visit_status"":""Need to Visit"",""route_cluster"":""Hudson Waterfront"",""priority_score"":11,""source_workbook"":""NJ_PCP_Vein_Target_List_by_HPO.xlsx"",""geocode_provider"":""census"",""closest_hpo_office"":""Hoboken"",""source_prospect_id"":""d97203f3-17e8-4387-a344-6ce999a91884"",""original_fit_status"":""qualified"",""verification_status"":""partial"",""geocode_last_attempt"":""2026-09-28T16:31:37.935Z"",""imported_for_hpo_crm"":""2026-09-28""}","2026-09-28 17:05:37.624431+00","2026-09-28 17:05:37.624431+00",,,,"[""prospect"",""pcp""]","NJ_PCP_Vein_Target_List_by_HPO.xlsx#All PCP-Vein Targets","prospect:f1994cb8e11f7a90221bbacbca971a65",,"40.732748636656","-74.060251926091","2026-09-28 16:31:37.935+00"
"","7c92e9eb-6e3c-444a-8c14-d4b8dec14719","Dr. Shaker","Primary Care","PCP","Newark / Essex","Glen Ridge","230 Sherman Ave, Glen Ridge, NJ 07028","3","Adam","Prospect","active","HPO prospect import",,,,,"{""priority"":""B - Strong Target"",""provider"":null,""vein_fit"":""High"",""next_step"":""Add to route; call first and schedule quick drop-in"",""source_row"":147,""source_sheet"":""All PCP-Vein Targets"",""visit_status"":""Need to Visit"",""route_cluster"":""Newark / Essex"",""priority_score"":9,""source_workbook"":""NJ_PCP_Vein_Target_List_by_HPO.xlsx"",""geocode_provider"":""census"",""closest_hpo_office"":""Newark"",""source_prospect_id"":""1b9991b4-4cc0-409d-bf56-53b4de8bf830"",""original_fit_status"":""qualified"",""verification_status"":""partial"",""geocode_last_attempt"":""2026-09-28T16:32:32.336Z"",""imported_for_hpo_crm"":""2026-09-28""}","2026-09-28 17:05:37.624431+00","2026-09-28 17:05:37.624431+00",,,,"[""prospect"",""pcp""]","NJ_PCP_Vein_Target_List_by_HPO.xlsx#All PCP-Vein Targets","prospect:c827ac52d2f0df825e1fb4d7231b4706",,"40.811318855297","-74.202091639626","2026-09-28 16:32:32.336+00"
"","c6092de5-cd92-4e95-a6e9-ddfc5e037ea5","Dr. Simon Arias","Primary Care","PCP","Hudson Waterfront","Union City","410 36th St #1, Union City, NJ 07087","3","Adam","Prospect","active","HPO prospect import",,,,,"{""priority"":""A - Visit First"",""provider"":null,""vein_fit"":""High"",""next_step"":""Visit/call this week; confirm referral contact and drop approved material"",""source_row"":259,""source_sheet"":""All PCP-Vein Targets"",""visit_status"":""Need to Visit"",""route_cluster"":""Hudson Waterfront"",""priority_score"":11,""source_workbook"":""NJ_PCP_Vein_Target_List_by_HPO.xlsx"",""geocode_provider"":""census"",""closest_hpo_office"":""Hoboken"",""source_prospect_id"":""5a346952-6580-40ba-a645-8df09203861c"",""original_fit_status"":""qualified"",""verification_status"":""partial"",""geocode_last_attempt"":""2026-09-28T16:32:30.301Z"",""imported_for_hpo_crm"":""2026-09-28""}","2026-09-28 17:05:37.624431+00","2026-09-28 17:05:37.624431+00",,,,"[""prospect"",""pcp""]","NJ_PCP_Vein_Target_List_by_HPO.xlsx#All PCP-Vein Targets","prospect:a3bc19ebbce73519605de3bfa20cefa3",,"40.773671294289","-74.026690673036","2026-09-28 16:32:30.301+00"
"","72dc93ef-1561-4f2a-a100-6c8edbe75477","Dr. Soliman","Primary Care","PCP","Bergen Waterfront","Passaic","140 Passaic Ave, Passaic, NJ 07055","3","Adam","Prospect","active","HPO prospect import",,,,,"{""priority"":""B - Strong Target"",""provider"":null,""vein_fit"":""High"",""next_step"":""Add to route; call first and schedule quick drop-in"",""source_row"":74,""source_sheet"":""All PCP-Vein Targets"",""visit_status"":""Need to Visit"",""route_cluster"":""Bergen Waterfront"",""priority_score"":8,""source_workbook"":""NJ_PCP_Vein_Target_List_by_HPO.xlsx"",""geocode_provider"":""census"",""closest_hpo_office"":""Edgewater"",""source_prospect_id"":""d0a95692-1781-48b0-a269-783626c08b29"",""original_fit_status"":""qualified"",""verification_status"":""partial"",""geocode_last_attempt"":""2026-09-28T16:31:00.851Z"",""imported_for_hpo_crm"":""2026-09-28""}","2026-09-28 17:05:37.624431+00","2026-09-28 17:05:37.624431+00",,,,"[""prospect"",""pcp""]","NJ_PCP_Vein_Target_List_by_HPO.xlsx#All PCP-Vein Targets","prospect:7518fdff4ddd251ef731e5f58750e174",,"40.855952907417","-74.129548377478","2026-09-28 16:31:00.851+00"
"","2461bef8-0bce-4162-b134-c229c9579aff","Dr. Sonu Moody","Primary Care","PCP","Hudson Waterfront","Jersey City","317 Central Ave, Jersey City, NJ 07307","3","Adam","Prospect","active","HPO prospect import",,,,,"{""priority"":""A - Visit First"",""provider"":null,""vein_fit"":""High"",""next_step"":""Visit/call this week; confirm referral contact and drop approved material"",""source_row"":207,""source_sheet"":""All PCP-Vein Targets"",""visit_status"":""Need to Visit"",""route_cluster"":""Hudson Waterfront"",""priority_score"":11,""source_workbook"":""NJ_PCP_Vein_Target_List_by_HPO.xlsx"",""geocode_provider"":""census"",""closest_hpo_office"":""Hoboken"",""source_prospect_id"":""cb0f082b-5400-4f74-8df1-3d0d97fe786a"",""original_fit_status"":""qualified"",""verification_status"":""partial"",""geocode_last_attempt"":""2026-09-28T16:31:37.934Z"",""imported_for_hpo_crm"":""2026-09-28""}","2026-09-28 17:05:37.624431+00","2026-09-28 17:05:37.624431+00",,,,"[""prospect"",""pcp""]","NJ_PCP_Vein_Target_List_by_HPO.xlsx#All PCP-Vein Targets","prospect:62d67909f8ebe91cf7d97b461b246296",,"40.745945745757","-74.049449022628","2026-09-28 16:31:37.934+00"
"","d9a636f4-76d2-421f-95a3-906ea25bebb7","Dr. Sung Kim","Primary Care","PCP","Newark / Essex","Verona","271 Grove Ave","3","Adam","Prospect","active","HPO prospect import",,,,,"{""priority"":""B - Strong Target"",""provider"":null,""vein_fit"":""High"",""next_step"":""Add to route; call first and schedule quick drop-in"",""source_row"":176,""source_sheet"":""All PCP-Vein Targets"",""visit_status"":""Need to Visit"",""route_cluster"":""Newark / Essex"",""priority_score"":8,""source_workbook"":""NJ_PCP_Vein_Target_List_by_HPO.xlsx"",""geocode_provider"":""census"",""closest_hpo_office"":""Newark"",""source_prospect_id"":""ae77180c-3207-4eb3-a37b-ec5570db55ea"",""original_fit_status"":""qualified"",""verification_status"":""partial"",""geocode_last_attempt"":""2026-09-28T16:33:35.702Z"",""imported_for_hpo_crm"":""2026-09-28""}","2026-09-28 17:05:37.624431+00","2026-09-28 17:05:37.624431+00",,,,"[""prospect"",""pcp""]","NJ_PCP_Vein_Target_List_by_HPO.xlsx#All PCP-Vein Targets","prospect:a6e55745c2cfdceba33a920033149296",,"40.844698369776","-74.236939918609","2026-09-28 16:33:35.702+00"
"","26cec4a5-4aec-4344-850c-aef33c4a6ce6","Dr. Tadeusz Majchrzak","Primary Care","PCP","Hudson Waterfront","Jersey City","3000 John F Kennedy Blvd, #308, Jersey City, NJ 07306","3","Adam","Prospect","active","HPO prospect import",,,,,"{""priority"":""A - Visit First"",""provider"":""VitaMed"",""vein_fit"":""High"",""next_step"":""Visit/call this week; confirm referral contact and drop approved material"",""source_row"":194,""source_sheet"":""All PCP-Vein Targets"",""visit_status"":""Need to Visit"",""route_cluster"":""Hudson Waterfront"",""priority_score"":11,""source_workbook"":""NJ_PCP_Vein_Target_List_by_HPO.xlsx"",""geocode_provider"":""photon"",""closest_hpo_office"":""Hoboken"",""source_prospect_id"":""2c77b382-9cae-4f99-89f1-c8f3d07c7d2f"",""original_fit_status"":""qualified"",""verification_status"":""partial"",""geocode_last_attempt"":""2026-09-28T16:31:45.131Z"",""imported_for_hpo_crm"":""2026-09-28""}","2026-09-28 17:05:37.624431+00","2026-09-28 17:05:37.624431+00",,,,"[""prospect"",""pcp""]","NJ_PCP_Vein_Target_List_by_HPO.xlsx#All PCP-Vein Targets","prospect:4f3338d14f30e536f22de2f1c6da3c22",,"40.7359194","-74.0628182","2026-09-28 16:31:45.131+00"
"","6164c15e-bf76-4615-abf2-eb1db2a5e351","Dr. Tejada","Primary Care","PCP","Bergen Waterfront","Passaic","916 Main Ave, Passaic, NJ 07055","3","Adam","Prospect","active","HPO prospect import",,,,,"{""priority"":""B - Strong Target"",""provider"":null,""vein_fit"":""High"",""next_step"":""Add to route; call first and schedule quick drop-in"",""source_row"":401,""source_sheet"":""All PCP-Vein Targets"",""visit_status"":""Need to Visit"",""route_cluster"":""Bergen Waterfront"",""priority_score"":8,""source_workbook"":""NJ_PCP_Vein_Target_List_by_HPO.xlsx"",""geocode_provider"":""census"",""closest_hpo_office"":""Edgewater"",""source_prospect_id"":""fcc35d6a-3a14-4a67-9336-bb59fb7b907d"",""original_fit_status"":""qualified"",""verification_status"":""partial"",""geocode_last_attempt"":""2026-09-28T16:32:31.744Z"",""imported_for_hpo_crm"":""2026-09-28""}","2026-09-28 17:05:37.624431+00","2026-09-28 17:05:37.624431+00",,,,"[""prospect"",""pcp""]","NJ_PCP_Vein_Target_List_by_HPO.xlsx#All PCP-Vein Targets","prospect:c2ed9ebcca1ffd2fb27e9302014919e8",,"40.868717164155","-74.133302397091","2026-09-28 16:32:31.744+00"
"","4e13de5f-6968-4d86-8f5b-7838aa64245f","Dr. Thomas McCarrick","Primary Care","PCP","Newark / Essex","Verona","271 Grove Ave","3","Adam","Prospect","active","HPO prospect import",,,,,"{""priority"":""B - Strong Target"",""provider"":null,""vein_fit"":""High"",""next_step"":""Add to route; call first and schedule quick drop-in"",""source_row"":178,""source_sheet"":""All PCP-Vein Targets"",""visit_status"":""Need to Visit"",""route_cluster"":""Newark / Essex"",""priority_score"":8,""source_workbook"":""NJ_PCP_Vein_Target_List_by_HPO.xlsx"",""geocode_provider"":""census"",""closest_hpo_office"":""Newark"",""source_prospect_id"":""c736e485-79c8-4b8c-a00b-f18c50f605be"",""original_fit_status"":""qualified"",""verification_status"":""partial"",""geocode_last_attempt"":""2026-09-28T16:33:40.044Z"",""imported_for_hpo_crm"":""2026-09-28""}","2026-09-28 17:05:37.624431+00","2026-09-28 17:05:37.624431+00",,,,"[""prospect"",""pcp""]","NJ_PCP_Vein_Target_List_by_HPO.xlsx#All PCP-Vein Targets","prospect:61b2bcf9eb67a2e3305332a8bdaa3b82",,"40.844698369776","-74.236939918609","2026-09-28 16:33:40.044+00"
"","f20b8053-d577-4c7a-978d-fb589018f476","Dr. Thomas Ortiz","Primary Care","PCP","Newark / Essex","Newark","465 Mt Prospect Ave, Newark, NJ 07104","3","Adam","Prospect","active","HPO prospect import",,,,,"{""priority"":""A - Visit First"",""provider"":null,""vein_fit"":""High"",""next_step"":""Visit/call this week; confirm referral contact and drop approved material"",""source_row"":288,""source_sheet"":""All PCP-Vein Targets"",""visit_status"":""Need to Visit"",""route_cluster"":""Newark / Essex"",""priority_score"":11,""source_workbook"":""NJ_PCP_Vein_Target_List_by_HPO.xlsx"",""geocode_provider"":""census"",""closest_hpo_office"":""Newark"",""source_prospect_id"":""ab1cbb2c-0dd6-4678-92ff-28c2b0ad426b"",""original_fit_status"":""qualified"",""verification_status"":""partial"",""geocode_last_attempt"":""2026-09-28T16:32:30.891Z"",""imported_for_hpo_crm"":""2026-09-28""}","2026-09-28 17:05:37.624431+00","2026-09-28 17:05:37.624431+00",,,,"[""prospect"",""pcp""]","NJ_PCP_Vein_Target_List_by_HPO.xlsx#All PCP-Vein Targets","prospect:7014c7177f787efbd237e530e0d93dd6",,"40.767502661042","-74.169516239498","2026-09-28 16:32:30.891+00"
"","1f7c182e-eb28-455c-a7e1-7385c68f0ec6","Dr. Tianzhong Yang","Primary Care","PCP","Newark / Essex","Montclair","206 Claremont Ave, Montclair, NJ 07042","3","Adam","Prospect","active","HPO prospect import",,,,,"{""priority"":""B - Strong Target"",""provider"":null,""vein_fit"":""High"",""next_step"":""Add to route; call first and schedule quick drop-in"",""source_row"":137,""source_sheet"":""All PCP-Vein Targets"",""visit_status"":""Need to Visit"",""route_cluster"":""Newark / Essex"",""priority_score"":8,""source_workbook"":""NJ_PCP_Vein_Target_List_by_HPO.xlsx"",""geocode_provider"":""census"",""closest_hpo_office"":""Newark"",""source_prospect_id"":""820d83e7-7f2b-42de-ad45-c4ada42d2c2b"",""original_fit_status"":""qualified"",""verification_status"":""partial"",""geocode_last_attempt"":""2026-09-28T16:33:20.975Z"",""imported_for_hpo_crm"":""2026-09-28""}","2026-09-28 17:05:37.624431+00","2026-09-28 17:05:37.624431+00",,,,"[""prospect"",""pcp""]","NJ_PCP_Vein_Target_List_by_HPO.xlsx#All PCP-Vein Targets","prospect:64bcd09d85a564850b7c4804941d1cc4",,"40.817137098787","-74.215905285854","2026-09-28 16:33:20.975+00"
"","de483358-6627-441d-8b8d-fda0ffc947c8","Dr. Tianzhong Yang","Primary Care","PCP","Newark / Essex","Montclair","239 Claremont Ave, Montclair, NJ 07042","3","Adam","Prospect","active","HPO prospect import",,,,,"{""priority"":""B - Strong Target"",""provider"":null,""vein_fit"":""High"",""next_step"":""Add to route; call first and schedule quick drop-in"",""source_row"":155,""source_sheet"":""All PCP-Vein Targets"",""visit_status"":""Need to Visit"",""route_cluster"":""Newark / Essex"",""priority_score"":9,""source_workbook"":""NJ_PCP_Vein_Target_List_by_HPO.xlsx"",""geocode_provider"":""census"",""closest_hpo_office"":""Newark"",""source_prospect_id"":""71a6f789-fbf7-4753-a89c-df0945ebb1b7"",""original_fit_status"":""qualified"",""verification_status"":""partial"",""geocode_last_attempt"":""2026-09-28T16:33:20.980Z"",""imported_for_hpo_crm"":""2026-09-28""}","2026-09-28 17:05:37.624431+00","2026-09-28 17:05:37.624431+00",,,,"[""prospect"",""pcp""]","NJ_PCP_Vein_Target_List_by_HPO.xlsx#All PCP-Vein Targets","prospect:7798bed4ecc7288dcf47fbbc2103abde",,"40.818478975425","-74.217932746963","2026-09-28 16:33:20.98+00"
"","96b0b119-b3ad-4a29-bcae-d64a64caf7a7","Dr. Toliver","Primary Care","PCP","Newark / Essex","West Orange","60 Evergreen place, West Orange, 07018","3","Adam","Prospect","active","HPO prospect import",,,,,"{""priority"":""B - Strong Target"",""provider"":null,""vein_fit"":""High"",""next_step"":""Add to route; call first and schedule quick drop-in"",""source_row"":337,""source_sheet"":""All PCP-Vein Targets"",""visit_status"":""Need to Visit"",""route_cluster"":""Newark / Essex"",""priority_score"":8,""source_workbook"":""NJ_PCP_Vein_Target_List_by_HPO.xlsx"",""geocode_provider"":""census"",""closest_hpo_office"":""Newark"",""source_prospect_id"":""58e8da83-6953-413d-b161-6c9983c77a93"",""original_fit_status"":""qualified"",""verification_status"":""partial"",""geocode_last_attempt"":""2026-09-28T16:33:20.342Z"",""imported_for_hpo_crm"":""2026-09-28""}","2026-09-28 17:05:37.624431+00","2026-09-28 17:05:37.624431+00",,,,"[""prospect"",""pcp""]","NJ_PCP_Vein_Target_List_by_HPO.xlsx#All PCP-Vein Targets","prospect:3b67545eded1f0527a3633f33cdf5460",,"40.76362479236","-74.220751131339","2026-09-28 16:33:20.342+00"
"","f8ee0ad5-513a-4b22-9a34-bc93098824bc","Dr. Tuppo Enas","Primary Care","PCP","Bergen / Passaic","Hawthorne","1083 Goffle Rd, Hawthorne, NJ 07506","3","Adam","Prospect","active","HPO prospect import","Claudia said to visit",,,,"{""priority"":""A - Visit First"",""provider"":null,""vein_fit"":""High"",""next_step"":""Visit/call this week; confirm referral contact and drop approved material"",""source_row"":260,""source_sheet"":""All PCP-Vein Targets"",""visit_status"":""Need to Visit"",""route_cluster"":""Bergen / Passaic"",""priority_score"":12,""source_workbook"":""NJ_PCP_Vein_Target_List_by_HPO.xlsx"",""geocode_provider"":""census"",""closest_hpo_office"":""Ridgewood"",""source_prospect_id"":""56f84ccf-10a2-41a9-ac2f-6da80d47f974"",""original_fit_status"":""qualified"",""verification_status"":""partial"",""geocode_last_attempt"":""2026-09-28T16:32:31.745Z"",""imported_for_hpo_crm"":""2026-09-28""}","2026-09-28 17:05:37.624431+00","2026-09-28 17:05:37.624431+00",,,,"[""prospect"",""pcp""]","NJ_PCP_Vein_Target_List_by_HPO.xlsx#All PCP-Vein Targets","prospect:4db32453c93bb5dc4f39e423784092ed",,"40.968929752843","-74.152438514841","2026-09-28 16:32:31.745+00"
"","14f97b8e-1ac0-404f-9778-19e1567b2d08","Dr. Vikram Gupta","Primary Care","PCP","Newark / Essex","Clifton","246 Clifton Ave, Clifton, NJ 07011","3","Adam","Prospect","active","HPO prospect import",,,,,"{""priority"":""B - Strong Target"",""provider"":null,""vein_fit"":""High"",""next_step"":""Add to route; call first and schedule quick drop-in"",""source_row"":9,""source_sheet"":""All PCP-Vein Targets"",""visit_status"":""Need to Visit"",""route_cluster"":""Newark / Essex"",""priority_score"":8,""source_workbook"":""NJ_PCP_Vein_Target_List_by_HPO.xlsx"",""geocode_provider"":""census"",""closest_hpo_office"":""Newark"",""source_prospect_id"":""0e1c1420-5bd0-4f11-896a-10ceb9a215d2"",""original_fit_status"":""qualified"",""verification_status"":""partial"",""geocode_last_attempt"":""2026-09-28T16:33:54.891Z"",""imported_for_hpo_crm"":""2026-09-28""}","2026-09-28 17:05:37.624431+00","2026-09-28 17:05:37.624431+00",,,,"[""prospect"",""pcp""]","NJ_PCP_Vein_Target_List_by_HPO.xlsx#All PCP-Vein Targets","prospect:b2d7d47b8dc593520864d9c3fe3f1b0b",,"40.876101282498","-74.135537889908","2026-09-28 16:33:54.891+00"
"","d933fa19-a6c2-4e0c-8219-4c0b5126329a","Dr. Vitale","Primary Care","PCP","Bergen / Passaic","Paterson","154 Union Ave, Paterson, NJ 07502","3","Adam","Prospect","active","HPO prospect import",,,,,"{""priority"":""B - Strong Target"",""provider"":null,""vein_fit"":""High"",""next_step"":""Add to route; call first and schedule quick drop-in"",""source_row"":4,""source_sheet"":""All PCP-Vein Targets"",""visit_status"":""Need to Visit"",""route_cluster"":""Bergen / Passaic"",""priority_score"":9,""source_workbook"":""NJ_PCP_Vein_Target_List_by_HPO.xlsx"",""geocode_provider"":""census"",""closest_hpo_office"":""Ridgewood"",""source_prospect_id"":""69c58b3a-d6a2-4eb4-a615-6cb32f3f068b"",""original_fit_status"":""qualified"",""verification_status"":""partial"",""geocode_last_attempt"":""2026-09-28T16:33:55.080Z"",""imported_for_hpo_crm"":""2026-09-28""}","2026-09-28 17:05:37.624431+00","2026-09-28 17:05:37.624431+00",,,,"[""prospect"",""pcp""]","NJ_PCP_Vein_Target_List_by_HPO.xlsx#All PCP-Vein Targets","prospect:f495bbd1726ad964fa086b831ed27dbc",,"40.915179536486","-74.194554397525","2026-09-28 16:33:55.08+00"
"","052bbe37-ee80-4ec9-a87c-c5619f0c75ac","Dr. Vito  Mazzocoli","Primary Care","Family","Union / Elizabeth","Caldwell","73 Bloomfield Ave","3","Adam","Prospect","active","HPO prospect import","Jessica",,,,"{""priority"":""B - Strong Target"",""provider"":null,""vein_fit"":""High"",""next_step"":""Add to route; call first and schedule quick drop-in"",""source_row"":371,""source_sheet"":""All PCP-Vein Targets"",""visit_status"":""Need to Visit"",""route_cluster"":""Union / Elizabeth"",""priority_score"":9,""source_workbook"":""NJ_PCP_Vein_Target_List_by_HPO.xlsx"",""geocode_provider"":""census"",""closest_hpo_office"":""Union"",""source_prospect_id"":""d638ebc0-7a6f-45a6-92d4-a97823e07c4e"",""original_fit_status"":""qualified"",""verification_status"":""partial"",""geocode_last_attempt"":""2026-09-28T16:33:55.912Z"",""imported_for_hpo_crm"":""2026-09-28""}","2026-09-28 17:05:37.624431+00","2026-09-28 17:05:37.624431+00",,,,"[""prospect"",""pcp""]","NJ_PCP_Vein_Target_List_by_HPO.xlsx#All PCP-Vein Targets","prospect:6f9f04510010476e646671822c602137",,"40.835469106591","-74.266077124119","2026-09-28 16:33:55.912+00"
"","65cbb9fc-fdb5-4cbe-a525-6d260a08f6f2","Dr. Waleed Lashin","Primary Care","PCP","Newark / Essex","Clifton","1414 Main Ave, Clifton, NJ 07011","3","Adam","Prospect","active","HPO prospect import",,,,,"{""priority"":""B - Strong Target"",""provider"":null,""vein_fit"":""High"",""next_step"":""Add to route; call first and schedule quick drop-in"",""source_row"":76,""source_sheet"":""All PCP-Vein Targets"",""visit_status"":""Need to Visit"",""route_cluster"":""Newark / Essex"",""priority_score"":8,""source_workbook"":""NJ_PCP_Vein_Target_List_by_HPO.xlsx"",""geocode_provider"":""census"",""closest_hpo_office"":""Newark"",""source_prospect_id"":""8b173351-0bc5-4d10-9d66-b2966c53bd62"",""original_fit_status"":""qualified"",""verification_status"":""partial"",""geocode_last_attempt"":""2026-09-28T16:33:54.640Z"",""imported_for_hpo_crm"":""2026-09-28""}","2026-09-28 17:05:37.624431+00","2026-09-28 17:05:37.624431+00",,,,"[""prospect"",""pcp""]","NJ_PCP_Vein_Target_List_by_HPO.xlsx#All PCP-Vein Targets","prospect:325dbe86667f8e1b8349f0956452f179",,"40.883490366516","-74.147933571776","2026-09-28 16:33:54.64+00"
"","15f92e1c-2570-484d-b7cb-210815712581","Dr. Wallace Theresa Car","Primary Care","PCP","Newark / Essex","Verona","271 Grove Ave","3","Adam","Prospect","active","HPO prospect import",,,,,"{""priority"":""B - Strong Target"",""provider"":null,""vein_fit"":""High"",""next_step"":""Add to route; call first and schedule quick drop-in"",""source_row"":173,""source_sheet"":""All PCP-Vein Targets"",""visit_status"":""Need to Visit"",""route_cluster"":""Newark / Essex"",""priority_score"":8,""source_workbook"":""NJ_PCP_Vein_Target_List_by_HPO.xlsx"",""geocode_provider"":""census"",""closest_hpo_office"":""Newark"",""source_prospect_id"":""7c3b24c1-88ee-4fe4-b2a4-735dbd2caf2d"",""original_fit_status"":""qualified"",""verification_status"":""partial"",""geocode_last_attempt"":""2026-09-28T16:33:40.039Z"",""imported_for_hpo_crm"":""2026-09-28""}","2026-09-28 17:05:37.624431+00","2026-09-28 17:05:37.624431+00",,,,"[""prospect"",""pcp""]","NJ_PCP_Vein_Target_List_by_HPO.xlsx#All PCP-Vein Targets","prospect:ca49d0812be3352758e2104383e9fa5c",,"40.844698369776","-74.236939918609","2026-09-28 16:33:40.039+00"
"","527637a4-2239-498b-8f42-18cdd23875b3","Dr. Wilfredo Cruz","Primary Care","PCP","Hudson Waterfront","Jersey City","268 St Pauls Ave, Floor 1, Jersey City, NJ 07306","3","Adam","Prospect","active","HPO prospect import",,,,,"{""priority"":""A - Visit First"",""provider"":""Total Care LLC"",""vein_fit"":""High"",""next_step"":""Visit/call this week; confirm referral contact and drop approved material"",""source_row"":171,""source_sheet"":""All PCP-Vein Targets"",""visit_status"":""Need to Visit"",""route_cluster"":""Hudson Waterfront"",""priority_score"":11,""source_workbook"":""NJ_PCP_Vein_Target_List_by_HPO.xlsx"",""geocode_provider"":""census"",""closest_hpo_office"":""Hoboken"",""source_prospect_id"":""8c905763-6701-4c5e-ae6e-60c106ea230b"",""original_fit_status"":""qualified"",""verification_status"":""partial"",""geocode_last_attempt"":""2026-09-28T16:32:29.359Z"",""imported_for_hpo_crm"":""2026-09-28""}","2026-09-28 17:05:37.624431+00","2026-09-28 17:05:37.624431+00",,,,"[""prospect"",""pcp""]","NJ_PCP_Vein_Target_List_by_HPO.xlsx#All PCP-Vein Targets","prospect:b78aa6523d9e8e9a3e3b30d9960e0d27",,"40.737712342474","-74.064316232796","2026-09-28 16:32:29.359+00"
"","5fbb7eb3-6955-4d5d-8269-050855a85596","Dr. William F. Schmalz Jr","Primary Care","PCP","Newark / Essex","Verona","50 Pompton Ave","3","Adam","Prospect","active","HPO prospect import",,,,,"{""priority"":""B - Strong Target"",""provider"":null,""vein_fit"":""High"",""next_step"":""Add to route; call first and schedule quick drop-in"",""source_row"":307,""source_sheet"":""All PCP-Vein Targets"",""visit_status"":""Need to Visit"",""route_cluster"":""Newark / Essex"",""priority_score"":8,""source_workbook"":""NJ_PCP_Vein_Target_List_by_HPO.xlsx"",""geocode_provider"":""photon"",""closest_hpo_office"":""Newark"",""source_prospect_id"":""cc4e8840-214e-460b-8e7d-e3e981965634"",""original_fit_status"":""qualified"",""verification_status"":""partial"",""geocode_last_attempt"":""2026-09-28T16:33:45.027Z"",""imported_for_hpo_crm"":""2026-09-28""}","2026-09-28 17:05:37.624431+00","2026-09-28 17:05:37.624431+00",,,,"[""prospect"",""pcp""]","NJ_PCP_Vein_Target_List_by_HPO.xlsx#All PCP-Vein Targets","prospect:58549b208fde7cf143538005d61b319f",,"40.8355921","-74.2272937","2026-09-28 16:33:45.028+00"
"","6162b1cc-7323-4f67-a093-d43ca23fcbeb","Dr. Yisque","Primary Care","PCP","Bergen / Passaic","Fair Lawn","22-18 Broadway, Fair Lawn, NJ 07410","3","Adam","Prospect","active","HPO prospect import",,,,,"{""priority"":""B - Strong Target"",""provider"":null,""vein_fit"":""High"",""next_step"":""Add to route; call first and schedule quick drop-in"",""source_row"":95,""source_sheet"":""All PCP-Vein Targets"",""visit_status"":""Need to Visit"",""route_cluster"":""Bergen / Passaic"",""priority_score"":9,""source_workbook"":""NJ_PCP_Vein_Target_List_by_HPO.xlsx"",""geocode_provider"":""census"",""closest_hpo_office"":""Ridgewood"",""source_prospect_id"":""ed0377ac-0490-4374-b07b-93c21f82d077"",""original_fit_status"":""qualified"",""verification_status"":""partial"",""geocode_last_attempt"":""2026-09-28T16:33:54.652Z"",""imported_for_hpo_crm"":""2026-09-28""}","2026-09-28 17:05:37.624431+00","2026-09-28 17:05:37.624431+00",,,,"[""prospect"",""pcp""]","NJ_PCP_Vein_Target_List_by_HPO.xlsx#All PCP-Vein Targets","prospect:0012d28bbc8dde9e81e070d7e25051b2",,"40.922233506052","-74.113471965138","2026-09-28 16:33:54.652+00"
"","580f0aca-c08a-490d-bfba-4375a5836034","Dr.Jeffrey Farnese","Primary Care","PCP","Bergen / Passaic","Little Falls","109 Newark Pompton Tpk","3","Adam","Prospect","active","HPO prospect import","Amy",,,,"{""priority"":""B - Strong Target"",""provider"":null,""vein_fit"":""High"",""next_step"":""Add to route; call first and schedule quick drop-in"",""source_row"":40,""source_sheet"":""All PCP-Vein Targets"",""visit_status"":""Need to Visit"",""route_cluster"":""Bergen / Passaic"",""priority_score"":9,""source_workbook"":""NJ_PCP_Vein_Target_List_by_HPO.xlsx"",""geocode_provider"":""census"",""closest_hpo_office"":""Ridgewood"",""source_prospect_id"":""6e2aa2c5-0f48-473a-b071-9ee16f3df538"",""original_fit_status"":""qualified"",""verification_status"":""partial"",""geocode_last_attempt"":""2026-09-28T16:33:55.810Z"",""imported_for_hpo_crm"":""2026-09-28""}","2026-09-28 17:05:37.624431+00","2026-09-28 17:05:37.624431+00",,,,"[""prospect"",""pcp""]","NJ_PCP_Vein_Target_List_by_HPO.xlsx#All PCP-Vein Targets","prospect:513b5262c21e6740502ba520460ef1f0",,"40.884074708934","-74.244488259264","2026-09-28 16:33:55.81+00"
"","80a50007-34f4-474b-bd08-313b8fa88da6","DRS Medical Associates","Primary Care","Internal Medicine / Primary Care","Hoboken / Hudson Waterfront","Jersey City","115 Christopher Columbus Drive, Suite 301, Jersey City, NJ 07302","3","Adam","Prospect","active","HPO prospect import","Two established PCPs, extended/weekend access and visible staff operations suggest meaningful case volume and reachable referral decision-makers.",,,,"{""rank"":4,""ownership"":""Independent physician-led practice"",""physicians"":""Ray Santos, MD; Ritu Sharma, MD"",""source_sheet"":""Master Prospects"",""last_verified"":""2026-09-10"",""prospect_score"":9,""visit_priority"":""A"",""source_workbook"":""Hudson_Pro_Hoboken_Primary_Care_Prospects.xlsx"",""geocode_provider"":""census"",""suggested_contact"":""Practice manager, referral coordinator, or Dr. Santos/Dr. Sharma"",""prior_visit_status"":""Net-new / no prior visit documented"",""source_prospect_id"":""5337411f-f94f-4436-939a-8b3f79c91d06"",""original_fit_status"":""qualified"",""verification_status"":""verified"",""geocode_last_attempt"":""2026-09-28T16:30:43.015Z"",""imported_for_hpo_crm"":""2026-09-28""}","2026-09-28 17:05:37.624431+00","2026-09-28 17:05:37.624431+00",,,,"[""prospect"",""pcp""]","Hudson_Pro_Hoboken_Primary_Care_Prospects.xlsx#Master Prospects","prospect:f6c3b4d5589a54967e98a2b50e549d40",,"40.719793004391","-74.044074246523","2026-09-28 16:30:43.015+00"
"","0593a0d3-7452-443d-9f0a-6639b3b9f475","Druckman & Hernandez","Attorney","PI-heavy: auto/PIP, premises, workers’ compensation and serious injury","Union Territory","Elizabeth","609 Morris Ave, Elizabeth, NJ 07208","5","Adam","Prospect","active","HPO prospect import","Two-partner injury practice with a high-review Elizabeth office and likely frequent auto/PIP matters. Firm size: 2-attorney local firm plus support staff. Office hours: Office hours not published; call ahead.",,,,"{""rank"":34,""non_phi"":true,""prospect_score"":8.5,""source_file_id"":""file_000000005f4c81f5b7d67b245ceeba41"",""visit_priority"":""A — visit first"",""internal_priority"":5,""primary_attorneys"":""Joseph Druckman; Leonardo Hernandez"",""source_prospect_id"":""52d7f7f4-93ce-448f-a334-034ae6a038ff"",""original_fit_status"":""qualified"",""verification_status"":""verified"",""approx_distance_from_hpo"":""Approx. 4–6 driving mi""}","2026-09-28 17:05:37.624431+00","2026-09-28 17:05:37.624431+00",,,,"[""prospect"",""attorney""]","Hudson_Pro_North_Jersey_PI_Prospects.xlsx#Master75-rank-34","prospect:64fa9493234f1a0ec9989f418f65da60",,"40.667417","-74.2155129","2026-09-27 01:46:00.648+00"
"","d7378e6e-5d7d-4286-876e-dc6c1263a40e","Duncan Kathyann MD","Primary Care","PCP","Newark / Essex","Newark","88-108 Shipman St, Newark, NJ 07102","3","Adam","Prospect","active","HPO prospect import",,,,,"{""priority"":""A - Visit First"",""provider"":null,""vein_fit"":""High"",""next_step"":""Visit/call this week; confirm referral contact and drop approved material"",""source_row"":18,""source_sheet"":""All PCP-Vein Targets"",""visit_status"":""Need to Visit"",""route_cluster"":""Newark / Essex"",""priority_score"":13,""source_workbook"":""NJ_PCP_Vein_Target_List_by_HPO.xlsx"",""geocode_provider"":""census"",""closest_hpo_office"":""Newark"",""source_prospect_id"":""365038e0-81b5-4746-9bdc-139afc7c6f46"",""original_fit_status"":""qualified"",""verification_status"":""partial"",""geocode_last_attempt"":""2026-09-28T16:32:30.894Z"",""imported_for_hpo_crm"":""2026-09-28""}","2026-09-28 17:05:37.624431+00","2026-09-28 17:05:37.624431+00",,,,"[""prospect"",""pcp""]","NJ_PCP_Vein_Target_List_by_HPO.xlsx#All PCP-Vein Targets","prospect:aeeb63079a75580f5b13611a942eb4aa",,"40.732773288862","-74.180248229432","2026-09-28 16:32:30.894+00"
"","99d2638c-3370-4980-9826-db7a16d0d185","Edwin Suarez","Primary Care","Internal","Union / Elizabeth","Caldwell","360 Bloomfield Ave","3","Adam","Prospect","active","HPO prospect import","Edgar",,,,"{""priority"":""B - Strong Target"",""provider"":null,""vein_fit"":""High"",""next_step"":""Add to route; call first and schedule quick drop-in"",""source_row"":229,""source_sheet"":""All PCP-Vein Targets"",""visit_status"":""Need to Visit"",""route_cluster"":""Union / Elizabeth"",""priority_score"":9,""source_workbook"":""NJ_PCP_Vein_Target_List_by_HPO.xlsx"",""geocode_provider"":""census"",""closest_hpo_office"":""Union"",""source_prospect_id"":""52a291f6-1cde-41ad-acba-0a4229119048"",""original_fit_status"":""qualified"",""verification_status"":""partial"",""geocode_last_attempt"":""2026-09-28T16:33:56.346Z"",""imported_for_hpo_crm"":""2026-09-28""}","2026-09-28 17:05:37.624431+00","2026-09-28 17:05:37.624431+00",,,,"[""prospect"",""pcp""]","NJ_PCP_Vein_Target_List_by_HPO.xlsx#All PCP-Vein Targets","prospect:c398d87121ca93aee4eb84bfd6780eee",,"40.840533124243","-74.277533719981","2026-09-28 16:33:56.346+00"
"","e98d713f-18a1-401d-9af1-b2db9dbbdcd1","Einhorn Barbarito","Attorney","Full-service firm with plaintiff PI: auto, premises, catastrophic injury and wrongful death","Morris Plains Territory","Parsippany","4 Campus Dr, Suite 300, Parsippany, NJ 07054","4","Adam","Prospect","active","HPO prospect import","New headquarters is clearly staffed and the PI team is credible, though institutional gatekeeping and mixed practice reduce conversion probability. Firm size: Large local full-service firm; 30+ attorneys. Office hours: Office hours not published; call ahead.

Last field visit 9/16/2026: office was closed at time of visit.","2026-09-16 12:00:00+00","Revisit when the office is open",,"{""rank"":65,""non_phi"":true,""visit_note"":""Office closed at time of visit."",""prospect_score"":7.7,""source_file_id"":""file_000000005f4c81f5b7d67b245ceeba41"",""visit_priority"":""B — worthwhile prospect"",""last_field_visit"":""2026-09-16"",""internal_priority"":4,""primary_attorneys"":""Christopher Musmanno; Dennis Shlionsky; PI team"",""source_prospect_id"":""8a1b9a28-290e-4cfd-bf17-d05b482a561a"",""original_fit_status"":""qualified"",""verification_status"":""verified"",""approx_distance_from_hpo"":""Approx. 5–7 driving mi""}","2026-09-28 17:05:37.624431+00","2026-09-28 17:12:50.606606+00",,,,"[""prospect"",""attorney""]","Hudson_Pro_North_Jersey_PI_Prospects.xlsx#Master75-rank-65","prospect:ace04de108a01b7e5aa30bb0765146d8",,"40.8465599","-74.4607162","2026-09-28 03:58:53.961+00"
"","2ce765fc-39ae-4f43-b261-72480cd3226d","Eisdorfer, Eisdorfer & Eisdorfer, LLC","Attorney","PI-heavy: auto, premises, medical malpractice, workers’ compensation and serious injury","Union Territory","Elizabeth","265 Morris Ave, Elizabeth, NJ 07208","4","Adam","Prospect","active","HPO prospect import","Longstanding Elizabeth family practice with high PI relevance and realistic access to attorneys and staff. Firm size: Small family-run firm; about 3 attorneys. Office hours: Office hours not published; 24/7 call availability—call ahead.",,,,"{""rank"":56,""non_phi"":true,""prospect_score"":8,""source_file_id"":""file_000000005f4c81f5b7d67b245ceeba41"",""visit_priority"":""B — worthwhile prospect"",""internal_priority"":4,""primary_attorneys"":""Eisdorfer family attorney team"",""source_prospect_id"":""033ca36e-17e0-4d06-8e8a-072a1589ea06"",""original_fit_status"":""qualified"",""verification_status"":""verified"",""approx_distance_from_hpo"":""Approx. 5–7 driving mi""}","2026-09-28 17:05:37.624431+00","2026-09-28 17:05:37.624431+00",,,,"[""prospect"",""attorney""]","Hudson_Pro_North_Jersey_PI_Prospects.xlsx#Master75-rank-56","prospect:fa7e3eb32e26b73fdd819180c94ef949",,"40.667417","-74.2155129","2026-09-27 01:46:04.826+00"
"","bce299e7-4301-4dd2-919f-fbc3854613be","Elaine Douglas MD","Primary Care","PCP","Newark / Essex","Montclair","73 Park St, Montclair, NJ 07042","3","Adam","Prospect","active","HPO prospect import",,,,,"{""priority"":""B - Strong Target"",""provider"":null,""vein_fit"":""High"",""next_step"":""Add to route; call first and schedule quick drop-in"",""source_row"":20,""source_sheet"":""All PCP-Vein Targets"",""visit_status"":""Need to Visit"",""route_cluster"":""Newark / Essex"",""priority_score"":8,""source_workbook"":""NJ_PCP_Vein_Target_List_by_HPO.xlsx"",""geocode_provider"":""census"",""closest_hpo_office"":""Newark"",""source_prospect_id"":""dc4e1efc-9842-4f06-9201-5c9d66867f98"",""original_fit_status"":""qualified"",""verification_status"":""partial"",""geocode_last_attempt"":""2026-09-28T16:33:20.984Z"",""imported_for_hpo_crm"":""2026-09-28""}","2026-09-28 17:05:37.624431+00","2026-09-28 17:05:37.624431+00",,,,"[""prospect"",""pcp""]","NJ_PCP_Vein_Target_List_by_HPO.xlsx#All PCP-Vein Targets","prospect:55556d59c2a59d12ba200236642abac6",,"40.818768996922","-74.215512225746","2026-09-28 16:33:20.985+00"
"","18ad4972-3c22-4e2c-ae21-e3b41c40c41e","Elaine Holt, MD","Primary Care","Internal Medicine","Ridgewood / Bergen-Passaic","Ridgewood","352 Godwin Avenue, Ridgewood, NJ 07450","3","Adam","Prospect","active","HPO prospect import","Highly relationship-driven solo internist near HPO; adult panel and same-day access create frequent orthopedic referral opportunities.",,,,"{""source_prospect_id"":""1bd16415-a7f1-4c53-a3ab-c76f9558c892"",""original_fit_status"":""qualified"",""verification_status"":""verified""}","2026-09-28 17:05:37.624431+00","2026-09-28 17:05:37.624431+00",,,,"[""prospect"",""pcp""]","Hudson_Pro_Ridgewood_Primary_Care_Prospects.xlsx#S002","prospect:900852448d115ceb1b14dda46b3493c7",,"40.9792017","-74.1225687","2026-09-28 16:46:52.811+00"
"","7f2658cc-50cb-46a0-8757-34ed2b9a208d","Eleanora Yeiser, DO","Primary Care","PCP","Newark / Essex","Montclair","48-50 Fairfield St, Montclair, NJ 07042","3","Adam","Prospect","active","HPO prospect import",,,,,"{""priority"":""B - Strong Target"",""provider"":null,""vein_fit"":""High"",""next_step"":""Add to route; call first and schedule quick drop-in"",""source_row"":301,""source_sheet"":""All PCP-Vein Targets"",""visit_status"":""Need to Visit"",""route_cluster"":""Newark / Essex"",""priority_score"":9,""source_workbook"":""NJ_PCP_Vein_Target_List_by_HPO.xlsx"",""geocode_provider"":""census"",""closest_hpo_office"":""Newark"",""source_prospect_id"":""0801e714-4b45-4cd2-b72d-0ae8c7a7b604"",""original_fit_status"":""qualified"",""verification_status"":""partial"",""geocode_last_attempt"":""2026-09-28T16:33:30.901Z"",""imported_for_hpo_crm"":""2026-09-28""}","2026-09-28 17:05:37.624431+00","2026-09-28 17:05:37.624431+00",,,,"[""prospect"",""pcp""]","NJ_PCP_Vein_Target_List_by_HPO.xlsx#All PCP-Vein Targets","prospect:6782dd7c7dab06cb0968c81653a984eb",,"40.82932447554","-74.205485318227","2026-09-28 16:33:30.901+00"
"","3d0f6758-5fec-4705-9e98-42cf4b2ce016","Elite Premier Medical Care Plus","Primary Care","Family Medicine / Primary Care","Ridgewood / Bergen-Passaic","Fair Lawn","15-01 Broadway, Suite 22, Fair Lawn, NJ 07410","3","Adam","Prospect","active","HPO prospect import","Independent family physician in a dense medical building, close to HPO and easy to combine with other Fair Lawn calls.",,,,"{""source_prospect_id"":""b946790f-14d5-49a5-af47-f599377793a3"",""original_fit_status"":""qualified"",""verification_status"":""verified""}","2026-09-28 17:05:37.624431+00","2026-09-28 17:05:37.624431+00",,,,"[""prospect"",""pcp""]","Hudson_Pro_Ridgewood_Primary_Care_Prospects.xlsx#S026","prospect:c8746c235eb4a7091ddfc2ecc4135f85",,"40.9212278","-74.1186001","2026-09-28 16:47:24.719+00"
"","4f978e8b-e425-460d-8a99-6d2d534b7cdf","Elizabeth Ramos-Genuino","Primary Care","PCP","Newark / Essex","Montclair","100 Valley Rd, Montclair, NJ 070422200","3","Adam","Prospect","active","HPO prospect import",,,,,"{""priority"":""B - Strong Target"",""provider"":null,""vein_fit"":""High"",""next_step"":""Add to route; call first and schedule quick drop-in"",""source_row"":29,""source_sheet"":""All PCP-Vein Targets"",""visit_status"":""Need to Visit"",""route_cluster"":""Newark / Essex"",""priority_score"":8,""source_workbook"":""NJ_PCP_Vein_Target_List_by_HPO.xlsx"",""geocode_provider"":""census"",""closest_hpo_office"":""Newark"",""source_prospect_id"":""b0f51ef6-6fe5-45a1-8c25-8efdd8aa4d0c"",""original_fit_status"":""qualified"",""verification_status"":""partial"",""geocode_last_attempt"":""2026-09-28T16:33:30.901Z"",""imported_for_hpo_crm"":""2026-09-28""}","2026-09-28 17:05:37.624431+00","2026-09-28 17:05:37.624431+00",,,,"[""prospect"",""pcp""]","NJ_PCP_Vein_Target_List_by_HPO.xlsx#All PCP-Vein Targets","prospect:f3d8f28a92b6672eddd51ecbfb47f95e",,"40.819908473662","-74.221221439726","2026-09-28 16:33:30.901+00"
"","889e04fa-d9dd-499d-af16-35fdaa94108e","Englewood Health Primary Care at Bayonne","Primary Care","Family Medicine / Internal Medicine","Hoboken / Hudson Waterfront","Bayonne","1166 John F. Kennedy Boulevard, Bayonne, NJ 07002","3","Adam","Prospect","active","HPO prospect import","Two-PCP Bayonne office with local volume; institutional network lowers external share but route placement is useful.",,,,"{""rank"":38,""ownership"":""Englewood Health Physician Network"",""physicians"":""Charles Arber, DO; John Dedousis, MD"",""source_sheet"":""Master Prospects"",""last_verified"":""2026-09-10"",""prospect_score"":7,""visit_priority"":""B"",""source_workbook"":""Hudson_Pro_Hoboken_Primary_Care_Prospects.xlsx"",""geocode_provider"":""census"",""suggested_contact"":""Practice manager or referral coordinator"",""prior_visit_status"":""Net-new / no prior visit documented"",""source_prospect_id"":""33045c2e-b88f-4703-9dc3-0044308bd847"",""original_fit_status"":""qualified"",""verification_status"":""verified"",""geocode_last_attempt"":""2026-09-28T16:30:42.684Z"",""imported_for_hpo_crm"":""2026-09-28""}","2026-09-28 17:05:37.624431+00","2026-09-28 17:05:37.624431+00",,,,"[""prospect"",""pcp""]","Hudson_Pro_Hoboken_Primary_Care_Prospects.xlsx#Master Prospects","prospect:acd97df0392f03394b4b0b02f7d9c8a0",,"40.686725855036","-74.107879577338","2026-09-28 16:30:42.684+00"
"","a699ff77-1722-4f9a-9400-3d631e14fedb","Englewood Health Primary Care at Union City","Primary Care","Family Medicine / Internal Medicine","Hoboken / Hudson Waterfront","Union City","3196 Kennedy Boulevard, 3rd Floor, Union City, NJ 07087","3","Adam","Prospect","active","HPO prospect import","Existing relationship and occasional external referrals are useful, but the practice usually stays in-system; targeted follow-up only.",,,,"{""rank"":53,""ownership"":""Englewood Health Physician Network"",""physicians"":""Maria Paschalidis, DO; Sadhna Rastogi, MD; Francisco Gonzalez, MD"",""source_sheet"":""Master Prospects"",""last_verified"":""2026-09-10"",""prospect_score"":7,""visit_priority"":""C"",""source_workbook"":""Hudson_Pro_Hoboken_Primary_Care_Prospects.xlsx"",""geocode_provider"":""census"",""suggested_contact"":""Maria Paschalidis, DO or office manager"",""prior_visit_status"":""Previously visited — Maria Paschalidis; usually refers in-system, sometimes externally"",""source_prospect_id"":""51272eb8-d9c5-43dc-a897-d8475e346283"",""original_fit_status"":""qualified"",""verification_status"":""verified"",""geocode_last_attempt"":""2026-09-28T16:31:24.789Z"",""imported_for_hpo_crm"":""2026-09-28""}","2026-09-28 17:05:37.624431+00","2026-09-28 17:05:37.624431+00",,,,"[""prospect"",""pcp""]","Hudson_Pro_Hoboken_Primary_Care_Prospects.xlsx#Master Prospects","prospect:868f63238567742f20b0daecbc2fa58f",,"40.775034394123","-74.032830851432","2026-09-28 16:31:24.789+00"
"","4054efa2-2770-4fd8-b745-5f776ecfbe24","Escandon, Fernicola, Anderson, Covelli & McPherson","Attorney","PI-only/PI-dominant: auto/PIP, truck, premises, products, medical malpractice and serious injury","Hoboken Territory","Bayonne","23 W 8th St, Bayonne, NJ 07002","4","Adam","Prospect","active","HPO prospect import","Experienced NJ trial team with a genuine Bayonne office and broad serious-injury/PIP relevance. Firm size: Midsize NJ plaintiff firm; about 5 attorneys. Office hours: Office hours not published; call ahead.",,,,"{""rank"":51,""non_phi"":true,""prospect_score"":8.1,""source_file_id"":""file_000000005f4c81f5b7d67b245ceeba41"",""visit_priority"":""B — worthwhile prospect"",""internal_priority"":4,""primary_attorneys"":""Michael Escandon; Joseph Fernicola; firm trial attorneys"",""source_prospect_id"":""c215219c-31fd-4cf5-aa5f-8ff822dcb55b"",""original_fit_status"":""qualified"",""verification_status"":""verified"",""approx_distance_from_hpo"":""Approx. 10–12 driving mi""}","2026-09-28 17:05:37.624431+00","2026-09-28 17:05:37.624431+00",,,,"[""prospect"",""attorney""]","Hudson_Pro_North_Jersey_PI_Prospects.xlsx#Master75-rank-51","prospect:1a7cdbfead3f291e73ec694c877c0b5e",,"40.6559787","-74.1310058","2026-09-27 01:46:03.336+00"
"","de20fef5-7a71-47bc-8f76-0100fa0294fe","Family & Integrative Medicine Center of NJ / Esra S. Onat, MD","Primary Care","Family Practice / Integrative Primary Care",,"Morristown","25 Lindsley Dr, Suite 105, Morristown, NJ 07960","3","Adam","Prospect","active","HPO prospect import","Area: Morristown | Priority: Medium-High | Strong private-practice target. Their site says they provide primary care and integrative medicine and have served Morris County for 25+ years. A4M profile says Dr. Onat has been in private practice since 1999. | Address Review: address present in uploaded list; verify official physical office before driving.",,,,"{""source_prospect_id"":""7b42ff8b-99d4-4914-a9c9-e6e9e2799025"",""original_fit_status"":""qualified"",""verification_status"":""partial""}","2026-09-28 17:05:37.624431+00","2026-09-28 17:05:37.624431+00",,,,"[""prospect"",""pcp""]","RepMove_Import_Accounts_Address_Checked.xlsx#HPO-RM-039","prospect:c6b538989da115f10e43a4111aaf84e2",,"40.7993725","-74.4583149","2026-09-28 16:56:16.657+00"
"","76ce7f73-1dd0-4896-bf5f-97b1e7f42dd3","Family Care","Primary Care","PCP","Newark / Essex","Newark","155 Jefferson St, Newark, NJ 07105","3","Adam","Prospect","active","HPO prospect import",,,,,"{""priority"":""A - Visit First"",""provider"":null,""vein_fit"":""High"",""next_step"":""Visit/call this week; confirm referral contact and drop approved material"",""source_row"":90,""source_sheet"":""All PCP-Vein Targets"",""visit_status"":""Need to Visit"",""route_cluster"":""Newark / Essex"",""priority_score"":10,""source_workbook"":""NJ_PCP_Vein_Target_List_by_HPO.xlsx"",""geocode_provider"":""census"",""closest_hpo_office"":""Newark"",""source_prospect_id"":""df570939-89f9-4fe1-a037-80f435467354"",""original_fit_status"":""qualified"",""verification_status"":""partial"",""geocode_last_attempt"":""2026-09-28T16:32:30.893Z"",""imported_for_hpo_crm"":""2026-09-28""}","2026-09-28 17:05:37.624431+00","2026-09-28 17:05:37.624431+00",,,,"[""prospect"",""pcp""]","NJ_PCP_Vein_Target_List_by_HPO.xlsx#All PCP-Vein Targets","prospect:23ad9affca56965a82a5c9438b90368a",,"40.727812979456","-74.163188431031","2026-09-28 16:32:30.893+00"
"","cb65ce2b-d45f-42a1-a3b0-51d1f78d6f27","Family Care of NJ","Primary Care","PCP","Bergen / Passaic","Paterson","1042 Main St, Paterson, NJ 07503","3","Adam","Prospect","active","HPO prospect import",,,,,"{""priority"":""B - Strong Target"",""provider"":null,""vein_fit"":""High"",""next_step"":""Add to route; call first and schedule quick drop-in"",""source_row"":2,""source_sheet"":""All PCP-Vein Targets"",""visit_status"":""Need to Visit"",""route_cluster"":""Bergen / Passaic"",""priority_score"":9,""source_workbook"":""NJ_PCP_Vein_Target_List_by_HPO.xlsx"",""geocode_provider"":""census"",""closest_hpo_office"":""Ridgewood"",""source_prospect_id"":""d76c1230-782d-4b9e-8e25-6c1135d0b502"",""original_fit_status"":""qualified"",""verification_status"":""partial"",""geocode_last_attempt"":""2026-09-28T16:33:55.078Z"",""imported_for_hpo_crm"":""2026-09-28""}","2026-09-28 17:05:37.624431+00","2026-09-28 17:05:37.624431+00",,,,"[""prospect"",""pcp""]","NJ_PCP_Vein_Target_List_by_HPO.xlsx#All PCP-Vein Targets","prospect:0dc2c7033a9717f6691266604c7a71bf",,"40.892651618042","-74.157665930287","2026-09-28 16:33:55.078+00"
"","001dc965-f7e5-419d-83b6-85c85609d5fb","Family Health Associates","Primary Care","PCP","Hudson Waterfront","Jersey City","99 Storms Ave, Jersey City, NJ 07306","3","Adam","Prospect","active","HPO prospect import",,,,,"{""priority"":""A - Visit First"",""provider"":null,""vein_fit"":""High"",""next_step"":""Visit/call this week; confirm referral contact and drop approved material"",""source_row"":406,""source_sheet"":""All PCP-Vein Targets"",""visit_status"":""Need to Visit"",""route_cluster"":""Hudson Waterfront"",""priority_score"":11,""source_workbook"":""NJ_PCP_Vein_Target_List_by_HPO.xlsx"",""geocode_provider"":""census"",""closest_hpo_office"":""Hoboken"",""source_prospect_id"":""ce1ab31c-f37c-4672-82dd-ca7b0e76b975"",""original_fit_status"":""qualified"",""verification_status"":""partial"",""geocode_last_attempt"":""2026-09-28T16:32:29.355Z"",""imported_for_hpo_crm"":""2026-09-28""}","2026-09-28 17:05:37.624431+00","2026-09-28 17:05:37.624431+00",,,,"[""prospect"",""pcp""]","NJ_PCP_Vein_Target_List_by_HPO.xlsx#All PCP-Vein Targets","prospect:d0f99e059d652ab505bc92f64f6efd22",,"40.723668792075","-74.068271606062","2026-09-28 16:32:29.355+00"
"","ada4478f-64c4-4f58-a5ea-e760c0a6c22e","Fikhman & Associates","Attorney","PI-heavy: auto, truck, premises and serious injury","Hoboken Territory","Bayonne","497 Broadway, Suite 8, Bayonne, NJ 07002","4","Adam","Prospect","active","HPO prospect import","Strong current review activity and a Bayonne address/phone that align across business listings; call ahead because the firm site is under maintenance. Firm size: Small local practice; current attorney count unknown. Office hours: Unknown — call ahead.",,,,"{""rank"":52,""non_phi"":true,""prospect_score"":8.1,""source_file_id"":""file_000000005f4c81f5b7d67b245ceeba41"",""visit_priority"":""B — worthwhile prospect"",""internal_priority"":4,""primary_attorneys"":""Alexander Fikhman; firm attorney team"",""source_prospect_id"":""697d8fba-0a1e-4cbb-8207-04602f5976bf"",""original_fit_status"":""qualified"",""verification_status"":""partial"",""approx_distance_from_hpo"":""Approx. 9–11 driving mi""}","2026-09-28 17:05:37.624431+00","2026-09-28 17:05:37.624431+00",,,,"[""prospect"",""attorney""]","Hudson_Pro_North_Jersey_PI_Prospects.xlsx#Master75-rank-52","prospect:f66c431eb71607105c38eec55d95942d",,"40.6476055","-74.1282341","2026-09-28 03:58:53.608+00"
"","6385d6fc-bc88-48eb-8c2a-6be0cafdbc00","First Care Medical Group","Primary Care","PCP","Newark / Essex","Lyndhurst","750 Valley Brook Ave, Lyndhurst, NJ 07071","3","Adam","Prospect","active","HPO prospect import",,,,,"{""priority"":""B - Strong Target"",""provider"":null,""vein_fit"":""High"",""next_step"":""Add to route; call first and schedule quick drop-in"",""source_row"":375,""source_sheet"":""All PCP-Vein Targets"",""visit_status"":""Need to Visit"",""route_cluster"":""Newark / Essex"",""priority_score"":8,""source_workbook"":""NJ_PCP_Vein_Target_List_by_HPO.xlsx"",""geocode_provider"":""census"",""closest_hpo_office"":""Newark"",""source_prospect_id"":""cf754c05-e7d3-4924-9376-94ece870c1a6"",""original_fit_status"":""qualified"",""verification_status"":""partial"",""geocode_last_attempt"":""2026-09-28T16:32:32.329Z"",""imported_for_hpo_crm"":""2026-09-28""}","2026-09-28 17:05:37.624431+00","2026-09-28 17:05:37.624431+00",,,,"[""prospect"",""pcp""]","NJ_PCP_Vein_Target_List_by_HPO.xlsx#All PCP-Vein Targets","prospect:d56ad4b9aefe2f71eadbf298c364d453",,"40.805661795008","-74.113739512507","2026-09-28 16:32:32.329+00"
"","7721fc0e-6523-4b83-b05a-f0d28ad31e76","Franklin P. Gerard M.D.","Primary Care","GP","Newark / Essex","Verona","2 Claridge Dr.`","3","Adam","Prospect","active","HPO prospect import",,,,,"{""priority"":""B - Strong Target"",""provider"":null,""vein_fit"":""High"",""next_step"":""Add to route; call first and schedule quick drop-in"",""source_row"":109,""source_sheet"":""All PCP-Vein Targets"",""visit_status"":""Need to Visit"",""route_cluster"":""Newark / Essex"",""priority_score"":8,""source_workbook"":""NJ_PCP_Vein_Target_List_by_HPO.xlsx"",""geocode_provider"":""census"",""closest_hpo_office"":""Newark"",""source_prospect_id"":""00bd8888-074c-4e27-9734-b05142ea43b0"",""original_fit_status"":""qualified"",""verification_status"":""partial"",""geocode_last_attempt"":""2026-09-28T16:33:40.039Z"",""imported_for_hpo_crm"":""2026-09-28""}","2026-09-28 17:05:37.624431+00","2026-09-28 17:05:37.624431+00",,,,"[""prospect"",""pcp""]","NJ_PCP_Vein_Target_List_by_HPO.xlsx#All PCP-Vein Targets","prospect:68c6e26eb6ee4fb8b49f894ab8347896",,"40.83329946654","-74.222888358163","2026-09-28 16:33:40.039+00"
"","fdadd0bd-16f4-4f61-9a4f-405f75550040","Fredson Statmore Bitterman, LLC","Attorney","PI-only: motor vehicle, PIP, premises, construction, catastrophic injury and workers’ compensation","Ridgewood Territory","Paramus","61 S Paramus Rd, Suite 285, Paramus, NJ 07652","5","Adam","Prospect","active","HPO prospect import","Paramus is listed without an appointment-only restriction, unlike several of the firm’s other branches; high PI relevance and meaningful scale. Firm size: Midsize PI firm with more than 10 attorneys listed firm-wide. Office hours: Office hours not published; call ahead.",,,,"{""rank"":17,""non_phi"":true,""prospect_score"":9.1,""source_file_id"":""file_000000005f4c81f5b7d67b245ceeba41"",""visit_priority"":""A — visit first"",""internal_priority"":5,""primary_attorneys"":""Andrew L. Statmore; Lance J. Bitterman; PI team"",""source_prospect_id"":""69e6d0a3-6e86-4b9b-9b80-5a2c045330ef"",""original_fit_status"":""qualified"",""verification_status"":""verified"",""approx_distance_from_hpo"":""Approx. 5–7 driving mi""}","2026-09-28 17:05:37.624431+00","2026-09-28 17:05:37.624431+00",,,,"[""prospect"",""attorney""]","Hudson_Pro_North_Jersey_PI_Prospects.xlsx#Master75-rank-17","prospect:a49be84b972576b27812c98466d01364",,"40.9555011","-74.0954368","2026-09-28 03:58:55.884+00"
"","feef5ca8-0e0f-43ac-912c-ecec192a0dee","Garces, Grabler & LeBrocq","Attorney",,,"Newark","20 Green St, Newark, NJ 07102","5","Adam","Prospect","active","HPO prospect import","Warm/current HPO attorney relationship location from referral drop-off route plan.",,,,"{""source_workbook"":""HPO_Referral_Dropoff_Route_Plan.xlsx"",""internal_priority"":5,""warm_relationship"":true,""source_prospect_id"":""2d0a929d-5fe9-496f-9de3-6293e1c6ee70"",""original_fit_status"":""qualified"",""verification_status"":""partial""}","2026-09-28 17:05:37.624431+00","2026-09-28 17:05:37.624431+00",,,,"[""prospect"",""attorney""]","HPO_Referral_Dropoff_Route_Plan.xlsx#Attorneys-Drop-Off","prospect:e74e4caef985b3882ec60ca1988bbeb8",,"40.73210112019","-74.172878723452","2026-09-28 16:57:24.023+00"
"","3d5dbd60-7a25-493b-a87d-7581a0b879ee","Garces, Grabler & LeBrocq, P.C.","Attorney","PI-heavy: auto, truck, pedestrian, premises, catastrophic injury and workers’ compensation","Newark Territory","Newark","20 Green St, 2nd Floor, Newark, NJ 07102","5","Adam","Prospect","active","HPO prospect import","Large New Jersey injury platform with a real downtown Newark office and enough case volume to justify institutional outreach. Firm size: Large NJ firm; 30+ attorneys firm-wide. Office hours: Office hours not published; 24/7 intake—call ahead.",,,,"{""rank"":10,""non_phi"":true,""prospect_score"":9.5,""source_file_id"":""file_000000005f4c81f5b7d67b245ceeba41"",""visit_priority"":""A — visit first"",""internal_priority"":5,""primary_attorneys"":""Gary G. Grabler; Adam B. LeBrocq; Newark PI team"",""source_prospect_id"":""38fcc116-d44c-4d2c-bdb2-5c4bf658d52d"",""original_fit_status"":""qualified"",""verification_status"":""verified"",""approx_distance_from_hpo"":""Approx. 1–2 driving mi""}","2026-09-28 17:05:37.624431+00","2026-09-28 17:05:37.624431+00",,,,"[""prospect"",""attorney""]","Hudson_Pro_North_Jersey_PI_Prospects.xlsx#Master75-rank-10","prospect:a87583d4b0f235173a47f8ec7f965ead",,"40.7405626","-74.1714184","2026-09-28 03:58:55.992+00"
"","d65760a3-20aa-47a6-8fee-4f5153491eee","Garden State Medical Group — North Bergen","Primary Care","Internal Medicine / Primary Care","Hoboken / Hudson Waterfront","North Bergen","9225 Kennedy Boulevard, Suite B, North Bergen, NJ 07047","3","Adam","Prospect","active","HPO prospect import","Established independent PCP with reachable owner and broad adult panel; attractive despite some in-house diagnostics.",,,,"{""rank"":16,""ownership"":""Independent physician-led practice"",""physicians"":""Kamalesh Shah, MD"",""source_sheet"":""Master Prospects"",""last_verified"":""2026-09-10"",""prospect_score"":8,""visit_priority"":""A"",""source_workbook"":""Hudson_Pro_Hoboken_Primary_Care_Prospects.xlsx"",""geocode_provider"":""photon"",""suggested_contact"":""Dr. Shah or office manager"",""prior_visit_status"":""Net-new / no prior visit documented"",""source_prospect_id"":""211a68e5-06e0-4230-82fe-2336a35c1673"",""original_fit_status"":""qualified"",""verification_status"":""verified"",""geocode_last_attempt"":""2026-09-28T16:31:00.681Z"",""imported_for_hpo_crm"":""2026-09-28""}","2026-09-28 17:05:37.624431+00","2026-09-28 17:05:37.624431+00",,,,"[""prospect"",""pcp""]","Hudson_Pro_Hoboken_Primary_Care_Prospects.xlsx#Master Prospects","prospect:f2c597fcb1d2905bf92f36f11fff3d84",,"40.8097096","-74.001636","2026-09-28 16:31:00.681+00"
"","0cb73245-3058-41c7-8fb0-ce13ff9eb1ff","Garruto Law Group","Attorney","PI-heavy: auto, truck, motorcycle, premises and workers’ compensation","Newark Territory","Nutley","609 Franklin Ave, Nutley, NJ 07110","4","Adam","Prospect","active","HPO prospect import","Established Nutley injury office with normal business hours and direct access to a small attorney team. Firm size: Small firm; about 2 attorneys plus staff. Office hours: Mon–Fri 8:30 AM–5:00 PM.",,,,"{""rank"":54,""non_phi"":true,""prospect_score"":8.1,""source_file_id"":""file_000000005f4c81f5b7d67b245ceeba41"",""visit_priority"":""B — worthwhile prospect"",""internal_priority"":4,""primary_attorneys"":""Anthony Garruto; firm attorney team"",""source_prospect_id"":""9f0d538b-b73a-4a16-8fa2-460bdac6a78e"",""original_fit_status"":""qualified"",""verification_status"":""verified"",""approx_distance_from_hpo"":""Approx. 7–9 driving mi""}","2026-09-28 17:05:37.624431+00","2026-09-28 17:05:37.624431+00",,,,"[""prospect"",""attorney""]","Hudson_Pro_North_Jersey_PI_Prospects.xlsx#Master75-rank-54","prospect:a05e60c3f36acc84f7fb4b8e11c8fac4",,"40.8174061","-74.1603537","2026-09-27 01:46:04.765+00"
"","285e76c6-6667-4bf6-b50a-b4cc4c69fa23","Gary D. Schwartz, MD","Primary Care","Internal Medicine / Concierge Medicine","Ridgewood / Bergen-Passaic","Hackensack","20 Prospect Avenue, Suite 516, Hackensack, NJ 07601","3","Adam","Prospect","active","HPO prospect import","Relationship-driven concierge internist with an established adult panel and high potential value per referral.",,,,"{""source_prospect_id"":""7f939e11-9ff2-4034-9fbb-79885067c8b9"",""original_fit_status"":""qualified"",""verification_status"":""verified""}","2026-09-28 17:05:37.624431+00","2026-09-28 17:05:37.624431+00",,,,"[""prospect"",""pcp""]","Hudson_Pro_Ridgewood_Primary_Care_Prospects.xlsx#S029","prospect:b2ed2e557f8beffd4cac1f7dd367fd91",,"40.883313","-74.0570705","2026-09-28 16:47:25.415+00"
"","37518d72-35c0-4027-8d3c-82a41d6d6f0f","Geetha Hrishikesan, MD","Primary Care","PCP","Newark / Essex","Montclair","149 N Mountain Ave, Montclair, NJ 07042","3","Adam","Prospect","active","HPO prospect import",,,,,"{""priority"":""B - Strong Target"",""provider"":null,""vein_fit"":""High"",""next_step"":""Add to route; call first and schedule quick drop-in"",""source_row"":79,""source_sheet"":""All PCP-Vein Targets"",""visit_status"":""Need to Visit"",""route_cluster"":""Newark / Essex"",""priority_score"":8,""source_workbook"":""NJ_PCP_Vein_Target_List_by_HPO.xlsx"",""geocode_provider"":""census"",""closest_hpo_office"":""Newark"",""source_prospect_id"":""40120c6e-f932-4cca-a6d4-a9bcfe2da135"",""original_fit_status"":""qualified"",""verification_status"":""partial"",""geocode_last_attempt"":""2026-09-28T16:33:30.899Z"",""imported_for_hpo_crm"":""2026-09-28""}","2026-09-28 17:05:37.624431+00","2026-09-28 17:05:37.624431+00",,,,"[""prospect"",""pcp""]","NJ_PCP_Vein_Target_List_by_HPO.xlsx#All PCP-Vein Targets","prospect:36c2246883ab78586e637ecac03c403c",,"40.828520624168","-74.217110653616","2026-09-28 16:33:30.9+00"
"","4a671b41-d561-4ee3-b5c4-685d2421b25a","Gill & Chamas","Attorney",,,"Woodbridge","655 Florida Grove Rd, Woodbridge, NJ 07095","5","Adam","Prospect","active","HPO prospect import","Warm/current HPO attorney relationship location from referral drop-off route plan.",,,,"{""source_workbook"":""HPO_Referral_Dropoff_Route_Plan.xlsx"",""internal_priority"":5,""warm_relationship"":true,""source_prospect_id"":""82942bee-ad29-47b2-b107-5d1adaa056ae"",""original_fit_status"":""qualified"",""verification_status"":""verified""}","2026-09-28 17:05:37.624431+00","2026-09-28 17:05:37.624431+00",,,,"[""prospect"",""attorney""]","HPO_Referral_Dropoff_Route_Plan.xlsx#Attorneys-Drop-Off","prospect:581e1fcde422cffe5720cad62c0ca3eb",,"40.536871129221","-74.289266513727","2026-09-28 17:01:50.431316+00"
"","83c9d774-08d3-486e-aa00-4f06fd17d6a9","Ginarte Gonzalez & Winograd","Attorney",,,"Elizabeth","948 Elizabeth Ave, Elizabeth, NJ 07201","5","Adam","Prospect","archived","HPO prospect import","Warm/current HPO attorney relationship location from referral drop-off route plan.",,,,"{""merged_at"":""2026-09-28T17:14:15.316208+00:00"",""source_workbook"":""HPO_Referral_Dropoff_Route_Plan.xlsx"",""internal_priority"":5,""warm_relationship"":true,""source_prospect_id"":""198e04a4-9059-4070-b187-26b16769141f"",""original_fit_status"":""qualified"",""verification_status"":""partial"",""merged_into_account_id"":""8cd15420-133a-40ea-af63-50bf1b9b098d""}","2026-09-28 17:05:37.624431+00","2026-09-28 17:14:15.316208+00",,,,"[""prospect"",""attorney""]","HPO_Referral_Dropoff_Route_Plan.xlsx#Attorneys-Drop-Off","prospect:44369019b141252ad1b7dd6083be1cb1",,"40.660083152045","-74.206667240615","2026-09-28 16:57:24.315+00"
"","a2d68b99-0c89-47bc-b069-861cd11106b8","Ginarte Gonzalez & Winograd","Attorney",,,"Union City","4428-30 Bergenline Ave, Union City, NJ 07087","5","Adam","Prospect","archived","HPO prospect import","Warm/current HPO attorney relationship location from referral drop-off route plan.",,,,"{""merged_at"":""2026-09-28T17:14:15.316208+00:00"",""source_workbook"":""HPO_Referral_Dropoff_Route_Plan.xlsx"",""internal_priority"":5,""warm_relationship"":true,""source_prospect_id"":""e9222102-74e5-487d-911c-de01d9e84578"",""original_fit_status"":""qualified"",""verification_status"":""partial"",""merged_into_account_id"":""8cd15420-133a-40ea-af63-50bf1b9b098d""}","2026-09-28 17:05:37.624431+00","2026-09-28 17:14:15.316208+00",,,,"[""prospect"",""attorney""]","HPO_Referral_Dropoff_Route_Plan.xlsx#Attorneys-Drop-Off","prospect:603fedcdeb39dec683b49ad717e16a0b",,"40.778998321027","-74.023788353701","2026-09-28 16:57:24.879+00"
"","94ac5470-18b3-4d61-9526-e5046a7d9e19","Ginarte Gonzalez & Winograd LLP","Attorney","PI-heavy: auto, truck, construction, premises, workers’ compensation and serious injury","Newark Territory","Newark","400 Market St, Newark, NJ 07105","5","Adam","Prospect","archived","HPO prospect import","High case volume, major Newark presence and extensive support staffing create meaningful institutional upside. Firm size: About 30 attorneys firm-wide with substantial support staff. Office hours: Office hours not published; 24/7 intake—call ahead.",,,,"{""rank"":9,""non_phi"":true,""merged_at"":""2026-09-28T17:14:15.316208+00:00"",""prospect_score"":9.5,""source_file_id"":""file_000000005f4c81f5b7d67b245ceeba41"",""visit_priority"":""A — visit first"",""internal_priority"":5,""primary_attorneys"":""Joseph A. Ginarte; firm NJ PI team"",""source_prospect_id"":""026b01d6-14c6-4db3-b734-18ce87065c00"",""original_fit_status"":""qualified"",""verification_status"":""verified"",""merged_into_account_id"":""8cd15420-133a-40ea-af63-50bf1b9b098d"",""approx_distance_from_hpo"":""Approx. 1–2 driving mi""}","2026-09-28 17:05:37.624431+00","2026-09-28 17:14:15.316208+00",,,,"[""prospect"",""attorney""]","Hudson_Pro_North_Jersey_PI_Prospects.xlsx#Master75-rank-9","prospect:ddadf7ffb98d64a710954362a2e67f8b",,"40.7313733","-74.1543746","2026-09-27 01:45:56.855+00"
"","8cd15420-133a-40ea-af63-50bf1b9b098d","Ginarte O’Dwyer","Attorney",,,,,"5","Adam","active","active","historical_referral_aggregate","Major historical attorney referral source. Current firm naming/location should be reconciled with current Ginarte records before route use.",,,,"{""non_phi"":true,""count_scope"":""historical aggregate; period not supplied"",""historical_referral_count"":150}","2026-09-26 22:49:05.692295+00","2026-09-28 17:18:46.615544+00",,,,"[""major_sender"",""historical_name_needs_reconciliation""]",,"attorney:ginarte-odwyer",,,,
"","d5ae22cf-9021-4f2b-ade7-7d46ea80a4cd","Glen W. Berger, MD","Primary Care","Internal Medicine","Ridgewood / Bergen-Passaic","Ho-Ho-Kus","110 Warren Avenue, Suite 5, Ho-Ho-Kus, NJ 07423","3","Adam","Prospect","active","HPO prospect import","Very close independent adult internist with no visible in-house specialist overlap.",,,,"{""source_prospect_id"":""b807a56a-27e7-469f-9174-a0bdea239561"",""original_fit_status"":""qualified"",""verification_status"":""partial""}","2026-09-28 17:05:37.624431+00","2026-09-28 17:05:37.624431+00",,,,"[""prospect"",""pcp""]","Hudson_Pro_Ridgewood_Primary_Care_Prospects.xlsx#S045","prospect:6619348aa1c4ec434af7e2c811b6aa7b",,"40.9981121","-74.1127542","2026-09-28 16:47:57.483+00"
"","48afd8f2-e7e1-41af-9896-e913e74155ab","Glugeth & Pierguidi, P.C.","Attorney","PI-only: auto, truck, pedestrian, premises, construction and catastrophic injury","Hoboken Territory","Hoboken","5 River St, Suite 303, Hoboken, NJ 07030","5","Adam","Prospect","active","HPO prospect import","One of the few high-quality PI offices in Hoboken itself; close to Hudson Pro and clearly client-facing. Firm size: Boutique/midsize PI firm; about 5 named attorneys. Office hours: Office hours not published; 24/7 intake—call ahead.",,,,"{""rank"":23,""non_phi"":true,""prospect_score"":8.8,""source_file_id"":""file_000000005f4c81f5b7d67b245ceeba41"",""visit_priority"":""A — visit first"",""internal_priority"":5,""primary_attorneys"":""Jonathan Glugeth; Joseph Pierguidi; firm attorneys"",""source_prospect_id"":""2fbbee43-586d-4597-a2d7-f8684ead120a"",""original_fit_status"":""qualified"",""verification_status"":""verified"",""approx_distance_from_hpo"":""Approx. 1–2 driving mi""}","2026-09-28 17:05:37.624431+00","2026-09-28 17:05:37.624431+00",,,,"[""prospect"",""attorney""]","Hudson_Pro_North_Jersey_PI_Prospects.xlsx#Master75-rank-23","prospect:373357dbf4e2c12e7b985c663643e3fc",,"40.7371686","-74.0273151","2026-09-27 01:45:59.574+00"
"","8f5ba35f-b481-41bb-a1ce-bbd10f804e2b","Goldstein & Goldstein, LLP","Attorney","PI-only: auto, truck, motorcycle, pedestrian, premises and serious injury","Newark Territory","East Orange","60 Evergreen Pl, Suite 502, East Orange, NJ 07018","5","Adam","Prospect","active","HPO prospect import","Family-run plaintiff firm with direct attorney access, strong review activity and steady Essex County motor-vehicle work. Firm size: Family-owned PI firm; small/midsize attorney and staff team. Office hours: Office hours not published; 24/7 answering—call ahead.",,,,"{""rank"":22,""non_phi"":true,""prospect_score"":8.9,""source_file_id"":""file_000000005f4c81f5b7d67b245ceeba41"",""visit_priority"":""A — visit first"",""internal_priority"":5,""primary_attorneys"":""Richard M. Goldstein; Michael J. Goldstein"",""source_prospect_id"":""85519d2d-27ab-4008-88dc-2aa8914ea84c"",""original_fit_status"":""qualified"",""verification_status"":""verified"",""approx_distance_from_hpo"":""Approx. 4–6 driving mi""}","2026-09-28 17:05:37.624431+00","2026-09-28 17:05:37.624431+00",,,,"[""prospect"",""attorney""]","Hudson_Pro_North_Jersey_PI_Prospects.xlsx#Master75-rank-22","prospect:b995cabba9911bb17d30568da35f3fbf",,"40.7634047","-74.2207133","2026-09-27 01:45:59.072+00"
"","732d3ee7-407b-492f-8094-0e3473de4fbc","Hackensack Medical Group","Primary Care","Internal","Union / Elizabeth","Caldwell","1129 Bloomfield Ave","3","Adam","Prospect","active","HPO prospect import",,,,,"{""priority"":""B - Strong Target"",""provider"":null,""vein_fit"":""High"",""next_step"":""Add to route; call first and schedule quick drop-in"",""source_row"":47,""source_sheet"":""All PCP-Vein Targets"",""visit_status"":""Need to Visit"",""route_cluster"":""Union / Elizabeth"",""priority_score"":8,""source_workbook"":""NJ_PCP_Vein_Target_List_by_HPO.xlsx"",""geocode_provider"":""census"",""closest_hpo_office"":""Union"",""source_prospect_id"":""6affa629-0bcd-4fd9-ab04-a1df386b4eb4"",""original_fit_status"":""qualified"",""verification_status"":""partial"",""geocode_last_attempt"":""2026-09-28T16:33:56.336Z"",""imported_for_hpo_crm"":""2026-09-28""}","2026-09-28 17:05:37.624431+00","2026-09-28 17:05:37.624431+00",,,,"[""prospect"",""pcp""]","NJ_PCP_Vein_Target_List_by_HPO.xlsx#All PCP-Vein Targets","prospect:cd747e70b2d0f59ac2e982e191828a90",,"40.855173070003","-74.309626763191","2026-09-28 16:33:56.336+00"
"","25ef1fe6-fa91-4bbd-a3aa-b6a2d3043fe8","Hackensack Primary Care DeMarco-Ballaco)","Primary Care","PCP","Hudson Waterfront","Hoboken","108 Washington St, Hoboken, NJ 07030","3","Adam","Prospect","active","HPO prospect import",,,,,"{""priority"":""A - Visit First"",""provider"":null,""vein_fit"":""High"",""next_step"":""Visit/call this week; confirm referral contact and drop approved material"",""source_row"":35,""source_sheet"":""All PCP-Vein Targets"",""visit_status"":""Need to Visit"",""route_cluster"":""Hudson Waterfront"",""priority_score"":10,""source_workbook"":""NJ_PCP_Vein_Target_List_by_HPO.xlsx"",""geocode_provider"":""census"",""closest_hpo_office"":""Hoboken"",""source_prospect_id"":""94658dde-68c1-4f69-bd81-0ea5a31b08d4"",""original_fit_status"":""qualified"",""verification_status"":""partial"",""geocode_last_attempt"":""2026-09-28T16:31:31.392Z"",""imported_for_hpo_crm"":""2026-09-28""}","2026-09-28 17:05:37.624431+00","2026-09-28 17:05:37.624431+00",,,,"[""prospect"",""pcp""]","NJ_PCP_Vein_Target_List_by_HPO.xlsx#All PCP-Vein Targets","prospect:7e68c6e7cfc59a0ba108c9a4d68bb1cb",,"40.738441390235","-74.030673007019","2026-09-28 16:31:31.392+00"
"","8df4a0b7-285a-4e8d-96ec-a7b897e2aebb","Hanna | Perez, P.C.","Attorney","PI-only: auto/PIP, truck, motorcycle, premises, construction and workers’ compensation","Ridgewood Territory","Paramus","185 Route 17 S, Suite 103, Paramus, NJ 07652","4","Adam","Prospect","active","HPO prospect import","Multiple PI attorneys, explicit PIP expertise and reviews praising staff make this a high-quality Paramus target. Firm size: 5 current attorneys listed plus legal staff. Office hours: Office hours not published; call ahead.",,,,"{""rank"":44,""non_phi"":true,""prospect_score"":8.3,""source_file_id"":""file_000000005f4c81f5b7d67b245ceeba41"",""visit_priority"":""B — worthwhile prospect"",""internal_priority"":4,""primary_attorneys"":""Robert A. Hanna; Christopher Perez; Joseph J. Gianetti; Jennifer F. Wynn; Francheska Martinez"",""source_prospect_id"":""3ba5fdab-1d5f-48e5-bbeb-387509b3188e"",""original_fit_status"":""qualified"",""verification_status"":""verified"",""approx_distance_from_hpo"":""Approx. 5–7 driving mi""}","2026-09-28 17:05:37.624431+00","2026-09-28 17:05:37.624431+00",,,,"[""prospect"",""attorney""]","Hudson_Pro_North_Jersey_PI_Prospects.xlsx#Master75-rank-44","prospect:70020e0726bbaddc57c5b69acef11da6",,"40.9355351","-74.0718098","2026-09-27 01:46:02.127+00"
"","44790eab-7e87-4a52-82c2-f15c0b2af851","Harrell Injury Law","Attorney","PI-only: auto, pedestrian, premises and serious injury","Edgewater Territory","North Bergen","8323 John F. Kennedy Blvd, North Bergen, NJ 07047","4","Adam","Prospect","active","HPO prospect import","Small PI-only North Bergen team with a strong review footprint and practical access to attorneys or paralegals. Firm size: 2 attorneys plus paralegal/support team. Office hours: Office hours not published; call ahead.",,,,"{""rank"":59,""non_phi"":true,""prospect_score"":7.9,""source_file_id"":""file_000000005f4c81f5b7d67b245ceeba41"",""visit_priority"":""B — worthwhile prospect"",""internal_priority"":4,""primary_attorneys"":""Kenneth Harrell; Leigh Raffauf"",""source_prospect_id"":""60ad48ca-a9c8-4f5a-bed3-ff5bb3ee4b4e"",""original_fit_status"":""qualified"",""verification_status"":""verified"",""approx_distance_from_hpo"":""Approx. 7–9 driving mi""}","2026-09-28 17:05:37.624431+00","2026-09-28 17:05:37.624431+00",,,,"[""prospect"",""attorney""]","Hudson_Pro_North_Jersey_PI_Prospects.xlsx#Master75-rank-59","prospect:cae21e15ffd68335320694904462c919",,"40.8014453","-74.0140339","2026-09-27 01:46:04.79+00"
"","a7fe4aa5-68d2-448f-9dff-c6786d5a7c22","Heifler Greg MD","Primary Care","PCP","Newark / Essex","Montclair","103 Park St, Montclair, NJ 07042","3","Adam","Prospect","active","HPO prospect import",,,,,"{""priority"":""B - Strong Target"",""provider"":null,""vein_fit"":""High"",""next_step"":""Add to route; call first and schedule quick drop-in"",""source_row"":33,""source_sheet"":""All PCP-Vein Targets"",""visit_status"":""Need to Visit"",""route_cluster"":""Newark / Essex"",""priority_score"":8,""source_workbook"":""NJ_PCP_Vein_Target_List_by_HPO.xlsx"",""geocode_provider"":""census"",""closest_hpo_office"":""Newark"",""source_prospect_id"":""1ab4444f-434f-41f8-97ee-f60dc11aa68d"",""original_fit_status"":""qualified"",""verification_status"":""partial"",""geocode_last_attempt"":""2026-09-28T16:33:30.901Z"",""imported_for_hpo_crm"":""2026-09-28""}","2026-09-28 17:05:37.624431+00","2026-09-28 17:05:37.624431+00",,,,"[""prospect"",""pcp""]","NJ_PCP_Vein_Target_List_by_HPO.xlsx#All PCP-Vein Targets","prospect:dc25baf8238b5d79336a0df0aa7eb2b3",,"40.820891521938","-74.213655166102","2026-09-28 16:33:30.901+00"
"","bf6b9ecd-954b-4e3e-bb73-bc35d1b89cae","Hibari Family Medical","Primary Care","Family Medicine",,"Edgewater","725 River Rd, Suite 214, Edgewater, NJ","3","Adam","Prospect","active","HPO prospect import","Area: Edgewater | Priority: Medium-High | Strong HPO Edgewater target. | Address Review: address present in uploaded list; verify official physical office before driving.",,,,"{""source_prospect_id"":""e1211386-bc00-44af-9cf7-b2bd53110785"",""original_fit_status"":""qualified"",""verification_status"":""partial""}","2026-09-28 17:05:37.624431+00","2026-09-28 17:05:37.624431+00",,,,"[""prospect"",""pcp""]","RepMove_Import_Accounts_Address_Checked.xlsx#HPO-RM-003","prospect:397930096ad4f39e8dfbda5f62f9a097",,"40.8182622","-73.9771107","2026-09-28 16:48:41.638+00"
"","2d971bbe-eafc-4d4b-8d5e-bae37b82b4f7","Hibari Family Medical / Edgewater Family Medicine","Primary Care","Family Medicine / Primary Care","Hoboken / Hudson Waterfront","Edgewater","725 River Road, Suite 214, Edgewater, NJ 07020","3","Adam","Prospect","active","HPO prospect import","Two physicians, bilingual/international community reach, Saturday access and a local group structure support steady outside specialty referrals.",,,,"{""rank"":12,""ownership"":""Physician-led local group (Medical Group of New Jersey)"",""physicians"":""Chika Kuwama, MD; Jessica Chow, MD"",""source_sheet"":""Master Prospects"",""last_verified"":""2026-09-10"",""prospect_score"":9,""visit_priority"":""A"",""source_workbook"":""Hudson_Pro_Hoboken_Primary_Care_Prospects.xlsx"",""geocode_provider"":""census"",""suggested_contact"":""Practice manager or Dr. Kuwama/Dr. Chow"",""prior_visit_status"":""Net-new / no prior visit documented"",""source_prospect_id"":""77c80ed0-34d8-431c-97f4-60b94bdaab88"",""original_fit_status"":""qualified"",""verification_status"":""verified"",""geocode_last_attempt"":""2026-09-28T16:30:54.256Z"",""imported_for_hpo_crm"":""2026-09-28""}","2026-09-28 17:05:37.624431+00","2026-09-28 17:05:37.624431+00",,,,"[""prospect"",""pcp""]","Hudson_Pro_Hoboken_Primary_Care_Prospects.xlsx#Master Prospects","prospect:ba08f294fe7354720242993835dd7c67",,"40.820238772651","-73.97753863745","2026-09-28 16:30:54.256+00"
"","2e0a8205-b257-4d65-9b7d-7209c65a99be","HLR","Attorney",,,"New York","3 Park Ave #2300, New York, NY 10016","4","Adam","active","active","historical_referral_aggregate","Historical attorney referral-source label preserved exactly; full firm identity should be reconciled before route use.",,,,"{""non_phi"":true,""count_scope"":""historical aggregate; period not supplied"",""official_location_source"":""https://www.hlrlawyers.com/contact/"",""historical_referral_count"":48,""office_location_prospect_id"":""930b4f06-327e-4957-9145-c02f826feb27""}","2026-09-26 22:49:05.692295+00","2026-09-28 17:18:46.615544+00",,,,"[""historical_identity_needs_reconciliation""]",,"attorney:hlr",,"40.74648","-73.9810005","2026-09-28 17:14:57.058+00"
"","bf5ccaf3-27e6-4e2c-a7ba-60765d508b9b","HMH Hoboken Primary Care & Multispecialty","Primary Care","Primary Care within Multispecialty Center","Hoboken / Hudson Waterfront","Hoboken","5 Marine View Plaza, Hoboken, NJ 07030","3","Adam","Prospect","active","HPO prospect import","Excellent physical access but direct in-house orthopedics/imaging make it a low-conversion competitor-adjacent account.",,,,"{""rank"":54,""ownership"":""Hackensack Meridian Medical Group"",""physicians"":""Current HMH primary-care team (dynamic roster; confirm on official page)"",""source_sheet"":""Master Prospects"",""last_verified"":""2026-09-10"",""prospect_score"":5,""visit_priority"":""C"",""source_workbook"":""Hudson_Pro_Hoboken_Primary_Care_Prospects.xlsx"",""geocode_provider"":""photon"",""suggested_contact"":""Practice administrator only"",""prior_visit_status"":""Net-new / no prior visit documented"",""source_prospect_id"":""eeeb304a-7e9f-4b39-9aaa-c5236cd7422a"",""original_fit_status"":""qualified"",""verification_status"":""verified"",""geocode_last_attempt"":""2026-09-28T16:31:28.938Z"",""imported_for_hpo_crm"":""2026-09-28""}","2026-09-28 17:05:37.624431+00","2026-09-28 17:05:37.624431+00",,,,"[""prospect"",""pcp""]","Hudson_Pro_Hoboken_Primary_Care_Prospects.xlsx#Master Prospects","prospect:09f74e9cd3a608b1fc2364c9d11e4483",,"40.7374627","-74.0292284","2026-09-28 16:31:28.938+00"
"","30f43c89-9b99-4084-80a7-2248f5f8b588","HMH Internal Medicine — Union City","Primary Care","Internal Medicine","Hoboken / Hudson Waterfront","Union City","525 42nd Street, Suite 201, Union City, NJ 07087","3","Adam","Prospect","active","HPO prospect import","Close solo internist with evening access; external referral potential exists for access/insurance exceptions, though HMH routing is a barrier.",,,,"{""rank"":36,""ownership"":""Hackensack Meridian Medical Group"",""physicians"":""Ruben Perez, MD"",""source_sheet"":""Master Prospects"",""last_verified"":""2026-09-10"",""prospect_score"":7,""visit_priority"":""B"",""source_workbook"":""Hudson_Pro_Hoboken_Primary_Care_Prospects.xlsx"",""geocode_provider"":""census"",""suggested_contact"":""Dr. Perez or practice manager"",""prior_visit_status"":""Net-new / no prior visit documented"",""source_prospect_id"":""8350106b-21cc-4bba-abae-c3d103686ab4"",""original_fit_status"":""qualified"",""verification_status"":""verified"",""geocode_last_attempt"":""2026-09-28T16:30:42.693Z"",""imported_for_hpo_crm"":""2026-09-28""}","2026-09-28 17:05:37.624431+00","2026-09-28 17:05:37.624431+00",,,,"[""prospect"",""pcp""]","Hudson_Pro_Hoboken_Primary_Care_Prospects.xlsx#Master Prospects","prospect:0c2fe88210cc6addcb348afcd3291b6b",,"40.777734181877","-74.025676918516","2026-09-28 16:30:42.694+00"
"","fa59b496-e1ef-4537-99e7-87cf5401073c","HMH Primary Care — From Road","Primary Care","Internal Medicine / Primary Care","Ridgewood / Bergen-Passaic","Paramus","650 From Road, Suite 501, Paramus, NJ 07652","3","Adam","Prospect","active","HPO prospect import","Multi-physician adult office with high access and likely substantial patient volume.",,,,"{""source_prospect_id"":""0666df0f-bd5a-4598-a901-24236398b680"",""original_fit_status"":""qualified"",""verification_status"":""verified""}","2026-09-28 17:05:37.624431+00","2026-09-28 17:05:37.624431+00",,,,"[""prospect"",""pcp""]","Hudson_Pro_Ridgewood_Primary_Care_Prospects.xlsx#S053","prospect:ba979d66b8be507cd66a3f702903e88c",,"40.9625384","-74.0685524","2026-09-28 16:48:03.096+00"
"","8042d85e-e0cc-444e-9cd7-3ef8f2c7a67d","HMH Primary Care — Hoboken (Washington Street)","Primary Care","Family Medicine / Internal Medicine","Hoboken / Hudson Waterfront","Hoboken","108 Washington Street, Hoboken, NJ 07030","3","Adam","Prospect","active","HPO prospect import","Extremely close, multi-physician PCP office with meaningful volume; system alignment makes external referrals harder but not impossible for access/insurance fit.",,,,"{""rank"":32,""ownership"":""Hackensack Meridian Medical Group"",""physicians"":""Juan Paolo Prudente, MD; Zain Nagaria, MD; Karnik Patel, DO"",""source_sheet"":""Master Prospects"",""last_verified"":""2026-09-10"",""prospect_score"":7,""visit_priority"":""B"",""source_workbook"":""Hudson_Pro_Hoboken_Primary_Care_Prospects.xlsx"",""geocode_provider"":""census"",""suggested_contact"":""Practice manager or referral coordinator"",""prior_visit_status"":""Net-new / no prior visit documented"",""source_prospect_id"":""c359ea0e-5d57-422a-a5e5-2529d1910bbc"",""original_fit_status"":""qualified"",""verification_status"":""verified"",""geocode_last_attempt"":""2026-09-28T16:31:06.863Z"",""imported_for_hpo_crm"":""2026-09-28""}","2026-09-28 17:05:37.624431+00","2026-09-28 17:05:37.624431+00",,,,"[""prospect"",""pcp""]","Hudson_Pro_Hoboken_Primary_Care_Prospects.xlsx#Master Prospects","prospect:ee0f900dce15423ae6a00fe7b95d8c1b",,"40.738441390235","-74.030673007019","2026-09-28 16:31:06.863+00"
"","45f016b3-aa30-48cc-a1ca-ebf3ba4f7499","HMH Primary Care — North Bergen Kennedy Boulevard","Primary Care","Family Medicine / Primary Care","Hoboken / Hudson Waterfront","North Bergen","6045 Kennedy Boulevard, North Bergen, NJ 07047","3","Adam","Prospect","active","HPO prospect import","Six-day PCP site with good volume and access; HMH network routing materially lowers external referral potential.",,,,"{""rank"":45,""ownership"":""Hackensack Meridian Medical Group"",""physicians"":""Current PCP team (official roster is dynamic; confirm before visit)"",""source_sheet"":""Master Prospects"",""last_verified"":""2026-09-10"",""prospect_score"":6,""visit_priority"":""B"",""source_workbook"":""Hudson_Pro_Hoboken_Primary_Care_Prospects.xlsx"",""geocode_provider"":""census"",""suggested_contact"":""Practice manager or referral coordinator"",""prior_visit_status"":""Net-new / no prior visit documented"",""source_prospect_id"":""e3a888bf-9a07-47cb-bcdf-8e542ed0a858"",""original_fit_status"":""qualified"",""verification_status"":""verified"",""geocode_last_attempt"":""2026-09-28T16:31:19.297Z"",""imported_for_hpo_crm"":""2026-09-28""}","2026-09-28 17:05:37.624431+00","2026-09-28 17:05:37.624431+00",,,,"[""prospect"",""pcp""]","Hudson_Pro_Hoboken_Primary_Care_Prospects.xlsx#Master Prospects","prospect:720d8388839d5659a3544c9d80df8105",,"40.792210886518","-74.021539891563","2026-09-28 16:31:19.297+00"
"","adf8f368-77f8-4b04-850e-7ac4043fcd02","HMH Primary Care — North Bergen River Road","Primary Care","Internal Medicine / Primary Care","Hoboken / Hudson Waterfront","North Bergen","7650 River Road, Suite 300, North Bergen, NJ 07047","3","Adam","Prospect","active","HPO prospect import","Accessible River Road PCP location with potential for overflow referrals; system ownership lowers priority.",,,,"{""rank"":37,""ownership"":""Hackensack Meridian Medical Group"",""physicians"":""Marcia Gonzalez, MD"",""source_sheet"":""Master Prospects"",""last_verified"":""2026-09-10"",""prospect_score"":7,""visit_priority"":""B"",""source_workbook"":""Hudson_Pro_Hoboken_Primary_Care_Prospects.xlsx"",""geocode_provider"":""census"",""suggested_contact"":""Practice manager or referral coordinator"",""prior_visit_status"":""Net-new / no prior visit documented"",""source_prospect_id"":""1dc7c6c2-c42e-48b8-8ae5-5877911d13b5"",""original_fit_status"":""qualified"",""verification_status"":""verified"",""geocode_last_attempt"":""2026-09-28T16:30:42.700Z"",""imported_for_hpo_crm"":""2026-09-28""}","2026-09-28 17:05:37.624431+00","2026-09-28 17:05:37.624431+00",,,,"[""prospect"",""pcp""]","Hudson_Pro_Hoboken_Primary_Care_Prospects.xlsx#Master Prospects","prospect:a0fd4776072a28932437a5388ddd965b",,"40.79488054538","-73.99700279384","2026-09-28 16:30:42.7+00"
"","cd6648e6-f76b-4b2b-b553-520e75bd445f","HMH Primary Care — Rochelle Park","Primary Care","Internal Medicine / Primary Care","Ridgewood / Bergen-Passaic","Rochelle Park","186 Rochelle Avenue, 2nd Floor, Rochelle Park, NJ 07662","3","Adam","Prospect","active","HPO prospect import","Staffed health-system PCP office with broad adult volume and a practical Maywood/Hackensack route.",,,,"{""source_prospect_id"":""7a230517-a029-4b18-899c-867aad55bab2"",""original_fit_status"":""qualified"",""verification_status"":""verified""}","2026-09-28 17:05:37.624431+00","2026-09-28 17:05:37.624431+00",,,,"[""prospect"",""pcp""]","Hudson_Pro_Ridgewood_Primary_Care_Prospects.xlsx#S056","prospect:a8a1dd1b154cf317184e9b9db0a00bf9",,"40.9013741","-74.0783418","2026-09-28 16:48:20.022+00"
"","85c4b77a-f22a-41a5-8ffe-cb10110caf5f","HMH Primary Care — Weehawken","Primary Care","Family Medicine / Primary Care","Hoboken / Hudson Waterfront","Weehawken","4800 Park Avenue, Weehawken, NJ 07086","3","Adam","Prospect","active","HPO prospect import","Very convenient, two-physician office with steady volume; useful for overflow/insurance introductions despite strong system referral channels.",,,,"{""rank"":34,""ownership"":""Hackensack Meridian Medical Group"",""physicians"":""Jeffrey Fein, DO; Pamela Orellana Chasi, MD"",""source_sheet"":""Master Prospects"",""last_verified"":""2026-09-10"",""prospect_score"":7,""visit_priority"":""B"",""source_workbook"":""Hudson_Pro_Hoboken_Primary_Care_Prospects.xlsx"",""geocode_provider"":""census"",""suggested_contact"":""Practice manager or referral coordinator"",""prior_visit_status"":""Net-new / no prior visit documented"",""source_prospect_id"":""4c6c7111-eeee-4f6c-b63a-228c07a66580"",""original_fit_status"":""qualified"",""verification_status"":""verified"",""geocode_last_attempt"":""2026-09-28T16:30:42.688Z"",""imported_for_hpo_crm"":""2026-09-28""}","2026-09-28 17:05:37.624431+00","2026-09-28 17:05:37.624431+00",,,,"[""prospect"",""pcp""]","Hudson_Pro_Hoboken_Primary_Care_Prospects.xlsx#Master Prospects","prospect:18c4002d0b7b1a1748c9b08ce912ea92",,"40.778985272358","-74.015637499018","2026-09-28 16:30:42.688+00"
"","a34f4d2d-5514-473d-b24a-45db7a263e3e","Howard D. Popper, P.C.","Attorney","PI-heavy: auto, motorcycle, pedestrian, premises and serious injury","Morris Plains Territory","Morristown","1 Western Ave, Morristown, NJ 07960","4","Adam","Prospect","active","HPO prospect import","Seasoned Morristown PI attorney and small-office structure provide a direct relationship path. Firm size: Solo attorney with support staff. Office hours: Office hours not published; call ahead.

Last field visit 9/16/2026: receptionist advised the practice is not PI-focused; office would pass along the information.","2026-09-16 12:00:00+00",,,"{""rank"":64,""non_phi"":true,""visit_note"":""Not PI-focused; office would pass along information."",""prospect_score"":7.7,""source_file_id"":""file_000000005f4c81f5b7d67b245ceeba41"",""visit_priority"":""B — worthwhile prospect"",""last_field_visit"":""2026-09-16"",""internal_priority"":4,""primary_attorneys"":""Howard D. Popper"",""source_prospect_id"":""8bdab9fa-1411-4ff6-8f8c-294dd3e7ffc9"",""original_fit_status"":""qualified"",""verification_status"":""verified"",""approx_distance_from_hpo"":""Approx. 3–4 driving mi""}","2026-09-28 17:05:37.624431+00","2026-09-28 17:12:50.606606+00",,,,"[""prospect"",""attorney""]","Hudson_Pro_North_Jersey_PI_Prospects.xlsx#Master75-rank-64","prospect:e912fb6a6f5103292812d9557647ca48",,"40.796975","-74.4809029","2026-09-27 01:46:07.201+00"
"","69142cc2-7ac1-45f7-addc-60eebae1e290","HRH Medical Group — Bayonne","Primary Care","Family Medicine / Internal Medicine / Primary Care","Hoboken / Hudson Waterfront","Bayonne","29 East 29th Street, Bayonne, NJ 07002","3","Adam","Prospect","active","HPO prospect import","Adds Bayonne coverage but has lower local autonomy and longer drive; best handled on a dedicated Bayonne route.",,,,"{""rank"":48,""ownership"":""Hudson Regional Health Medical Group"",""physicians"":""Reinerio Rodriguez, MD; Luis Correa, MD; Luisa Tinoco Villamarin, FNP-C"",""source_sheet"":""Master Prospects"",""last_verified"":""2026-09-10"",""prospect_score"":5,""visit_priority"":""C"",""source_workbook"":""Hudson_Pro_Hoboken_Primary_Care_Prospects.xlsx"",""geocode_provider"":""census"",""suggested_contact"":""Site manager or referral coordinator"",""prior_visit_status"":""Net-new / no prior visit documented"",""source_prospect_id"":""b4f1638e-d51a-4071-96d5-4ba24c2c69ba"",""original_fit_status"":""qualified"",""verification_status"":""verified"",""geocode_last_attempt"":""2026-09-28T16:31:19.312Z"",""imported_for_hpo_crm"":""2026-09-28""}","2026-09-28 17:05:37.624431+00","2026-09-28 17:05:37.624431+00",,,,"[""prospect"",""pcp""]","Hudson_Pro_Hoboken_Primary_Care_Prospects.xlsx#Master Prospects","prospect:cad63e400ce3c5d3293ff3624feace1a",,"40.668162217436","-74.113473223334","2026-09-28 16:31:19.312+00"
"","7db03171-8466-4942-87dd-046f3929a91b","HRH Medical Group — Secaucus","Primary Care","Family Medicine / Internal Medicine / Primary Care","Hoboken / Hudson Waterfront","Secaucus","55 Meadowlands Parkway, 2nd Floor, Secaucus, NJ 07094","3","Adam","Prospect","active","HPO prospect import","Useful geographic coverage and clearly operational, but centralized referrals and cross-location providers reduce local decision-making.",,,,"{""rank"":47,""ownership"":""Hudson Regional Health Medical Group"",""physicians"":""Reinerio Rodriguez, MD; Luis Correa, MD; Luisa Tinoco Villamarin, FNP-C"",""source_sheet"":""Master Prospects"",""last_verified"":""2026-09-10"",""prospect_score"":5,""visit_priority"":""C"",""source_workbook"":""Hudson_Pro_Hoboken_Primary_Care_Prospects.xlsx"",""geocode_provider"":""census"",""suggested_contact"":""Site manager or referral coordinator"",""prior_visit_status"":""Net-new / no prior visit documented"",""source_prospect_id"":""7e9c00c2-6e78-4bcb-a6e1-7f42f3fed555"",""original_fit_status"":""qualified"",""verification_status"":""verified"",""geocode_last_attempt"":""2026-09-28T16:31:19.323Z"",""imported_for_hpo_crm"":""2026-09-28""}","2026-09-28 17:05:37.624431+00","2026-09-28 17:05:37.624431+00",,,,"[""prospect"",""pcp""]","Hudson_Pro_Hoboken_Primary_Care_Prospects.xlsx#Master Prospects","prospect:4ad6c816730f6933a91c476e4ee6217d",,"40.792802748431","-74.071123149592","2026-09-28 16:31:19.323+00"
"","4f985a30-33be-47ea-9498-cae5d70b64ab","HRH Medical Group — West New York","Primary Care","Family Medicine / Internal Medicine / Primary Care","Hoboken / Hudson Waterfront","West New York","323 62nd Street, West New York, NJ 07093","3","Adam","Prospect","active","HPO prospect import","New staffed site with three clinicians and likely growth; centralized system strategy makes it a secondary relationship target.",,,,"{""rank"":46,""ownership"":""Hudson Regional Health Medical Group"",""physicians"":""Reinerio Rodriguez, MD; Luis Correa, MD; Luisa Tinoco Villamarin, FNP-C"",""source_sheet"":""Master Prospects"",""last_verified"":""2026-09-10"",""prospect_score"":6,""visit_priority"":""C"",""source_workbook"":""Hudson_Pro_Hoboken_Primary_Care_Prospects.xlsx"",""geocode_provider"":""census"",""suggested_contact"":""Site manager or referral coordinator"",""prior_visit_status"":""Net-new / no prior visit documented"",""source_prospect_id"":""18019425-1054-44f9-a44c-42d81d70a3a3"",""original_fit_status"":""qualified"",""verification_status"":""verified"",""geocode_last_attempt"":""2026-09-28T16:31:19.306Z"",""imported_for_hpo_crm"":""2026-09-28""}","2026-09-28 17:05:37.624431+00","2026-09-28 17:05:37.624431+00",,,,"[""prospect"",""pcp""]","Hudson_Pro_Hoboken_Primary_Care_Prospects.xlsx#Master Prospects","prospect:8909b85e84063946d9cb41168d9480d1",,"40.789764409629","-74.01160611346","2026-09-28 16:31:19.306+00"
"","daebf099-1293-4cab-9c69-279f5a8b8c32","Hudson County Primary Care","Primary Care","Internal Medicine / Adult Primary Care","Hoboken / Hudson Waterfront","Jersey City","377 Jersey Avenue, Suite 590, Jersey City, NJ 07302","3","Adam","Prospect","active","HPO prospect import","Founder-led adult medicine office with an explicit referral process and accessible administrative staff—excellent for a direct physician relationship.",,,,"{""rank"":5,""ownership"":""Independent physician-founded practice"",""physicians"":""Jeffrey Pappert, MD"",""source_sheet"":""Master Prospects"",""last_verified"":""2026-09-10"",""prospect_score"":9,""visit_priority"":""A"",""source_workbook"":""Hudson_Pro_Hoboken_Primary_Care_Prospects.xlsx"",""geocode_provider"":""census"",""suggested_contact"":""Dr. Pappert or office/referral manager"",""prior_visit_status"":""Net-new / no prior visit documented"",""source_prospect_id"":""93c78de3-1d46-4425-8178-c81e0a233bf3"",""original_fit_status"":""qualified"",""verification_status"":""verified"",""geocode_last_attempt"":""2026-09-28T16:30:43.001Z"",""imported_for_hpo_crm"":""2026-09-28""}","2026-09-28 17:05:37.624431+00","2026-09-28 17:05:37.624431+00",,,,"[""prospect"",""pcp""]","Hudson_Pro_Hoboken_Primary_Care_Prospects.xlsx#Master Prospects","prospect:8ba01e4b71a31abf7c79f5dcc96da6ce",,"40.7159104342","-74.049373504964","2026-09-28 16:30:43.001+00"
"","a2e9b252-fb1e-47a6-8453-ff2a86500551","Hudson Internal Medicine","Primary Care","Internal Medicine","Hoboken / Hudson Waterfront","Jersey City","550 Newark Avenue, Suite 302, Jersey City, NJ 07306","3","Adam","Prospect","active","HPO prospect import","Solo local internist with evening/Saturday access and no visible in-house specialty services; good direct-referral fit.",,,,"{""rank"":18,""ownership"":""Independent physician practice"",""physicians"":""Jea Keun Choi, MD"",""source_sheet"":""Master Prospects"",""last_verified"":""2026-09-10"",""prospect_score"":8,""visit_priority"":""A"",""source_workbook"":""Hudson_Pro_Hoboken_Primary_Care_Prospects.xlsx"",""geocode_provider"":""census"",""suggested_contact"":""Dr. Choi or office manager"",""prior_visit_status"":""Net-new / no prior visit documented"",""source_prospect_id"":""5d743aab-00d4-4bf2-80db-5cab74fc951c"",""original_fit_status"":""qualified"",""verification_status"":""verified"",""geocode_last_attempt"":""2026-09-28T16:30:54.249Z"",""imported_for_hpo_crm"":""2026-09-28""}","2026-09-28 17:05:37.624431+00","2026-09-28 17:05:37.624431+00",,,,"[""prospect"",""pcp""]","Hudson_Pro_Hoboken_Primary_Care_Prospects.xlsx#Master Prospects","prospect:5722abdd301a400701776541a6af8920",,"40.73118407225","-74.056230907473","2026-09-28 16:30:54.249+00"
"","377d7837-779c-47f4-b3ca-0b3a6388af62","Hudson MD Group — Fair Lawn","Primary Care","Internal Medicine / Primary Care","Ridgewood / Bergen-Passaic","Fair Lawn","19-21 Fair Lawn Avenue, Suite 2I, Fair Lawn, NJ 07410","3","Adam","Prospect","active","HPO prospect import","Small local office within a regional group, with one adult internist and identifiable clinic hours; efficient Fair Lawn stop.",,,,"{""source_prospect_id"":""c12c72c4-ff6f-4f59-9f6a-f41fbb40e79e"",""original_fit_status"":""qualified"",""verification_status"":""verified""}","2026-09-28 17:05:37.624431+00","2026-09-28 17:05:37.624431+00",,,,"[""prospect"",""pcp""]","Hudson_Pro_Ridgewood_Primary_Care_Prospects.xlsx#S027","prospect:4ef711bf6889b975e037e10054f67599",,"40.932319","-74.1248821","2026-09-28 16:47:28.958+00"
"","88b71977-e83d-4374-8775-384c625b150b","Hunt Injury Law","Attorney","PI-only: auto, construction, motorcycle, pedestrian/bicycle and premises injury","Ridgewood Territory","Rochelle Park","365 W Passaic St, Suite 405, Rochelle Park, NJ 07662","4","Adam","Prospect","active","HPO prospect import","Focused injury boutique, strong reviews and a decision-maker likely reachable through a small office. Firm size: Solo-led boutique with support staff. Office hours: Office hours not published; call ahead.",,,,"{""rank"":41,""non_phi"":true,""prospect_score"":8.3,""source_file_id"":""file_000000005f4c81f5b7d67b245ceeba41"",""visit_priority"":""B — worthwhile prospect"",""internal_priority"":4,""primary_attorneys"":""James G. Hunt"",""source_prospect_id"":""5f3a3289-ba00-4492-b982-2842a266edc0"",""original_fit_status"":""qualified"",""verification_status"":""verified"",""approx_distance_from_hpo"":""Approx. 7–9 driving mi""}","2026-09-28 17:05:37.624431+00","2026-09-28 17:05:37.624431+00",,,,"[""prospect"",""attorney""]","Hudson_Pro_North_Jersey_PI_Prospects.xlsx#Master75-rank-41","prospect:8d479d5956d8b7af59d5e94b538e976e",,"40.9131971","-74.0793322","2026-09-28 03:58:53.666+00"
"","69c926d9-9ff2-423f-b835-d8b8b2aeeddb","HVA Medical Group — Ramsey","Primary Care","Internal Medicine / Primary Care","Ridgewood / Bergen-Passaic","Ramsey","70 Hilltop Road, Suite 3001, Ramsey, NJ 07446","3","Adam","Prospect","active","HPO prospect import","Staffed north-Bergen primary-care office with multiple physicians and meaningful volume.",,,,"{""source_prospect_id"":""5e8a96b8-b0d0-44c5-86d1-cba3eff9aab3"",""original_fit_status"":""qualified"",""verification_status"":""verified""}","2026-09-28 17:05:37.624431+00","2026-09-28 17:05:37.624431+00",,,,"[""prospect"",""pcp""]","Hudson_Pro_Ridgewood_Primary_Care_Prospects.xlsx#S064","prospect:e05bc1bac8d7c61d7e33edad93d72f9b",,"41.0753339","-74.1374349","2026-09-28 16:48:41.22+00"
"","ac03b17d-62ec-4c3b-bd83-869905075ed0","HVA Medical Group — Ridgewood East Ridgewood Avenue","Primary Care","Internal Medicine / Family Medicine / Multispecialty","Ridgewood / Bergen-Passaic","Ridgewood","1124 East Ridgewood Avenue, Suites 201–202, Ridgewood, NJ 07450","3","Adam","Prospect","active","HPO prospect import","Large staffed office very near HPO with meaningful primary-care volume.",,,,"{""source_prospect_id"":""adb1b5f3-b39e-4b0c-9226-f420b7216ce5"",""original_fit_status"":""qualified"",""verification_status"":""verified""}","2026-09-28 17:05:37.624431+00","2026-09-28 17:05:37.624431+00",,,,"[""prospect"",""pcp""]","Hudson_Pro_Ridgewood_Primary_Care_Prospects.xlsx#S061","prospect:50bc3a373baf706d35c8db234673dcd1",,"40.9899365","-74.1111831","2026-09-28 16:48:30.403+00"
"","11732b9a-460e-45c6-bed9-c4d49da86606","HVA Medical Group — Waldwick","Primary Care","Family Medicine / Primary Care","Ridgewood / Bergen-Passaic","Waldwick","71 Crescent Avenue, Waldwick, NJ 07463","3","Adam","Prospect","active","HPO prospect import","Nearby staffed primary-care site with accessible weekday hours.",,,,"{""source_prospect_id"":""36aba1a7-ddfb-44fb-9cf6-56b971458b79"",""original_fit_status"":""qualified"",""verification_status"":""verified""}","2026-09-28 17:05:37.624431+00","2026-09-28 17:05:37.624431+00",,,,"[""prospect"",""pcp""]","Hudson_Pro_Ridgewood_Primary_Care_Prospects.xlsx#S062","prospect:f53b844555cfdd133429ca6341fc64bd",,"41.012374","-74.1391776","2026-09-28 16:48:28.924+00"
"","2f12a424-c3c3-45b5-aa45-b19d4023e2c2","HVA Medical Group — Westwood","Primary Care","Internal Medicine / Primary Care","Ridgewood / Bergen-Passaic","Westwood","400 Old Hook Road, Suites 1–2, Westwood, NJ 07675","3","Adam","Prospect","active","HPO prospect import","Staffed two-physician office in the Westwood cluster with likely patient volume.",,,,"{""source_prospect_id"":""71a35c5d-9661-406f-98ce-34bce14ed7a3"",""original_fit_status"":""qualified"",""verification_status"":""verified""}","2026-09-28 17:05:37.624431+00","2026-09-28 17:05:37.624431+00",,,,"[""prospect"",""pcp""]","Hudson_Pro_Ridgewood_Primary_Care_Prospects.xlsx#S063","prospect:78510b42a0554634020282f235a34e44",,"40.982344397186","-74.007923764202","2026-09-28 16:48:49.429+00"
"","99f37e86-6cf3-49ab-903f-d5a27c74ebf4","I-Medical Associates","Primary Care","Internal Medicine / Primary Care","Ridgewood / Bergen-Passaic","Fair Lawn","15-01 Broadway, Suite 32, Fair Lawn, NJ 07410","3","Adam","Prospect","active","HPO prospect import","Independent adult PCP close to HPO and in the same building as another target, making it efficient for field calls.",,,,"{""source_prospect_id"":""559cbd5d-04c7-4831-ba8f-0104454e1538"",""original_fit_status"":""qualified"",""verification_status"":""partial""}","2026-09-28 17:05:37.624431+00","2026-09-28 17:05:37.624431+00",,,,"[""prospect"",""pcp""]","Hudson_Pro_Ridgewood_Primary_Care_Prospects.xlsx#S033","prospect:39eb8ccd1240344af194447af0bfe504",,"40.9212278","-74.1186001","2026-09-28 16:47:34.944+00"
"","b03b798c-d436-4ea6-8e53-310ce5c13e5e","Igor Elman, MDVIP","Primary Care","Internal Medicine / Concierge Primary Care","Ridgewood / Bergen-Passaic","Emerson","466 Old Hook Road, Suite 11, Emerson, NJ 07630","3","Adam","Prospect","active","HPO prospect import","Concierge model supports long visits and strong care coordination; high-value patient base and direct physician relationship potential.",,,,"{""source_prospect_id"":""e8980167-abbd-43ac-aa3a-c9c48ca30315"",""original_fit_status"":""qualified"",""verification_status"":""verified""}","2026-09-28 17:05:37.624431+00","2026-09-28 17:05:37.624431+00",,,,"[""prospect"",""pcp""]","Hudson_Pro_Ridgewood_Primary_Care_Prospects.xlsx#S020","prospect:f213dd3718d67e45b72905fc5dcf790c",,"40.9829222","-74.0057001","2026-09-28 16:47:19.662+00"
"","b5517ce8-7603-4895-b5d5-7d100848836b","Ihab Ibrahim Law Firm","Attorney",,,"Jersey City","910 Bergen Ave, Suite 203, Jersey City, NJ 07306","5","Adam","Prospect","active","HPO prospect import","Warm/current HPO attorney relationship location from referral drop-off route plan.",,,,"{""source_workbook"":""HPO_Referral_Dropoff_Route_Plan.xlsx"",""internal_priority"":5,""warm_relationship"":true,""source_prospect_id"":""0c52d1af-b057-4303-b30e-29e841c9e6bd"",""original_fit_status"":""qualified"",""verification_status"":""partial""}","2026-09-28 17:05:37.624431+00","2026-09-28 17:05:37.624431+00",,,,"[""prospect"",""attorney""]","HPO_Referral_Dropoff_Route_Plan.xlsx#Attorneys-Drop-Off","prospect:8042a8fba4406c66052f447361457fcc",,"40.730139270693","-74.06496662706","2026-09-28 16:57:24.587+00"
"","e9bbb070-5630-42b9-b55b-f092fa52d7a5","INSTANT MD","Primary Care","Primary Care / Urgent Care Style",,"North Bergen","7511 Bergenline Ave, North Bergen, NJ","3","Adam","Prospect","active","HPO prospect import","Area: North Bergen | Possible volume target, but confirm they manage PCP referrals. | Address Review: address present in uploaded list; verify official physical office before driving.",,,,"{""tags"":""Primary Care / Urgent Care Style; North Bergen"",""reference"":""HPO-RM-051"",""source_workbook"":""RepMove_Import_Accounts_Address_Checked.xlsx"",""internal_priority"":3,""source_prospect_id"":""8a5ed79c-576d-452d-9812-7c267bb83c0a"",""original_fit_status"":""qualified"",""verification_status"":""partial""}","2026-09-28 17:05:37.624431+00","2026-09-28 17:05:37.624431+00",,,,"[""prospect"",""pcp""]","RepMove_Import_Accounts_Address_Checked.xlsx#HPO-RM-051","prospect:8f1f758feaf7cb81adeafe762512687b",,"40.79930911527","-74.008542836624","2026-09-28 16:55:32.461+00"
"","0d97016c-9ae9-47d8-8ba2-fbbf56be7c78","IronBound Urgent Care","Primary Care","PCP","Newark / Essex","Newark","221 Chestnut St, Newark, NJ 07105","3","Adam","Prospect","active","HPO prospect import",,,,,"{""priority"":""A - Visit First"",""provider"":null,""vein_fit"":""High"",""next_step"":""Visit/call this week; confirm referral contact and drop approved material"",""source_row"":8,""source_sheet"":""All PCP-Vein Targets"",""visit_status"":""Need to Visit"",""route_cluster"":""Newark / Essex"",""priority_score"":13,""source_workbook"":""NJ_PCP_Vein_Target_List_by_HPO.xlsx"",""geocode_provider"":""census"",""closest_hpo_office"":""Newark"",""source_prospect_id"":""a6beaac2-0473-4062-9720-272e222a9ba5"",""original_fit_status"":""qualified"",""verification_status"":""partial"",""geocode_last_attempt"":""2026-09-28T16:32:31.164Z"",""imported_for_hpo_crm"":""2026-09-28""}","2026-09-28 17:05:37.624431+00","2026-09-28 17:05:37.624431+00",,,,"[""prospect"",""pcp""]","NJ_PCP_Vein_Target_List_by_HPO.xlsx#All PCP-Vein Targets","prospect:74872ae747289851d3a19f588827e532",,"40.723661980734","-74.166538410324","2026-09-28 16:32:31.164+00"
"","9ffe1b2a-e91e-4cfa-a3f3-3106b4e23ed9","Jae Lee Law","Attorney","PI-heavy: auto, truck, pedestrian, premises and serious injury","Edgewater Territory","Fort Lee","2050 Center Ave, Suite 120, Fort Lee, NJ 07024","5","Adam","Prospect","active","HPO prospect import","Multilingual, well-staffed Fort Lee firm with meaningful PI capacity and direct relevance to Bergen/Hudson injury patients. Firm size: About 8 lawyers and a roughly 25-person team. Office hours: Office hours not published; call ahead.",,,,"{""rank"":11,""non_phi"":true,""prospect_score"":9.4,""source_file_id"":""file_000000005f4c81f5b7d67b245ceeba41"",""visit_priority"":""A — visit first"",""internal_priority"":5,""primary_attorneys"":""Jae Lee; firm attorney team"",""source_prospect_id"":""7a483c6b-eb53-49f4-b6c3-5e656e1afbf1"",""original_fit_status"":""qualified"",""verification_status"":""verified"",""approx_distance_from_hpo"":""Approx. 3–5 driving mi""}","2026-09-28 17:05:37.624431+00","2026-09-28 17:05:37.624431+00",,,,"[""prospect"",""attorney""]","Hudson_Pro_North_Jersey_PI_Prospects.xlsx#Master75-rank-11","prospect:66b012f47b28722eebd908f3f38a7504",,"40.8449587","-73.9795936","2026-09-28 03:58:51.502+00"
"","941e03c7-5a0b-4c69-9d06-8281b5a673fb","Jae Medical Clinic","Primary Care","Internal Medicine / Primary Care","Hoboken / Hudson Waterfront","Jersey City","311 Palisade Avenue, Suite 2C, Jersey City, NJ 07307","3","Adam","Prospect","active","HPO prospect import","Independent evening-hour PCP in the Heights with direct physician access and little visible in-house specialty care.",,,,"{""rank"":26,""ownership"":""Independent physician practice"",""physicians"":""Zorayda DeLeon, MD"",""source_sheet"":""Master Prospects"",""last_verified"":""2026-09-10"",""prospect_score"":8,""visit_priority"":""A"",""source_workbook"":""Hudson_Pro_Hoboken_Primary_Care_Prospects.xlsx"",""geocode_provider"":""photon"",""suggested_contact"":""Dr. DeLeon or receptionist"",""prior_visit_status"":""Net-new / no prior visit documented"",""source_prospect_id"":""28bf4545-b10a-41ef-9c7e-ffeb4233301d"",""original_fit_status"":""qualified"",""verification_status"":""verified"",""geocode_last_attempt"":""2026-09-28T16:31:19.146Z"",""imported_for_hpo_crm"":""2026-09-28""}","2026-09-28 17:05:37.624431+00","2026-09-28 17:05:37.624431+00",,,,"[""prospect"",""pcp""]","Hudson_Pro_Hoboken_Primary_Care_Prospects.xlsx#Master Prospects","prospect:ba149f572a048f6a8e96ebf62c67336e",,"40.7388816","-74.0476845","2026-09-28 16:31:19.146+00"
"","3f542204-b897-4580-b19c-c58122f6cc32","Jake Gurland, MD","Primary Care","Internal Medicine / Primary Care","Hoboken / Hudson Waterfront","Bayonne","523 Broadway, Bayonne, NJ 07002","3","Adam","Prospect","active","HPO prospect import","Multi-clinician local office with substantial current appointment/review activity; strong Bayonne anchor despite longer drive.",,,,"{""rank"":23,""ownership"":""Independent physician-owned practice"",""physicians"":""Jake Gurland, MD; Ira Brooks, MD; Christine Villamayor, FNP"",""source_sheet"":""Master Prospects"",""last_verified"":""2026-09-10"",""prospect_score"":8,""visit_priority"":""A"",""source_workbook"":""Hudson_Pro_Hoboken_Primary_Care_Prospects.xlsx"",""geocode_provider"":""census"",""suggested_contact"":""Dr. Gurland or practice manager"",""prior_visit_status"":""Net-new / no prior visit documented"",""source_prospect_id"":""aa49bde1-20b9-4f0c-9270-12babb7ff6f6"",""original_fit_status"":""qualified"",""verification_status"":""verified"",""geocode_last_attempt"":""2026-09-28T16:31:00.846Z"",""imported_for_hpo_crm"":""2026-09-28""}","2026-09-28 17:05:37.624431+00","2026-09-28 17:05:37.624431+00",,,,"[""prospect"",""pcp""]","Hudson_Pro_Hoboken_Primary_Care_Prospects.xlsx#Master Prospects","prospect:e10774bd4c7106d99ea602ba0f80e9b7",,"40.665120662971","-74.117339562125","2026-09-28 16:31:00.846+00"
"","56e33de1-4b45-4395-813b-0f2702af5c0b","Javerbaum Wurgaft","Attorney",,,"Springfield","505 Morris Ave, Springfield, NJ 07081","5","Adam","Prospect","active","HPO prospect import","Warm/current HPO attorney relationship location from referral drop-off route plan.",,,,"{""source_workbook"":""HPO_Referral_Dropoff_Route_Plan.xlsx"",""internal_priority"":5,""warm_relationship"":true,""source_prospect_id"":""85be3bfc-3d95-4a56-bf47-ced2d4958f71"",""original_fit_status"":""qualified"",""verification_status"":""partial""}","2026-09-28 17:05:37.624431+00","2026-09-28 17:05:37.624431+00",,,,"[""prospect"",""attorney""]","HPO_Referral_Dropoff_Route_Plan.xlsx#Attorneys-Drop-Off","prospect:63292d4e08fe8f025acdfe2ff01eb580",,"40.715971546423","-74.323019603259","2026-09-28 16:57:24.942+00"
"","bb13e44f-a668-41b1-8612-ba6989d829ff","Javerbaum Wurgaft","Attorney",,,"Newark","60 Park Pl, Suite 902, Newark, NJ 07102","5","Adam","Prospect","active","HPO prospect import","Warm/current HPO attorney relationship location from referral drop-off route plan.",,,,"{""source_workbook"":""HPO_Referral_Dropoff_Route_Plan.xlsx"",""internal_priority"":5,""warm_relationship"":true,""source_prospect_id"":""dc265676-c321-41fc-ad83-335505128d41"",""original_fit_status"":""qualified"",""verification_status"":""partial""}","2026-09-28 17:05:37.624431+00","2026-09-28 17:05:37.624431+00",,,,"[""prospect"",""attorney""]","HPO_Referral_Dropoff_Route_Plan.xlsx#Attorneys-Drop-Off","prospect:98b910c125a972a7c406b9efcae8ffb1",,"40.738583885761","-74.169209039558","2026-09-28 16:57:24.24+00"
"","e63a83eb-8284-41d5-8c33-c6b51ccbec76","Javerbaum Wurgaft Hicks Kahn Wikstrom & Sinins, P.C.","Attorney","Full-service litigation with plaintiff PI: motor vehicle, premises, construction, products and medical malpractice","Union Territory","Springfield","505 Morris Ave, Suite 200, Springfield, NJ 07081","4","Adam","Prospect","active","HPO prospect import","Current Springfield office and resident PI attorneys make it credible, but its size and broad practice create more gatekeeping. Firm size: Large regional firm with numerous attorneys and staffed offices. Office hours: Office hours not published; call ahead.",,,,"{""rank"":71,""non_phi"":true,""prospect_score"":7.5,""source_file_id"":""file_000000005f4c81f5b7d67b245ceeba41"",""visit_priority"":""B — worthwhile prospect"",""internal_priority"":4,""primary_attorneys"":""Timothy J. Fonseca; Jeffrey T. Kampf; Gregg A. Wisotsky; firm attorneys"",""source_prospect_id"":""e13995e3-11bc-4e3e-8003-5b68db391f9e"",""original_fit_status"":""qualified"",""verification_status"":""verified"",""approx_distance_from_hpo"":""Approx. 4–6 driving mi""}","2026-09-28 17:05:37.624431+00","2026-09-28 17:05:37.624431+00",,,,"[""prospect"",""attorney""]","Hudson_Pro_North_Jersey_PI_Prospects.xlsx#Master75-rank-71","prospect:d76b38aec2326bd64cd8af8fc7f343b4",,"40.7155869","-74.3225258","2026-09-27 01:46:08.957+00"
"","b0b6ffc6-8dca-4371-81ad-e9dd8e712a56","John Allegra Law","Attorney","PI-heavy: auto, premises, workers’ compensation and serious injury","Hoboken Territory","Jersey City","2714 John F. Kennedy Blvd, Jersey City, NJ 07306","4","Adam","Prospect","active","HPO prospect import","Normal published office hours, local reviews and a compact team make it a practical Jersey City walk-in target. Firm size: Small local practice; about 2 attorneys plus staff. Office hours: Mon–Fri 9:00 AM–6:00 PM.",,,,"{""rank"":66,""non_phi"":true,""prospect_score"":7.7,""source_file_id"":""file_000000005f4c81f5b7d67b245ceeba41"",""visit_priority"":""B — worthwhile prospect"",""internal_priority"":4,""primary_attorneys"":""John Allegra; firm attorney team"",""source_prospect_id"":""55c15768-83a3-47fb-b225-ceff26b10728"",""original_fit_status"":""qualified"",""verification_status"":""verified"",""approx_distance_from_hpo"":""Approx. 5–7 driving mi""}","2026-09-28 17:05:37.624431+00","2026-09-28 17:05:37.624431+00",,,,"[""prospect"",""attorney""]","Hudson_Pro_North_Jersey_PI_Prospects.xlsx#Master75-rank-66","prospect:f00d0672b6263a8fc4866bbb3da154b9",,"40.7288552","-74.0694384","2026-09-27 01:46:06.67+00"
"","6a215fac-56e7-4f1d-b040-428f413cf841","Joseph K. Hyon, DO, PA","Primary Care","Internal Medicine / Osteopathic Primary Care","Ridgewood / Bergen-Passaic","Westwood","261 Old Hook Road, Westwood, NJ 07675","3","Adam","Prospect","active","HPO prospect import","Newly established private-practice setting, accepting new patients and likely open to building fresh referral relationships.",,,,"{""source_prospect_id"":""63b3c370-4679-4fbf-a8eb-19955efbd166"",""original_fit_status"":""qualified"",""verification_status"":""verified""}","2026-09-28 17:05:37.624431+00","2026-09-28 17:05:37.624431+00",,,,"[""prospect"",""pcp""]","Hudson_Pro_Ridgewood_Primary_Care_Prospects.xlsx#S021","prospect:3fdf5d3f6bf1ca101d32fb7d273482b4",,"40.9825689","-74.0113157","2026-09-28 16:47:19.862+00"
"","4d849efc-8f94-44a8-b87a-0a37e740b191","Joseph M. Ghabour & Associates, LLC","Attorney","PI-heavy: auto, premises, medical malpractice and workers’ compensation","Hoboken Territory","Bayonne","1025 Broadway, Bayonne, NJ 07002","5","Adam","Prospect","active","HPO prospect import","Bayonne branch gives access to a local injury practice with multiple attorneys, though staff presence should be confirmed before the first visit. Firm size: Small/midsize firm; multiple attorneys listed across offices. Office hours: Mon–Fri 9:00 AM–5:00 PM.",,,,"{""rank"":28,""non_phi"":true,""prospect_score"":8.7,""source_file_id"":""file_000000005f4c81f5b7d67b245ceeba41"",""visit_priority"":""A — visit first"",""internal_priority"":5,""primary_attorneys"":""Joseph M. Ghabour; Victoria Sabatini; Diedrich Delallana; Marina Ghabour"",""source_prospect_id"":""8885a33c-c27b-40fb-95c5-7ebb40ef057d"",""original_fit_status"":""qualified"",""verification_status"":""partial"",""approx_distance_from_hpo"":""Approx. 9–11 driving mi""}","2026-09-28 17:05:37.624431+00","2026-09-28 17:05:37.624431+00",,,,"[""prospect"",""attorney""]","Hudson_Pro_North_Jersey_PI_Prospects.xlsx#Master75-rank-28","prospect:32a67bb486066dde0a55198b8bd10eaa",,"40.6687141","-74.1143091","2026-09-27 01:46:00.481+00"
"","3ddc1746-01a1-4418-a136-7b42ba278a72","Joseph Saleeb, MD","Primary Care","Internal Medicine","Hoboken / Hudson Waterfront","Bayonne","862 Broadway, Bayonne, NJ 07002","3","Adam","Prospect","active","HPO prospect import","Solo local internist with afternoon/evening access and likely outside specialist needs; viable Bayonne route stop.",,,,"{""rank"":29,""ownership"":""Independent physician practice"",""physicians"":""Joseph Saleeb, MD"",""source_sheet"":""Master Prospects"",""last_verified"":""2026-09-10"",""prospect_score"":8,""visit_priority"":""A"",""source_workbook"":""Hudson_Pro_Hoboken_Primary_Care_Prospects.xlsx"",""geocode_provider"":""census"",""suggested_contact"":""Dr. Saleeb or receptionist"",""prior_visit_status"":""Net-new / no prior visit documented"",""source_prospect_id"":""e957fcea-1022-4228-a4e3-f3e72f181431"",""original_fit_status"":""qualified"",""verification_status"":""verified"",""geocode_last_attempt"":""2026-09-28T16:31:06.857Z"",""imported_for_hpo_crm"":""2026-09-28""}","2026-09-28 17:05:37.624431+00","2026-09-28 17:05:37.624431+00",,,,"[""prospect"",""pcp""]","Hudson_Pro_Hoboken_Primary_Care_Prospects.xlsx#Master Prospects","prospect:4ac15a6c75daa473d9656ad254524a77",,"40.67679825379","-74.107289592017","2026-09-28 16:31:06.857+00"
"","f4f15296-496c-4ffb-a8a7-cf0804f6e5bb","Joy Internal Medicine","Primary Care","Internal Medicine / Primary Care","Hoboken / Hudson Waterfront","Edgewater","725 River Road, Suite 212, Edgewater, NJ 07020","3","Adam","Prospect","active","HPO prospect import","Established multi-provider independent office with Saturday hours and a broad adult panel; likely to need outside orthopedics and vascular referrals.",,,,"{""rank"":11,""ownership"":""Independent physician-led practice"",""physicians"":""Ann Kim, MD; Sara Sung, NP; Jenny Hong, NP"",""source_sheet"":""Master Prospects"",""last_verified"":""2026-09-10"",""prospect_score"":9,""visit_priority"":""A"",""source_workbook"":""Hudson_Pro_Hoboken_Primary_Care_Prospects.xlsx"",""geocode_provider"":""census"",""suggested_contact"":""Dr. Kim, practice manager, or referral coordinator"",""prior_visit_status"":""Net-new / no prior visit documented"",""source_prospect_id"":""38686168-d35f-4d2d-8642-7628b1ac3d02"",""original_fit_status"":""qualified"",""verification_status"":""verified"",""geocode_last_attempt"":""2026-09-28T16:30:43.011Z"",""imported_for_hpo_crm"":""2026-09-28""}","2026-09-28 17:05:37.624431+00","2026-09-28 17:05:37.624431+00",,,,"[""prospect"",""pcp""]","Hudson_Pro_Hoboken_Primary_Care_Prospects.xlsx#Master Prospects","prospect:7e59f17937172718de8390694d0ccf0d",,"40.820238772651","-73.97753863745","2026-09-28 16:30:43.011+00"
"","c7102abe-dd8d-4109-b1c5-b1ac3a63fa2d","Jumana Chalabi, MD, PC","Primary Care","Internal Medicine","Ridgewood / Bergen-Passaic","Westwood","250 Old Hook Road, Suite 303B, Westwood, NJ 07675","3","Adam","Prospect","active","HPO prospect import","Independent adult PCP accepting new patients and independently confirmed by two systems; useful Westwood cluster prospect.",,,,"{""source_prospect_id"":""a85fb11a-a0cc-44a0-bafc-7ee187423070"",""original_fit_status"":""qualified"",""verification_status"":""partial""}","2026-09-28 17:05:37.624431+00","2026-09-28 17:05:37.624431+00",,,,"[""prospect"",""pcp""]","Hudson_Pro_Ridgewood_Primary_Care_Prospects.xlsx#S037","prospect:748625d481c691945ac7885eeeb341d7",,"40.9847885","-74.0148824","2026-09-28 16:47:44.45+00"
"","5f9257ba-87ad-4538-9dcf-2a65ba9a6361","Kahn Health","Primary Care","Direct Primary Care",,"Montclair","100 Valley Road, Suite 102, Montclair, NJ","5","Adam","Prospect","active","HPO prospect import","Area: Montclair | Priority: High | Strong Essex/Newark target. DPC/OON-style model. | Address Review: address present in uploaded list; verify official physical office before driving.",,,,"{""tags"":""High; Direct Primary Care; Montclair"",""reference"":""HPO-RM-031"",""source_workbook"":""RepMove_Import_Accounts_Address_Checked.xlsx"",""internal_priority"":5,""source_prospect_id"":""fc4145c4-5852-411d-a1b9-00b78308dd56"",""original_fit_status"":""qualified"",""verification_status"":""partial""}","2026-09-28 17:05:37.624431+00","2026-09-28 17:05:37.624431+00",,,,"[""prospect"",""pcp""]","RepMove_Import_Accounts_Address_Checked.xlsx#HPO-RM-031","prospect:91629e484d43357840a4deb79252dc7a",,"40.819908473662","-74.221221439726","2026-09-28 16:55:32.811+00"
"","d24cd0aa-1ede-4b5f-b374-2234108440c9","Karen R. Peters, DO","Primary Care","Family Medicine / MDVIP Concierge-Style",,"Flanders","183 Route 206 South, Suite 1, Flanders, NJ 07836","3","Adam","Prospect","active","HPO prospect import","Area: Flanders | Priority: Medium-High | Good western Morris County target. MDVIP page says she is an MDVIP-affiliated family physician with a smaller practice and same/next-day access. Hospital affiliations are listed, so verify referral flexibility. | Address Review: address present in uploaded list; verify official physical office before driving.",,,,"{""source_prospect_id"":""13e9c374-1eaf-408a-8abb-fe622080da8e"",""original_fit_status"":""qualified"",""verification_status"":""partial""}","2026-09-28 17:05:37.624431+00","2026-09-28 17:05:37.624431+00",,,,"[""prospect"",""pcp""]","RepMove_Import_Accounts_Address_Checked.xlsx#HPO-RM-010","prospect:80874b4d70796a21088878bb63652f4a",,"40.7809047","-74.6956124","2026-09-28 16:48:56.669+00"
"","ac7c42e1-f48e-4d99-b989-c9654b0ec52d","Kat Chiro","Primary Care","PCP","Bergen / Passaic","Haledon","261 Haledon Ave Haledon, NJ","3","Adam","Prospect","active","HPO prospect import",,,,,"{""priority"":""B - Strong Target"",""provider"":""Janty Kat"",""vein_fit"":""High"",""next_step"":""Add to route; call first and schedule quick drop-in"",""source_row"":167,""source_sheet"":""All PCP-Vein Targets"",""visit_status"":""Need to Visit"",""route_cluster"":""Bergen / Passaic"",""priority_score"":9,""source_workbook"":""NJ_PCP_Vein_Target_List_by_HPO.xlsx"",""geocode_provider"":""census"",""closest_hpo_office"":""Ridgewood"",""source_prospect_id"":""9eb8780c-0eb7-4d57-9e01-08cd5b4d03c7"",""original_fit_status"":""qualified"",""verification_status"":""partial"",""geocode_last_attempt"":""2026-09-28T16:33:54.640Z"",""imported_for_hpo_crm"":""2026-09-28""}","2026-09-28 17:05:37.624431+00","2026-09-28 17:05:37.624431+00",,,,"[""prospect"",""pcp""]","NJ_PCP_Vein_Target_List_by_HPO.xlsx#All PCP-Vein Targets","prospect:0fdde7244bba44c454aeae19344220b8",,"40.934067074282","-74.177625162684","2026-09-28 16:33:54.64+00"
"","dd7f4325-c8a6-4918-8bb5-dccca8c420cf","Kenilworth Primary Care","Primary Care","Internal Medicine / Primary Care",,"Kenilworth","66 S 21st St, Kenilworth, NJ","3","Adam","Prospect","active","HPO prospect import","Area: Kenilworth | Priority: Medium-High | Strong Union County target close to HPO Union. | Address Review: address present in uploaded list; verify official physical office before driving.",,,,"{""source_prospect_id"":""6384aaba-804e-4a71-b17d-463eaa203dc1"",""original_fit_status"":""qualified"",""verification_status"":""partial""}","2026-09-28 17:05:37.624431+00","2026-09-28 17:05:37.624431+00",,,,"[""prospect"",""pcp""]","RepMove_Import_Accounts_Address_Checked.xlsx#HPO-RM-028","prospect:66720529ed16cd8341ac31c6cb4e3755",,"40.6805946","-74.292215","2026-09-28 16:49:02.802+00"
"","0c79322f-b7d3-4a74-b97b-7eca4bf7acf7","Kessler, DiGiovanni & Jesuele, LLC","Attorney","PI-heavy: auto, truck, motorcycle, premises, neck/back injury and workers’ compensation","Union Territory","Cranford","1150 Raritan Rd, Suite 100, Cranford, NJ 07016","5","Adam","Prospect","active","HPO prospect import","Decades-long Union County injury practice; client reviews specifically reference attorneys and paralegal support on auto-injury files. Firm size: Small established firm; multiple attorneys plus paralegal support. Office hours: Office hours not published; call ahead.",,,,"{""rank"":16,""non_phi"":true,""prospect_score"":9.1,""source_file_id"":""file_000000005f4c81f5b7d67b245ceeba41"",""visit_priority"":""A — visit first"",""internal_priority"":5,""primary_attorneys"":""Vincent Jesuele; Frank DiGiovanni"",""source_prospect_id"":""61224f8d-7e66-4249-9fe1-68f70ccc3e5f"",""original_fit_status"":""qualified"",""verification_status"":""verified"",""approx_distance_from_hpo"":""Approx. 7–9 driving mi""}","2026-09-28 17:05:37.624431+00","2026-09-28 17:05:37.624431+00",,,,"[""prospect"",""attorney""]","Hudson_Pro_North_Jersey_PI_Prospects.xlsx#Master75-rank-16","prospect:2e9ff2226e25cb7028e158124a986497",,"40.6403481","-74.2867733","2026-09-28 03:58:51.731+00"
"","85aa48a0-5a33-4d3a-b771-eccc3de14d1e","Khatuna Belov, MD","Primary Care","Family Medicine","Ridgewood / Bergen-Passaic","Ridgewood","127 Union Street, Suite 102, Ridgewood, NJ 07450","3","Adam","Prospect","active","HPO prospect import","Independent family physician in the same building as another top prospect; broad age range and close proximity make this an efficient referral call.",,,,"{""source_prospect_id"":""d2f19a47-7f72-40df-9c6b-3df02c45f456"",""original_fit_status"":""qualified"",""verification_status"":""verified""}","2026-09-28 17:05:37.624431+00","2026-09-28 17:05:37.624431+00",,,,"[""prospect"",""pcp""]","Hudson_Pro_Ridgewood_Primary_Care_Prospects.xlsx#S018","prospect:aa9c9a90cd866a203e38faa2b808d465",,"40.9777721","-74.1166339","2026-09-28 16:47:11.177+00"
"","b3304221-ddf8-48e6-a854-f16d724cd98e","Khorozian Law Group, LLC","Attorney","PI-heavy: auto, truck, premises and serious injury; also litigation/employment","Edgewater Territory","Englewood Cliffs","375 Sylvan Ave, Suite 16, Englewood Cliffs, NJ 07632","4","Adam","Prospect","active","HPO prospect import","Well-reviewed Englewood Cliffs boutique with direct principal access and a meaningful accident practice. Firm size: Small attorney-owned group with staff. Office hours: Office hours not published; call ahead.",,,,"{""rank"":37,""non_phi"":true,""prospect_score"":8.4,""source_file_id"":""file_000000005f4c81f5b7d67b245ceeba41"",""visit_priority"":""B — worthwhile prospect"",""internal_priority"":4,""primary_attorneys"":""Linda Khorozian; firm attorneys"",""source_prospect_id"":""e168600b-9cbb-43f7-ac6d-845a56b5f44e"",""original_fit_status"":""qualified"",""verification_status"":""verified"",""approx_distance_from_hpo"":""Approx. 5–7 driving mi""}","2026-09-28 17:05:37.624431+00","2026-09-28 17:05:37.624431+00",,,,"[""prospect"",""attorney""]","Hudson_Pro_North_Jersey_PI_Prospects.xlsx#Master75-rank-37","prospect:525781e52eb34647c1cb56885c9c39c8",,"40.8966514","-73.9406243","2026-09-28 03:58:53.397+00"
"","4209cf56-9195-4d26-b90f-6eeaa38c7d24","Kronberg Law Firm","Attorney","PI-heavy: auto, premises, serious injury and litigation","Union Territory","Union","2414 Morris Ave, Union, NJ 07083","4","Adam","Prospect","active","HPO prospect import","One of the closest Union targets; small family firm structure supports direct relationship-building. Firm size: 2-attorney family practice plus support staff. Office hours: Office hours not published; call ahead.",,,,"{""rank"":55,""non_phi"":true,""prospect_score"":8,""source_file_id"":""file_000000005f4c81f5b7d67b245ceeba41"",""visit_priority"":""B — worthwhile prospect"",""internal_priority"":4,""primary_attorneys"":""Martin Kronberg; Gregory Kronberg"",""source_prospect_id"":""a30ac757-9f00-42d9-b7d1-3ee9a27ce508"",""original_fit_status"":""qualified"",""verification_status"":""verified"",""approx_distance_from_hpo"":""Approx. 1 driving mi""}","2026-09-28 17:05:37.624431+00","2026-09-28 17:05:37.624431+00",,,,"[""prospect"",""attorney""]","Hudson_Pro_North_Jersey_PI_Prospects.xlsx#Master75-rank-55","prospect:678d74415b131199b22a014853a57034",,"40.6833732","-74.2368819","2026-09-27 01:46:05.287+00"
"","16af77a5-66fd-4873-aa2b-62b007216960","Krupp Edward DO","Primary Care","PCP","Newark / Essex","Montclair","127 Pine St, Montclair, NJ 07042","3","Adam","Prospect","active","HPO prospect import",,,,,"{""priority"":""B - Strong Target"",""provider"":null,""vein_fit"":""High"",""next_step"":""Add to route; call first and schedule quick drop-in"",""source_row"":64,""source_sheet"":""All PCP-Vein Targets"",""visit_status"":""Need to Visit"",""route_cluster"":""Newark / Essex"",""priority_score"":8,""source_workbook"":""NJ_PCP_Vein_Target_List_by_HPO.xlsx"",""geocode_provider"":""census"",""closest_hpo_office"":""Newark"",""source_prospect_id"":""5a049fd0-7a74-433a-ac02-024c5fffc9b9"",""original_fit_status"":""qualified"",""verification_status"":""partial"",""geocode_last_attempt"":""2026-09-28T16:33:30.902Z"",""imported_for_hpo_crm"":""2026-09-28""}","2026-09-28 17:05:37.624431+00","2026-09-28 17:05:37.624431+00",,,,"[""prospect"",""pcp""]","NJ_PCP_Vein_Target_List_by_HPO.xlsx#All PCP-Vein Targets","prospect:b18fb606c7afbe2695a0448534f47ae5",,"40.811973879392","-74.207346190772","2026-09-28 16:33:30.902+00"
"","17b9dc8f-36ad-47e0-bdc0-996a5bbe25cd","LaBarbiera, Martinez, Griffin & Sullivan","Attorney","PI-heavy: motor vehicle, premises, construction, workers’ compensation and serious injury","Edgewater Territory","North Bergen","8501 Kennedy Blvd, North Bergen, NJ 07047","5","Adam","Prospect","active","HPO prospect import","Official site describes a fully staffed office with attorneys and paralegals, plus visitor parking—excellent field-sales access. Firm size: Midsize local firm; about 9 attorneys plus paralegals/support staff. Office hours: Office hours not published; call ahead.",,,,"{""rank"":8,""non_phi"":true,""prospect_score"":9.5,""source_file_id"":""file_000000005f4c81f5b7d67b245ceeba41"",""visit_priority"":""A — visit first"",""internal_priority"":5,""primary_attorneys"":""Peter LaBarbiera; Anthony Martinez; Michael Griffin; Brian Sullivan"",""source_prospect_id"":""5e6b8214-7bdd-4bd6-8e25-ecd328e8fc37"",""original_fit_status"":""qualified"",""verification_status"":""verified"",""approx_distance_from_hpo"":""Approx. 7–9 driving mi""}","2026-09-28 17:05:37.624431+00","2026-09-28 17:05:37.624431+00",,,,"[""prospect"",""attorney""]","Hudson_Pro_North_Jersey_PI_Prospects.xlsx#Master75-rank-8","prospect:9a243a863e781db494720542643bde2c",,"40.8014453","-74.0140339","2026-09-27 01:45:57.015+00"
"","36c40482-ec10-4aae-a1f5-e9d485c6a7f3","Larisa Litvinova, MD","Primary Care","PCP","Newark / Essex","Montclair","73 Park St, Montclair, NJ 07042","3","Adam","Prospect","active","HPO prospect import",,,,,"{""priority"":""B - Strong Target"",""provider"":null,""vein_fit"":""High"",""next_step"":""Add to route; call first and schedule quick drop-in"",""source_row"":373,""source_sheet"":""All PCP-Vein Targets"",""visit_status"":""Need to Visit"",""route_cluster"":""Newark / Essex"",""priority_score"":9,""source_workbook"":""NJ_PCP_Vein_Target_List_by_HPO.xlsx"",""geocode_provider"":""census"",""closest_hpo_office"":""Newark"",""source_prospect_id"":""acacf10e-08d5-4163-84bc-9794ab7e21ee"",""original_fit_status"":""qualified"",""verification_status"":""partial"",""geocode_last_attempt"":""2026-09-28T16:33:30.902Z"",""imported_for_hpo_crm"":""2026-09-28""}","2026-09-28 17:05:37.624431+00","2026-09-28 17:05:37.624431+00",,,,"[""prospect"",""pcp""]","NJ_PCP_Vein_Target_List_by_HPO.xlsx#All PCP-Vein Targets","prospect:b95f8183bb519e04ffb606b0d7061b00",,"40.818768996922","-74.215512225746","2026-09-28 16:33:30.902+00"
"","84d8d482-52f2-4e31-aecd-52a71e0f8dbf","Lauren Rosenblum, DO","Primary Care","PCP","Newark / Essex","Montclair","127 Pine St, Montclair, NJ 07042","3","Adam","Prospect","active","HPO prospect import","Ana",,,,"{""priority"":""B - Strong Target"",""provider"":null,""vein_fit"":""High"",""next_step"":""Add to route; call first and schedule quick drop-in"",""source_row"":65,""source_sheet"":""All PCP-Vein Targets"",""visit_status"":""Need to Visit"",""route_cluster"":""Newark / Essex"",""priority_score"":9,""source_workbook"":""NJ_PCP_Vein_Target_List_by_HPO.xlsx"",""geocode_provider"":""census"",""closest_hpo_office"":""Newark"",""source_prospect_id"":""0d5772ea-c782-470c-a71b-e471d46f30e1"",""original_fit_status"":""qualified"",""verification_status"":""partial"",""geocode_last_attempt"":""2026-09-28T16:33:30.902Z"",""imported_for_hpo_crm"":""2026-09-28""}","2026-09-28 17:05:37.624431+00","2026-09-28 17:05:37.624431+00",,,,"[""prospect"",""pcp""]","NJ_PCP_Vein_Target_List_by_HPO.xlsx#All PCP-Vein Targets","prospect:270227da906829afdaef8fe532932b2e",,"40.811973879392","-74.207346190772","2026-09-28 16:33:30.902+00"
"","b5943216-e9a4-4eb6-aefc-813eef82391c","Law Office of Robert B. Linder","Attorney","PI-heavy: auto, premises, serious injury and civil litigation","Edgewater Territory","Englewood","2 N Dean St, Suite 206, Englewood, NJ 07631","4","Adam","Prospect","active","HPO prospect import","Englewood boutique offers direct owner access and strong local review activity for a relationship-first approach. Firm size: Solo-led boutique with support staff. Office hours: Office hours not published; call ahead.",,,,"{""rank"":36,""non_phi"":true,""prospect_score"":8.4,""source_file_id"":""file_000000005f4c81f5b7d67b245ceeba41"",""visit_priority"":""B — worthwhile prospect"",""internal_priority"":4,""primary_attorneys"":""Robert B. Linder"",""source_prospect_id"":""70c7d1a7-c5e7-47c0-a8e4-9192cf224a06"",""original_fit_status"":""qualified"",""verification_status"":""verified"",""approx_distance_from_hpo"":""Approx. 7–9 driving mi""}","2026-09-28 17:05:37.624431+00","2026-09-28 17:05:37.624431+00",,,,"[""prospect"",""attorney""]","Hudson_Pro_North_Jersey_PI_Prospects.xlsx#Master75-rank-36","prospect:ee6526534e9f41348475465af175b9e3",,"40.8994005","-73.9708449","2026-09-28 03:58:53.849+00"
"","bd88ebd2-17fd-4a29-907f-456dc49627ef","Law Offices of David A. DiBrigida","Attorney","PI-heavy: auto, truck, motorcycle, pedestrian, premises and serious injury","Hoboken Territory","Hoboken","419 Washington St, Suite 4, Hoboken, NJ 07030","4","Adam","Prospect","active","HPO prospect import","Very close to Hudson Pro Hoboken, PI-focused and likely offers direct access to the attorney/decision-maker. Firm size: Solo-led local practice with support staff. Office hours: Office hours not published; 24/7 answering—call ahead.",,,,"{""rank"":53,""non_phi"":true,""prospect_score"":8.1,""source_file_id"":""file_000000005f4c81f5b7d67b245ceeba41"",""visit_priority"":""B — worthwhile prospect"",""internal_priority"":4,""primary_attorneys"":""David A. DiBrigida"",""source_prospect_id"":""a9b46cd6-23cf-4e0d-9f0b-1f0b7edf55bd"",""original_fit_status"":""qualified"",""verification_status"":""verified"",""approx_distance_from_hpo"":""Approx. 1–2 driving mi""}","2026-09-28 17:05:37.624431+00","2026-09-28 17:05:37.624431+00",,,,"[""prospect"",""attorney""]","Hudson_Pro_North_Jersey_PI_Prospects.xlsx#Master75-rank-53","prospect:1d902ac88d0478577c48ade52d895087",,"40.7419032","-74.0292673","2026-09-27 01:46:03.483+00"
"","e30f789f-8568-494d-9827-4ab90aa21774","Law Offices of G. Martin Meyers, P.C.","Attorney","PI-heavy: auto, premises, products, medical malpractice and wrongful death","Morris Plains Territory","Denville","35 W Main St, Suite 106, Denville, NJ 07834","4","Adam","Prospect","active","HPO prospect import","Two-generation Denville trial practice with direct attorney access and broad serious-injury experience. Firm size: 2-attorney family practice plus support staff. Office hours: Office hours not published; call ahead.",,,,"{""rank"":49,""non_phi"":true,""prospect_score"":8.2,""source_file_id"":""file_000000005f4c81f5b7d67b245ceeba41"",""visit_priority"":""B — worthwhile prospect"",""internal_priority"":4,""primary_attorneys"":""G. Martin Meyers; Justin A. Meyers"",""source_prospect_id"":""69dbd68b-4dcc-4b5a-b41f-4c02db56166f"",""original_fit_status"":""qualified"",""verification_status"":""verified"",""approx_distance_from_hpo"":""Approx. 8–10 driving mi""}","2026-09-28 17:05:37.624431+00","2026-09-28 17:05:37.624431+00",,,,"[""prospect"",""attorney""]","Hudson_Pro_North_Jersey_PI_Prospects.xlsx#Master75-rank-49","prospect:dd2f3030d4d41c0682b6ff6105906b97",,"40.8927406","-74.4801507","2026-09-27 01:46:03.89+00"
"","f25e0471-572f-4f79-8575-0830febda2be","Law Offices of Jeffrey S. Charney, LLC","Attorney","PI-heavy: auto, truck, motorcycle, premises, neck/back, shoulder and workers’ compensation","Union Territory","Linden","840 N Wood Ave, Linden, NJ 07036","4","Adam","Prospect","active","HPO prospect import","Longstanding Union County injury practice with thousands of matters claimed and explicit in-office consultations. Firm size: Solo-led local firm with support staff. Office hours: Office hours not published; call ahead.",,,,"{""rank"":46,""non_phi"":true,""prospect_score"":8.2,""source_file_id"":""file_000000005f4c81f5b7d67b245ceeba41"",""visit_priority"":""B — worthwhile prospect"",""internal_priority"":4,""primary_attorneys"":""Jeffrey S. Charney"",""source_prospect_id"":""fdab6728-0f2f-4d37-b8b4-6c20eb22d202"",""original_fit_status"":""qualified"",""verification_status"":""partial"",""approx_distance_from_hpo"":""Approx. 8–10 driving mi""}","2026-09-28 17:05:37.624431+00","2026-09-28 17:05:37.624431+00",,,,"[""prospect"",""attorney""]","Hudson_Pro_North_Jersey_PI_Prospects.xlsx#Master75-rank-46","prospect:8211f0204567d73ccc4bf5f777d54881",,"40.6308381","-74.2515907","2026-09-27 01:46:03.163+00"
"","d8c0548e-401c-4245-a397-f199d161f78e","Law Offices of Manfred F. Ricciardelli, Jr., LLC","Attorney","PI and workers’ compensation: auto, workplace and serious injury","Morris Plains Territory","Morris Plains","180 Speedwell Ave, Morris Plains, NJ 07950","4","Adam","Prospect","active","HPO prospect import","Closest Morris Plains prospect and locally established, but web presence is limited; confirm hours before the first visit. Firm size: Solo attorney with office staff indicated in current reviews/listings. Office hours: Unknown — call ahead.",,,,"{""rank"":62,""non_phi"":true,""prospect_score"":7.8,""source_file_id"":""file_000000005f4c81f5b7d67b245ceeba41"",""visit_priority"":""B — worthwhile prospect"",""internal_priority"":4,""primary_attorneys"":""Manfred F. Ricciardelli, Jr."",""source_prospect_id"":""67de27b6-28bc-4e76-b0e8-b131a8895842"",""original_fit_status"":""qualified"",""verification_status"":""partial"",""approx_distance_from_hpo"":""Approx. 1 driving mi""}","2026-09-28 17:05:37.624431+00","2026-09-28 17:05:37.624431+00",,,,"[""prospect"",""attorney""]","Hudson_Pro_North_Jersey_PI_Prospects.xlsx#Master75-rank-62","prospect:7ebeea7c39a45415b9dae939178b6853",,"40.8256172","-74.481778","2026-09-27 01:46:06.697+00"
"","053f83b4-2408-4f1a-9365-854be9a14486","Law Offices of Michael P. Burakoff, P.A.","Attorney","PI-only/PI-dominant: auto, premises, medical malpractice and wrongful death","Morris Plains Territory","Morristown","89 Headquarters Plaza N, Suite 1402, Morristown, NJ 07960","4","Adam","Prospect","active","HPO prospect import","Longtime Morristown PI lawyer with direct decision-maker access and strong reviews. Firm size: Solo attorney with support staff. Office hours: Office hours not published; call ahead.",,,,"{""rank"":63,""non_phi"":true,""prospect_score"":7.8,""source_file_id"":""file_000000005f4c81f5b7d67b245ceeba41"",""visit_priority"":""B — worthwhile prospect"",""internal_priority"":4,""primary_attorneys"":""Michael P. Burakoff"",""source_prospect_id"":""23198330-df75-4236-abaf-4650d72cb8e6"",""original_fit_status"":""qualified"",""verification_status"":""verified"",""approx_distance_from_hpo"":""Approx. 2–4 driving mi""}","2026-09-28 17:05:37.624431+00","2026-09-28 17:05:37.624431+00",,,,"[""prospect"",""attorney""]","Hudson_Pro_North_Jersey_PI_Prospects.xlsx#Master75-rank-63","prospect:1218548f2b822ae9e860d1a5879abd1c",,"40.800642","-74.4807915","2026-09-28 03:58:56.451+00"
"","9adacee6-f5d6-4460-ac86-2f8677e46a84","Law Offices of Mitchell R. Friedman, P.C.","Attorney","PI-heavy: auto, premises, medical malpractice and serious injury","Newark Territory","West Orange","347 Mount Pleasant Ave, Suite 203, West Orange, NJ 07052","4","Adam","Prospect","active","HPO prospect import","Small Essex County practice offering in-person meetings; direct access is good, but likely volume is below higher-ranked firms. Firm size: Solo attorney with support staff. Office hours: Weekday office hours; exact times not published.",,,,"{""rank"":72,""non_phi"":true,""prospect_score"":7.5,""source_file_id"":""file_000000005f4c81f5b7d67b245ceeba41"",""visit_priority"":""B — worthwhile prospect"",""internal_priority"":4,""primary_attorneys"":""Mitchell R. Friedman"",""source_prospect_id"":""59016423-73f5-46c2-a584-66101cd3ada7"",""original_fit_status"":""qualified"",""verification_status"":""verified"",""approx_distance_from_hpo"":""Approx. 9–11 driving mi""}","2026-09-28 17:05:37.624431+00","2026-09-28 17:05:37.624431+00",,,,"[""prospect"",""attorney""]","Hudson_Pro_North_Jersey_PI_Prospects.xlsx#Master75-rank-72","prospect:91d11b598bcc54d0e9c2ea26f949bf7b",,"40.807006","-74.2619571","2026-09-28 03:58:54.125+00"
"","f3edf8ba-0746-4877-8e86-50f8fa1d8364","Law Offices of Rosemarie Arnold","Attorney","PI-heavy: motor vehicle, truck, pedestrian, premises, construction and serious injury","Edgewater Territory","Fort Lee","1386 Palisade Ave, Fort Lee, NJ 07024","5","Adam","Prospect","active","HPO prospect import","Prominent Bergen County plaintiff firm with meaningful case volume and a deeply staffed Fort Lee office. Firm size: Midsize attorney-owned PI firm with attorneys, paralegals and support staff. Office hours: Office hours not published; call ahead.",,,,"{""rank"":3,""non_phi"":true,""prospect_score"":9.8,""source_file_id"":""file_000000005f4c81f5b7d67b245ceeba41"",""visit_priority"":""A — visit first"",""internal_priority"":5,""primary_attorneys"":""Rosemarie Arnold; firm trial team"",""source_prospect_id"":""ed997419-bce4-4b66-a8bf-ec0aa26ccec3"",""original_fit_status"":""qualified"",""verification_status"":""verified"",""approx_distance_from_hpo"":""Approx. 3–5 driving mi""}","2026-09-28 17:05:37.624431+00","2026-09-28 17:05:37.624431+00",,,,"[""prospect"",""attorney""]","Hudson_Pro_North_Jersey_PI_Prospects.xlsx#Master75-rank-3","prospect:571049880c7379ab789d2ba5249a560e",,"40.8462761","-73.9709616","2026-09-27 01:45:56.476+00"
"","86f6ac18-52bc-43d7-ab5f-80c7bb139e8b","Lee Law Firm, LLC","Attorney","PI-only/PI-dominant: auto, truck, motorcycle, premises, construction and medical malpractice","Union Territory","Springfield","150 Morris Ave, Suite 202, Springfield, NJ 07081","4","Adam","Prospect","active","HPO prospect import","Published business hours, strong client reviews and a certified civil trial attorney make this an actionable Springfield visit. Firm size: Solo-led practice with named support staff. Office hours: Mon–Fri 9:00 AM–5:00 PM.",,,,"{""rank"":57,""non_phi"":true,""prospect_score"":8,""source_file_id"":""file_000000005f4c81f5b7d67b245ceeba41"",""visit_priority"":""B — worthwhile prospect"",""internal_priority"":4,""primary_attorneys"":""Edward H. Lee"",""source_prospect_id"":""dd20f5bc-c36c-43c4-9edb-cfc467707683"",""original_fit_status"":""qualified"",""verification_status"":""verified"",""approx_distance_from_hpo"":""Approx. 4–6 driving mi""}","2026-09-28 17:05:37.624431+00","2026-09-28 17:05:37.624431+00",,,,"[""prospect"",""attorney""]","Hudson_Pro_North_Jersey_PI_Prospects.xlsx#Master75-rank-57","prospect:3582b9e29f7e1b2b738f8ee8e30b4e47",,"40.7105159","-74.3071309","2026-09-27 01:46:05.664+00"
"","0aa27c8e-de9e-43e7-8a20-c3fafc315357","Leonard Legal Group, LLC","Attorney","PI-heavy: auto, truck, premises, wrongful death and serious injury","Morris Plains Territory","Morristown","165 Washington St, Morristown, NJ 07960","5","Adam","Prospect","active","HPO prospect import","Close Morristown boutique led by a certified civil trial attorney, with realistic access to firm leadership. Firm size: Small attorney-owned group; current count not clearly published. Office hours: Office hours not published; 24-hour call center—call ahead.",,,,"{""rank"":29,""non_phi"":true,""prospect_score"":8.6,""source_file_id"":""file_000000005f4c81f5b7d67b245ceeba41"",""visit_priority"":""A — visit first"",""internal_priority"":5,""primary_attorneys"":""Scott G. Leonard; firm attorneys"",""source_prospect_id"":""2e12e373-0309-4337-a045-65804052fcf8"",""original_fit_status"":""qualified"",""verification_status"":""verified"",""approx_distance_from_hpo"":""Approx. 2–4 driving mi""}","2026-09-28 17:05:37.624431+00","2026-09-28 17:05:37.624431+00",,,,"[""prospect"",""attorney""]","Hudson_Pro_North_Jersey_PI_Prospects.xlsx#Master75-rank-29","prospect:9f880b474b0f34fbadc9f4f6ec3e806e",,"40.796975","-74.4809029","2026-09-27 01:46:00.455+00"
"","e9e845f2-1410-4186-90da-051b8de4b12b","Linda Boyd D.O","Primary Care","PCP","Newark / Essex","Newark","30 Bergen St, Newark, NJ 07107","3","Adam","Prospect","active","HPO prospect import",,,,,"{""priority"":""A - Visit First"",""provider"":null,""vein_fit"":""High"",""next_step"":""Visit/call this week; confirm referral contact and drop approved material"",""source_row"":191,""source_sheet"":""All PCP-Vein Targets"",""visit_status"":""Need to Visit"",""route_cluster"":""Newark / Essex"",""priority_score"":11,""source_workbook"":""NJ_PCP_Vein_Target_List_by_HPO.xlsx"",""geocode_provider"":""census"",""closest_hpo_office"":""Newark"",""source_prospect_id"":""c16f9ff8-07dc-476b-bc74-a4b7723c6b17"",""original_fit_status"":""qualified"",""verification_status"":""partial"",""geocode_last_attempt"":""2026-09-28T16:32:31.157Z"",""imported_for_hpo_crm"":""2026-09-28""}","2026-09-28 17:05:37.624431+00","2026-09-28 17:05:37.624431+00",,,,"[""prospect"",""pcp""]","NJ_PCP_Vein_Target_List_by_HPO.xlsx#All PCP-Vein Targets","prospect:5889c30ccf152ad7251e29b3be8ceab4",,"40.744841766592","-74.18997361632","2026-09-28 16:32:31.157+00"
"","7aa48d38-152c-4f7b-8997-54997bd4b779","Lozito Med Asocc.","Primary Care","PCP","Bergen / Passaic","Hawthorne","484 Lafayette Ave, Hawthorne, NJ 07506","3","Adam","Prospect","active","HPO prospect import",,,,,"{""priority"":""A - Visit First"",""provider"":""Lozito DO"",""vein_fit"":""High"",""next_step"":""Visit/call this week; confirm referral contact and drop approved material"",""source_row"":362,""source_sheet"":""All PCP-Vein Targets"",""visit_status"":""Need to Visit"",""route_cluster"":""Bergen / Passaic"",""priority_score"":11,""source_workbook"":""NJ_PCP_Vein_Target_List_by_HPO.xlsx"",""geocode_provider"":""census"",""closest_hpo_office"":""Ridgewood"",""source_prospect_id"":""f141d261-86ef-44d7-80c7-430c2597b1e9"",""original_fit_status"":""qualified"",""verification_status"":""partial"",""geocode_last_attempt"":""2026-09-28T16:32:31.748Z"",""imported_for_hpo_crm"":""2026-09-28""}","2026-09-28 17:05:37.624431+00","2026-09-28 17:05:37.624431+00",,,,"[""prospect"",""pcp""]","NJ_PCP_Vein_Target_List_by_HPO.xlsx#All PCP-Vein Targets","prospect:add5ec93345d7590b9508695399f1177",,"40.954557381698","-74.155548064918","2026-09-28 16:32:31.748+00"
"","b5899d2e-cf5e-4b74-8739-276b2f0206bd","Lozito Medical Associates","Primary Care","Family Medicine / Primary Care","Ridgewood / Bergen-Passaic","Hawthorne","484 Lafayette Avenue, Hawthorne, NJ 07506","3","Adam","Prospect","active","HPO prospect import","Independent family-medicine office close to HPO with broad adult volume and easy routing.",,,,"{""source_prospect_id"":""482f5f43-4591-42e8-842d-bc1839269b3a"",""original_fit_status"":""qualified"",""verification_status"":""verified""}","2026-09-28 17:05:37.624431+00","2026-09-28 17:05:37.624431+00",,,,"[""prospect"",""pcp""]","Hudson_Pro_Ridgewood_Primary_Care_Prospects.xlsx#S051","prospect:1f70c733db56d89071937a0c4bd224af",,"40.9659946","-74.1568759","2026-09-28 16:48:03.442+00"
"","277e667e-680b-4541-86b8-f1bd9073330c","Lutz Injury Law","Attorney",,,"Parsippany","111 Littleton Rd, Suite 101, Parsippany, NJ 07054","5","Adam","warm","active","field_visit_2026-09-16","9/16 field visit: spoke with Amanda at front desk and set a lunch for October 1; confirm one day before.","2026-09-16 16:00:00+00","Confirm lunch one day before",,"{""non_phi"":true,""lunch_date"":""2026-10-01"",""source_date"":""2026-09-16""}","2026-09-26 22:49:05.692295+00","2026-09-28 17:18:46.615544+00",,,,"[""warm_relationship"",""lunch_set""]",,"attorney:lutz-injury-law",,"40.852891","-74.4528126","2026-09-28 03:58:52.045+00"
"","86205d14-f35d-4904-9906-11781912eee1","Maggiano, DiGirolamo & Lizzi, P.C.","Attorney","PI-heavy: auto, truck, premises, construction, medical malpractice and catastrophic injury","Edgewater Territory","Fort Lee","201 Columbia Ave, Fort Lee, NJ 07024","5","Adam","Prospect","active","HPO prospect import","Large enough for meaningful injury volume while remaining a North Jersey attorney-owned firm with a visitable main office. Firm size: About 8 attorneys listed at the Fort Lee office. Office hours: Office hours not published; call ahead.",,,,"{""rank"":5,""non_phi"":true,""prospect_score"":9.7,""source_file_id"":""file_000000005f4c81f5b7d67b245ceeba41"",""visit_priority"":""A — visit first"",""internal_priority"":5,""primary_attorneys"":""Michael Maggiano; Joseph DiGirolamo; Michael Lizzi"",""source_prospect_id"":""f89f194b-d312-4453-ab9f-f426110f597f"",""original_fit_status"":""qualified"",""verification_status"":""verified"",""approx_distance_from_hpo"":""Approx. 3–5 driving mi""}","2026-09-28 17:05:37.624431+00","2026-09-28 17:05:37.624431+00",,,,"[""prospect"",""attorney""]","Hudson_Pro_North_Jersey_PI_Prospects.xlsx#Master75-rank-5","prospect:e53e2eeb75b686042a5190c8fa9d56c2",,"40.8353245","-73.9890831","2026-09-27 01:45:57+00"
"","219e4faf-f5e3-4c67-b800-bb7ddd1b59b8","Maitri Wellness","Primary Care","Direct Primary Care",,"Ridgewood","65 N Maple Ave, Suite 101, Ridgewood, NJ","5","Adam","Prospect","archived","HPO prospect import","Area: Ridgewood | Priority: High | Best HPO Ridgewood PCP target. Insurance-free/DPC-style practice. | Address Review: address present in uploaded list; verify official physical office before driving.",,,,"{""tags"":""High; Direct Primary Care; Ridgewood"",""reference"":""HPO-RM-059"",""source_workbook"":""RepMove_Import_Accounts_Address_Checked.xlsx"",""internal_priority"":5,""source_prospect_id"":""a50c7ca9-6777-4dac-9ebe-cc2ab960a8c9"",""original_fit_status"":""qualified"",""verification_status"":""partial"",""merged_into_account_id"":""8e56762d-61a3-4916-88b9-8ae3c3c5c854""}","2026-09-28 17:05:37.624431+00","2026-09-28 17:21:05.075966+00",,,,"[""prospect"",""pcp""]","RepMove_Import_Accounts_Address_Checked.xlsx#HPO-RM-059","prospect:a852d5a133186ebecfa8f866b2552f67",,"40.980078038363","-74.112610518615","2026-09-28 16:55:32.507+00"
"","8e56762d-61a3-4916-88b9-8ae3c3c5c854","Maitri Wellness","Primary Care","Family Medicine / Direct Primary Care","Ridgewood / Bergen-Passaic","Ridgewood","65 North Maple Avenue, Suite 101, Ridgewood, NJ 07450","3","Adam","Prospect","active","HPO prospect import","Very close, highly relationship-driven physician with direct specialist coordination and no on-site x-ray; excellent quality referral conversation.",,,,"{""source_prospect_id"":""7bf30bfd-20b6-40b5-8082-3557abd9fc95"",""original_fit_status"":""qualified"",""verification_status"":""verified""}","2026-09-28 17:05:37.624431+00","2026-09-28 17:05:37.624431+00",,,,"[""prospect"",""pcp""]","Hudson_Pro_Ridgewood_Primary_Care_Prospects.xlsx#S014","prospect:7a05038eb0785a8efd2c79d997d43b42",,"40.9800328","-74.1123968","2026-09-28 16:47:11.443+00"
"","e3702ca1-29a7-4ad5-bae8-d7fc4960bc8a","Mali Shalini R MD","Primary Care","PCP","Newark / Essex","Montclair","103 Park St, Montclair, NJ 07042","3","Adam","Prospect","active","HPO prospect import",,,,,"{""priority"":""B - Strong Target"",""provider"":null,""vein_fit"":""High"",""next_step"":""Add to route; call first and schedule quick drop-in"",""source_row"":32,""source_sheet"":""All PCP-Vein Targets"",""visit_status"":""Need to Visit"",""route_cluster"":""Newark / Essex"",""priority_score"":8,""source_workbook"":""NJ_PCP_Vein_Target_List_by_HPO.xlsx"",""geocode_provider"":""census"",""closest_hpo_office"":""Newark"",""source_prospect_id"":""f3aad2e0-269c-4a58-bad8-911a19481112"",""original_fit_status"":""qualified"",""verification_status"":""partial"",""geocode_last_attempt"":""2026-09-28T16:33:30.901Z"",""imported_for_hpo_crm"":""2026-09-28""}","2026-09-28 17:05:37.624431+00","2026-09-28 17:05:37.624431+00",,,,"[""prospect"",""pcp""]","NJ_PCP_Vein_Target_List_by_HPO.xlsx#All PCP-Vein Targets","prospect:3c612ccb1f10fe462f98f8490a65694f",,"40.820891521938","-74.213655166102","2026-09-28 16:33:30.902+00"
"","384265dc-f56f-4f01-817c-a7a2076f29cc","Mali Shalini R MD LLC","Primary Care","PCP","Newark / Essex","Montclair","160 Lincoln St, Montclair, NJ 07042","3","Adam","Prospect","active","HPO prospect import",,,,,"{""priority"":""B - Strong Target"",""provider"":null,""vein_fit"":""High"",""next_step"":""Add to route; call first and schedule quick drop-in"",""source_row"":92,""source_sheet"":""All PCP-Vein Targets"",""visit_status"":""Need to Visit"",""route_cluster"":""Newark / Essex"",""priority_score"":8,""source_workbook"":""NJ_PCP_Vein_Target_List_by_HPO.xlsx"",""geocode_provider"":""census"",""closest_hpo_office"":""Newark"",""source_prospect_id"":""4e4589ec-101b-4d61-a988-8f1aef1bfd45"",""original_fit_status"":""qualified"",""verification_status"":""partial"",""geocode_last_attempt"":""2026-09-28T16:33:31.187Z"",""imported_for_hpo_crm"":""2026-09-28""}","2026-09-28 17:05:37.624431+00","2026-09-28 17:05:37.624431+00",,,,"[""prospect"",""pcp""]","NJ_PCP_Vein_Target_List_by_HPO.xlsx#All PCP-Vein Targets","prospect:9c59ae45fc3c2d614a0dc865d95773ff",,"40.80298008179","-74.217426947847","2026-09-28 16:33:31.187+00"
"","6dfdeb26-1f2a-44b8-a99c-fff10fdb2fe9","Maran & Maran, P.C.","Attorney","Plaintiff medical malpractice and PI: serious injury, wrongful death and negligence","Newark Territory","Newark","9–25 Alling St, Suite 317, Newark, NJ 07102","4","Adam","Prospect","active","HPO prospect import","Serious-injury and malpractice relevance is high, but the official site omits the suite that current directories show; call ahead. Firm size: Solo-led litigation practice with support staff. Office hours: Mon–Fri 9:00 AM–5:00 PM; Sat by appointment.",,,,"{""rank"":68,""non_phi"":true,""prospect_score"":7.6,""source_file_id"":""file_000000005f4c81f5b7d67b245ceeba41"",""visit_priority"":""B — worthwhile prospect"",""internal_priority"":4,""primary_attorneys"":""David Maran"",""source_prospect_id"":""1a5f680d-e114-426f-9aae-d656b48a91b9"",""original_fit_status"":""qualified"",""verification_status"":""partial"",""approx_distance_from_hpo"":""Approx. 2 driving mi""}","2026-09-28 17:05:37.624431+00","2026-09-28 17:05:37.624431+00",,,,"[""prospect"",""attorney""]","Hudson_Pro_North_Jersey_PI_Prospects.xlsx#Master75-rank-68","prospect:fdab51f6dc0b3841d2f34267503d9007",,"40.7338526","-74.1656849","2026-09-28 03:58:58.017+00"
"","1cf52998-f7ff-4587-b8ab-b8905af14800","Maria Paschalidis, DO","Primary Care","PCP","Hudson Waterfront","Union City","3196 John F. Kennedy Blvd 3rd Floor, Union City, NJ 07087","3","Adam","Prospect","active","HPO prospect import",,,,,"{""priority"":""A - Visit First"",""provider"":null,""vein_fit"":""High"",""next_step"":""Visit/call this week; confirm referral contact and drop approved material"",""source_row"":210,""source_sheet"":""All PCP-Vein Targets"",""visit_status"":""Need to Visit"",""route_cluster"":""Hudson Waterfront"",""priority_score"":11,""source_workbook"":""NJ_PCP_Vein_Target_List_by_HPO.xlsx"",""geocode_provider"":""census"",""closest_hpo_office"":""Hoboken"",""source_prospect_id"":""4e59706a-6bd3-42f6-b9aa-751a297ba3b8"",""original_fit_status"":""qualified"",""verification_status"":""partial"",""geocode_last_attempt"":""2026-09-28T16:32:30.290Z"",""imported_for_hpo_crm"":""2026-09-28""}","2026-09-28 17:05:37.624431+00","2026-09-28 17:05:37.624431+00",,,,"[""prospect"",""pcp""]","NJ_PCP_Vein_Target_List_by_HPO.xlsx#All PCP-Vein Targets","prospect:c065276738ff09bdc2b20680337caab5",,"40.775034394123","-74.032830851432","2026-09-28 16:32:30.29+00"
"","f34bd5ff-8495-441e-bcd9-b1d90fc0894b","Maria Sequeira, MD","Primary Care","PCP","Newark / Essex","Newark","263 Lafayette Street Newark, NJ 07105","3","Adam","Prospect","active","HPO prospect import",,,,,"{""priority"":""A - Visit First"",""provider"":null,""vein_fit"":""High"",""next_step"":""Visit/call this week; confirm referral contact and drop approved material"",""source_row"":168,""source_sheet"":""All PCP-Vein Targets"",""visit_status"":""Need to Visit"",""route_cluster"":""Newark / Essex"",""priority_score"":13,""source_workbook"":""NJ_PCP_Vein_Target_List_by_HPO.xlsx"",""geocode_provider"":""census"",""closest_hpo_office"":""Newark"",""source_prospect_id"":""15b14eff-c9b2-492b-a09b-565d22510053"",""original_fit_status"":""qualified"",""verification_status"":""partial"",""geocode_last_attempt"":""2026-09-28T16:32:31.159Z"",""imported_for_hpo_crm"":""2026-09-28""}","2026-09-28 17:05:37.624431+00","2026-09-28 17:05:37.624431+00",,,,"[""prospect"",""pcp""]","NJ_PCP_Vein_Target_List_by_HPO.xlsx#All PCP-Vein Targets","prospect:19f5bafadfaf8dc3f075b256a530c732",,"40.728400691677","-74.160992897906","2026-09-28 16:32:31.16+00"
"","e1f8d54c-a59d-4475-bb2d-30a8da59b04c","Marianna Shimelfarb MD","Primary Care","PCP","Newark / Essex","Montclair","1 Seymour St, Montclair, NJ 07042","3","Adam","Prospect","active","HPO prospect import",,,,,"{""priority"":""B - Strong Target"",""provider"":null,""vein_fit"":""High"",""next_step"":""Add to route; call first and schedule quick drop-in"",""source_row"":25,""source_sheet"":""All PCP-Vein Targets"",""visit_status"":""Need to Visit"",""route_cluster"":""Newark / Essex"",""priority_score"":8,""source_workbook"":""NJ_PCP_Vein_Target_List_by_HPO.xlsx"",""geocode_provider"":""census"",""closest_hpo_office"":""Newark"",""source_prospect_id"":""f59ead86-0891-4fd5-b77d-eedc3e905382"",""original_fit_status"":""qualified"",""verification_status"":""partial"",""geocode_last_attempt"":""2026-09-28T16:33:31.182Z"",""imported_for_hpo_crm"":""2026-09-28""}","2026-09-28 17:05:37.624431+00","2026-09-28 17:05:37.624431+00",,,,"[""prospect"",""pcp""]","NJ_PCP_Vein_Target_List_by_HPO.xlsx#All PCP-Vein Targets","prospect:2850768b6a832c4b7d785a7cb2b96f8f",,"40.812701990201","-74.216144759852","2026-09-28 16:33:31.182+00"
"","5146a0da-cd7d-4787-a8b1-6f95aff5f704","Mariano & Lipkin","Attorney",,,"White Plains","901 N Broadway, Ste 20, White Plains, NY 10603","4","Adam","active","active","historical_referral_aggregate","Historical attorney referral source.",,,,"{""non_phi"":true,""count_scope"":""historical aggregate; period not supplied"",""official_location_source"":""https://www.marianolipkinlaw.com/contact"",""historical_referral_count"":42,""office_location_prospect_id"":""e09435d9-7f42-477c-85ab-7373e391dc20""}","2026-09-26 22:49:05.692295+00","2026-09-28 17:18:46.615544+00",,,,"[""historical_sender""]",,"attorney:mariano-lipkin",,"41.0623663","-73.7670153","2026-09-28 17:14:56.845+00"
"","2298982a-c47f-45e9-b015-655653efcf43","Markman & Cannan, LLC","Attorney","PI-heavy: auto, motorcycle, premises, wrongful death and serious injury","Newark Territory","Bloomfield","391 Franklin St, Bloomfield, NJ 07003","5","Adam","Prospect","active","HPO prospect import","Two-partner plaintiff firm with direct decision-maker access and a well-established Essex County office. Firm size: 2-attorney boutique plus support staff. Office hours: Office hours not published; 24/7 availability—call ahead.",,,,"{""rank"":31,""non_phi"":true,""prospect_score"":8.6,""source_file_id"":""file_000000005f4c81f5b7d67b245ceeba41"",""visit_priority"":""A — visit first"",""internal_priority"":5,""primary_attorneys"":""Alan Markman; Robert Cannan"",""source_prospect_id"":""64c2bbfe-731c-40c3-ba68-0e76c3dc11e4"",""original_fit_status"":""qualified"",""verification_status"":""verified"",""approx_distance_from_hpo"":""Approx. 6–8 driving mi""}","2026-09-28 17:05:37.624431+00","2026-09-28 17:05:37.624431+00",,,,"[""prospect"",""attorney""]","Hudson_Pro_North_Jersey_PI_Prospects.xlsx#Master75-rank-31","prospect:a9d08078a955af88c5ed6845b3fffae7",,"40.7883321","-74.1904203","2026-09-27 01:46:00.83+00"
"","4e8fe5ed-14e5-4fcd-ba18-1c8145b0dcc9","Mary Bello, MD","Primary Care","Family Medicine","Ridgewood / Bergen-Passaic","Mahwah","400 Franklin Turnpike, Suite 106, Mahwah, NJ 07430","3","Adam","Prospect","active","HPO prospect import","Independent family physician in the far-north cluster; broad age mix and no visible specialist overlap.",,,,"{""source_prospect_id"":""fdc7f664-3aa9-482e-9dd3-6337565c76bc"",""original_fit_status"":""qualified"",""verification_status"":""partial""}","2026-09-28 17:05:37.624431+00","2026-09-28 17:05:37.624431+00",,,,"[""prospect"",""pcp""]","Hudson_Pro_Ridgewood_Primary_Care_Prospects.xlsx#S035","prospect:625647d9d0b79775c49673e494a9c38c",,"41.1046307","-74.1484285","2026-09-28 16:47:39.945+00"
"","6f476256-9a47-4211-8c65-89c654c33c30","Matienzo Healthcare","Primary Care","Family Medicine","Hoboken / Hudson Waterfront","Hoboken","450 7th Street, Suite LL9, Hoboken, NJ 07030","3","Adam","Prospect","active","HPO prospect import","Very close, established solo family physician and likely external-referral need; call first because hours are not public.",,,,"{""rank"":27,""ownership"":""Independent practice with HMH hospital affiliation"",""physicians"":""Ricardo Martin Matienzo, MD"",""source_sheet"":""Master Prospects"",""last_verified"":""2026-09-10"",""prospect_score"":8,""visit_priority"":""A"",""source_workbook"":""Hudson_Pro_Hoboken_Primary_Care_Prospects.xlsx"",""geocode_provider"":""census"",""suggested_contact"":""Dr. Matienzo or receptionist"",""prior_visit_status"":""Net-new / no prior visit documented"",""source_prospect_id"":""eee6e397-6057-439d-be18-5b8bde7c083b"",""original_fit_status"":""qualified"",""verification_status"":""verified"",""geocode_last_attempt"":""2026-09-28T16:31:06.866Z"",""imported_for_hpo_crm"":""2026-09-28""}","2026-09-28 17:05:37.624431+00","2026-09-28 17:05:37.624431+00",,,,"[""prospect"",""pcp""]","Hudson_Pro_Hoboken_Primary_Care_Prospects.xlsx#Master Prospects","prospect:35cde18c73c0332ccbcf16c6caaf42f7",,"40.745975718959","-74.035538129766","2026-09-28 16:31:06.866+00"
"","b67bca7a-06de-41f1-b7d8-aac25c212628","Medical Multispecialty Association","Primary Care","Internal Medicine / Primary Care","Ridgewood / Bergen-Passaic","Fair Lawn","11-26 Saddle River Road, Suite 101, Fair Lawn, NJ 07410","3","Adam","Prospect","active","HPO prospect import","Independent adult-medicine office very near HPO; likely good referral fit if the current front-office workflow is confirmed.",,,,"{""source_prospect_id"":""880ba025-5349-4239-b842-0899596965bd"",""original_fit_status"":""qualified"",""verification_status"":""partial""}","2026-09-28 17:05:37.624431+00","2026-09-28 17:05:37.624431+00",,,,"[""prospect"",""pcp""]","Hudson_Pro_Ridgewood_Primary_Care_Prospects.xlsx#S030","prospect:300dd5676fc93012fe6b48631f851d09",,"40.9448397","-74.1009729","2026-09-28 16:47:29.155+00"
"","43a86048-12af-4997-8190-14a596ebb410","Medicine 4 U","Primary Care","Internal Medicine / Primary Care","Hoboken / Hudson Waterfront","Union City","316 Monastery Place, Suite A, Union City, NJ 07087","3","Adam","Prospect","active","HPO prospect import","Owner-operated internal medicine office with local continuity; cosmetic services warrant a vein-screening question, but no vein procedures were found publicly.",,,,"{""rank"":8,""ownership"":""Independent physician-owned practice"",""physicians"":""Amanda P. Shukla, DO; Paresh P. Shukla, MD"",""source_sheet"":""Master Prospects"",""last_verified"":""2026-09-10"",""prospect_score"":9,""visit_priority"":""A"",""source_workbook"":""Hudson_Pro_Hoboken_Primary_Care_Prospects.xlsx"",""geocode_provider"":""census"",""suggested_contact"":""Dr. Amanda Shukla or practice manager"",""prior_visit_status"":""Net-new / no prior visit documented"",""source_prospect_id"":""696052e3-ec8c-4fa7-9dbd-5059e427c0fd"",""original_fit_status"":""qualified"",""verification_status"":""verified"",""geocode_last_attempt"":""2026-09-28T16:30:43.011Z"",""imported_for_hpo_crm"":""2026-09-28""}","2026-09-28 17:05:37.624431+00","2026-09-28 17:05:37.624431+00",,,,"[""prospect"",""pcp""]","Hudson_Pro_Hoboken_Primary_Care_Prospects.xlsx#Master Prospects","prospect:67be2d15bc3c65927f6970ca6a29af44",,"40.763949305152","-74.031855397356","2026-09-28 16:30:43.011+00"
"","5d903ad1-71d4-4e7c-b68a-dd1f027f7faf","MetroLaw / Robert A. Solomon, P.C.","Attorney","PI-only: auto, truck, premises, wrongful death and serious injury","Newark Territory","Newark","91 Pacific St, Newark, NJ 07105","5","Adam","Prospect","active","HPO prospect import","Extremely close to Hudson Pro Newark, long-running PI practice and direct access to senior attorneys. Firm size: 3 experienced attorneys plus support staff. Office hours: Office hours not published; 24/7 phone—call ahead.",,,,"{""rank"":35,""non_phi"":true,""prospect_score"":8.5,""source_file_id"":""file_000000005f4c81f5b7d67b245ceeba41"",""visit_priority"":""A — visit first"",""internal_priority"":5,""primary_attorneys"":""Robert A. Solomon; Richard C. Weinbaum; Mark C. Lewandowski"",""source_prospect_id"":""b3914144-f022-47cf-9d4b-a107ae65ede7"",""original_fit_status"":""qualified"",""verification_status"":""verified"",""approx_distance_from_hpo"":""Approx. 1 driving mi""}","2026-09-28 17:05:37.624431+00","2026-09-28 17:05:37.624431+00",,,,"[""prospect"",""attorney""]","Hudson_Pro_North_Jersey_PI_Prospects.xlsx#Master75-rank-35","prospect:81a9bcc13b1b34ccea0588ea12cfdd3c",,"40.7250039","-74.1673694","2026-09-27 01:46:01.222+00"
"","1c2cc37b-2603-4742-b386-1bc5ea60695c","Metropolitan Family Health Network","Primary Care","Internal Medicine / FQHC Primary Care","Hoboken / Hudson Waterfront","Jersey City","935 Garfield Avenue, Jersey City, NJ 07304","3","Adam","Prospect","active","HPO prospect import","Large community panel and an existing case-manager contact; use targeted follow-up rather than repeating a generic drop-in.

Last field visit 9/3/2026: spoke with staff; nurse/case-manager relationship opportunity identified.","2026-09-03 12:00:00+00","Follow up through the nurse/case-manager relationship",,"{""rank"":56,""ownership"":""Metropolitan Family Health Network (FQHC/nonprofit)"",""physicians"":""Internal Medicine / adult-care team (current names not published on location page)"",""visit_note"":""Nurse/case-manager relationship opportunity identified."",""source_sheet"":""Master Prospects"",""last_verified"":""2026-09-10"",""prospect_score"":7,""visit_priority"":""C"",""source_workbook"":""Hudson_Pro_Hoboken_Primary_Care_Prospects.xlsx"",""geocode_provider"":""census"",""last_field_visit"":""2026-09-03"",""suggested_contact"":""Existing case manager or referral coordinator"",""prior_visit_status"":""Previously visited — positive case-manager contact; follow-up only"",""source_prospect_id"":""d7f6e933-6611-4827-b4c9-0f5354310e2b"",""original_fit_status"":""qualified"",""verification_status"":""verified"",""geocode_last_attempt"":""2026-09-28T16:31:24.775Z"",""imported_for_hpo_crm"":""2026-09-28""}","2026-09-28 17:05:37.624431+00","2026-09-28 17:12:50.606606+00",,,,"[""prospect"",""pcp""]","Hudson_Pro_Hoboken_Primary_Care_Prospects.xlsx#Master Prospects","prospect:b9e1359606a52259ee89f652f692c9f9",,"40.710727146328","-74.07019374485","2026-09-28 16:31:24.775+00"
"","4a857c14-2d24-4796-ad25-1b2f5cb49496","Midland Park Family Med","Primary Care","PCP","Bergen / Passaic","Midland Park","44 Godwin Ave, Midland Park, NJ 07432","3","Adam","Prospect","active","HPO prospect import",,,,,"{""priority"":""A - Visit First"",""provider"":null,""vein_fit"":""High"",""next_step"":""Visit/call this week; confirm referral contact and drop approved material"",""source_row"":277,""source_sheet"":""All PCP-Vein Targets"",""visit_status"":""Need to Visit"",""route_cluster"":""Bergen / Passaic"",""priority_score"":10,""source_workbook"":""NJ_PCP_Vein_Target_List_by_HPO.xlsx"",""geocode_provider"":""census"",""closest_hpo_office"":""Ridgewood"",""source_prospect_id"":""1804e333-410f-44bc-a9f9-cc558cef2f78"",""original_fit_status"":""qualified"",""verification_status"":""partial"",""geocode_last_attempt"":""2026-09-28T16:32:31.442Z"",""imported_for_hpo_crm"":""2026-09-28""}","2026-09-28 17:05:37.624431+00","2026-09-28 17:05:37.624431+00",,,,"[""prospect"",""pcp""]","NJ_PCP_Vein_Target_List_by_HPO.xlsx#All PCP-Vein Targets","prospect:bbfee5d4de9aac7862408c3764d4ffd9",,"40.984012096755","-74.13643981558","2026-09-28 16:32:31.442+00"
"","2df5644d-b800-4fc9-b98f-87ba8c42e5ea","Mintz & Geftic, LLC","Attorney","PI-heavy: auto, truck, premises, workers’ compensation and class actions","Union Territory","Elizabeth","618 Newark Ave, Elizabeth, NJ 07208","5","Adam","Prospect","active","HPO prospect import","Established Elizabeth office with meaningful injury/workers’ compensation volume and accessible local leadership. Firm size: Midsize local litigation firm with multiple attorneys and support staff. Office hours: Office hours not published; call ahead.",,,,"{""rank"":33,""non_phi"":true,""prospect_score"":8.5,""source_file_id"":""file_000000005f4c81f5b7d67b245ceeba41"",""visit_priority"":""A — visit first"",""internal_priority"":5,""primary_attorneys"":""Steven Mintz; David Geftic; firm attorneys"",""source_prospect_id"":""a4055b4f-f175-4f2d-8f90-89a8b87d8c17"",""original_fit_status"":""qualified"",""verification_status"":""verified"",""approx_distance_from_hpo"":""Approx. 4–6 driving mi""}","2026-09-28 17:05:37.624431+00","2026-09-28 17:05:37.624431+00",,,,"[""prospect"",""attorney""]","Hudson_Pro_North_Jersey_PI_Prospects.xlsx#Master75-rank-33","prospect:a5e5dd4878bb86ff8b32b7cb6681aba0",,"40.6841895","-74.2064125","2026-09-27 01:46:01.041+00"
"","034b1305-1a5c-482a-bf0c-b3ba4a5992e2","Mmereole Health — West New York","Primary Care","Family Medicine / Primary Care","Hoboken / Hudson Waterfront","West New York","6101 Boulevard East, Suite 1, West New York, NJ 07093","3","Adam","Prospect","active","HPO prospect import","Husband-and-wife team, strong local review volume, Saturday access and an owner-led workflow create excellent relationship potential.",,,,"{""rank"":10,""ownership"":""Independent family-owned practice"",""physicians"":""Robert Mmereole, MD; Paulina Mmereole, NP"",""source_sheet"":""Master Prospects"",""last_verified"":""2026-09-10"",""prospect_score"":9,""visit_priority"":""A"",""source_workbook"":""Hudson_Pro_Hoboken_Primary_Care_Prospects.xlsx"",""geocode_provider"":""photon"",""suggested_contact"":""Dr. Robert Mmereole or practice manager"",""prior_visit_status"":""Net-new / no prior visit documented"",""source_prospect_id"":""a66345bb-87e8-43be-b3fc-357bfa29d6ce"",""original_fit_status"":""qualified"",""verification_status"":""verified"",""geocode_last_attempt"":""2026-09-28T16:30:54.066Z"",""imported_for_hpo_crm"":""2026-09-28""}","2026-09-28 17:05:37.624431+00","2026-09-28 17:05:37.624431+00",,,,"[""prospect"",""pcp""]","Hudson_Pro_Hoboken_Primary_Care_Prospects.xlsx#Master Prospects","prospect:c5eb7cfa58a3e45540dbf5e6ba0bf12b",,"40.7850239","-74.0086749","2026-09-28 16:30:54.066+00"
"","24396755-c934-4829-9a04-455af13ac97a","Morgan & Morgan — Jersey City","Attorney","Large plaintiff firm: auto, truck, premises, products and catastrophic injury","Hoboken Territory","Jersey City","30 Montgomery St, Suite 410, Jersey City, NJ 07302","4","Adam","Prospect","active","HPO prospect import","Genuinely active Jersey City branch and potentially large volume, but front-desk access and institutional referral protocols lower visit priority. Firm size: Large national firm; local office size not published. Office hours: Office hours not published; 24/7 intake—call ahead.",,,,"{""rank"":67,""non_phi"":true,""prospect_score"":7.6,""source_file_id"":""file_000000005f4c81f5b7d67b245ceeba41"",""visit_priority"":""B — worthwhile prospect"",""internal_priority"":4,""primary_attorneys"":""Jersey City PI attorney team"",""source_prospect_id"":""8482b5e6-4ee2-4852-b852-590684efb335"",""original_fit_status"":""qualified"",""verification_status"":""verified"",""approx_distance_from_hpo"":""Approx. 3–4 driving mi""}","2026-09-28 17:05:37.624431+00","2026-09-28 17:05:37.624431+00",,,,"[""prospect"",""attorney""]","Hudson_Pro_North_Jersey_PI_Prospects.xlsx#Master75-rank-67","prospect:3b221d25d827017612264b6c5dc13a0f",,"40.7167201","-74.0352085","2026-09-27 01:46:06.717+00"
"","4228cca5-91c6-495f-9c4b-0793e7a8f27d","Morris County Primary Care","Primary Care","Primary Care",,"Morris Plains","2839 Route 10, Morris Plains, NJ","3","Adam","Prospect","active","HPO prospect import","Area: Morris Plains | Close to HPO Morris Plains, but likely tied to larger network. Verify before lunch. | Address Review: address present in uploaded list; verify official physical office before driving.",,,,"{""tags"":""Primary Care; Morris Plains"",""reference"":""HPO-RM-032"",""source_workbook"":""RepMove_Import_Accounts_Address_Checked.xlsx"",""internal_priority"":3,""source_prospect_id"":""1dc3a9e6-0686-4192-b521-a4972fce5d93"",""original_fit_status"":""qualified"",""verification_status"":""partial""}","2026-09-28 17:05:37.624431+00","2026-09-28 17:05:37.624431+00",,,,"[""prospect"",""pcp""]","RepMove_Import_Accounts_Address_Checked.xlsx#HPO-RM-032","prospect:4a36b54eb90f9af7f9a6b10a428574f9",,"40.859774314552","-74.491541637459","2026-09-28 16:55:32.33+00"
"","808c09cb-2e99-4110-b2ce-ab65d86357d0","Morris Family Medicine Associates / Advanced Cardiology & Primary Care","Primary Care","Family Medicine / Internal Medicine",,"Morris Plains","340 Speedwell Ave, Morris Plains, NJ 07950","5","Adam","Prospect","active","HPO prospect import","Area: Morris Plains | Priority: Medium-High | Very convenient for HPO Morris Plains. Healthgrades lists the practice as family medicine/internal medicine with providers including Dr. Miguel Carreno, Dr. Bijal Dave, Dr. Charles Joseph, and Dr. Valery Vera-Connolly. Dr. Carreno's profile says he transitioned to private practice in 2020. | Address Review: address present in uploaded list; verify official physical office before driving.",,,,"{""tags"":""Medium-High; Family Medicine / Internal Medicine; Morris Plains"",""reference"":""HPO-RM-033"",""source_workbook"":""RepMove_Import_Accounts_Address_Checked.xlsx"",""internal_priority"":5,""source_prospect_id"":""4bc5856b-502b-4fe7-9233-066d04da8bf3"",""original_fit_status"":""qualified"",""verification_status"":""partial""}","2026-09-28 17:05:37.624431+00","2026-09-28 17:05:37.624431+00",,,,"[""prospect"",""pcp""]","RepMove_Import_Accounts_Address_Checked.xlsx#HPO-RM-033","prospect:b4f6d40e8ddcf1a1f8b715bf35c22e55",,"40.82202331324","-74.481431484026","2026-09-28 16:55:32.266+00"
"","1db58cea-2c80-4fd4-b5ed-692c9954bcc7","Morris Sussex Direct Family Practice / Dr. Anthony Lucatorto, DO","Primary Care","Direct Primary Care / Family Medicine",,"Lake Hopatcong","28 Bowling Green Pkwy, Suite LL 3, Lake Hopatcong, NJ 07849","3","Adam","Prospect","active","HPO prospect import","Area: Lake Hopatcong | Priority: High | Great OON-style target. Their FAQ says DPC does not bill insurance, uses a flat monthly fee, and has no copays/deductibles. Very strong for ""send the referral without insurance checking"" style. | Address Review: address present in uploaded list; verify official physical office before driving.",,,,"{""source_prospect_id"":""c0405505-2d76-4087-aa6e-5742dfbcd2dd"",""original_fit_status"":""qualified"",""verification_status"":""partial""}","2026-09-28 17:05:37.624431+00","2026-09-28 17:05:37.624431+00",,,,"[""prospect"",""pcp""]","RepMove_Import_Accounts_Address_Checked.xlsx#HPO-RM-029","prospect:10bb37c04b3becee0d848c6429ae6ca8",,"40.960482878311","-74.607096324658","2026-09-28 16:49:10.119+00"
"","5e8c0a12-5eb2-45b5-93aa-50619294419b","Moukdad Medical","Primary Care","Family Medicine / Internal Medicine","Hoboken / Hudson Waterfront","North Bergen","6725 Columbia Avenue, North Bergen, NJ 07047","3","Adam","Prospect","active","HPO prospect import","Small two-physician practice with transparent self-pay options and direct access to the owners; likely to build external specialty relationships.",,,,"{""rank"":9,""ownership"":""Independent physician-owned practice"",""physicians"":""Amanda Moukdad, DO; Jihad Moukdad, MD"",""source_sheet"":""Master Prospects"",""last_verified"":""2026-09-10"",""prospect_score"":9,""visit_priority"":""A"",""source_workbook"":""Hudson_Pro_Hoboken_Primary_Care_Prospects.xlsx"",""geocode_provider"":""census"",""suggested_contact"":""Either Dr. Moukdad or office manager"",""prior_visit_status"":""Net-new / no prior visit documented"",""source_prospect_id"":""51f5176c-81c8-474a-93b7-1d1c58359c6d"",""original_fit_status"":""qualified"",""verification_status"":""verified"",""geocode_last_attempt"":""2026-09-28T16:30:43.004Z"",""imported_for_hpo_crm"":""2026-09-28""}","2026-09-28 17:05:37.624431+00","2026-09-28 17:05:37.624431+00",,,,"[""prospect"",""pcp""]","Hudson_Pro_Hoboken_Primary_Care_Prospects.xlsx#Master Prospects","prospect:837cb2cc3fe57838a6ac521b252fadf2",,"40.797973367754","-74.022063073897","2026-09-28 16:30:43.004+00"
"","e376397c-f3aa-46a7-9cc3-de62a6ca6e53","Mountain side Adult Health","Primary Care","PCP","Newark / Essex","Glen Ridge","123 Highland Ave, Glen Ridge, NJ 07028","3","Adam","Prospect","active","HPO prospect import",,,,,"{""priority"":""B - Strong Target"",""provider"":null,""vein_fit"":""High"",""next_step"":""Add to route; call first and schedule quick drop-in"",""source_row"":57,""source_sheet"":""All PCP-Vein Targets"",""visit_status"":""Need to Visit"",""route_cluster"":""Newark / Essex"",""priority_score"":9,""source_workbook"":""NJ_PCP_Vein_Target_List_by_HPO.xlsx"",""geocode_provider"":""census"",""closest_hpo_office"":""Newark"",""source_prospect_id"":""86644a06-3326-4e78-885d-cc36540bacfb"",""original_fit_status"":""qualified"",""verification_status"":""partial"",""geocode_last_attempt"":""2026-09-28T16:32:32.336Z"",""imported_for_hpo_crm"":""2026-09-28""}","2026-09-28 17:05:37.624431+00","2026-09-28 17:05:37.624431+00",,,,"[""prospect"",""pcp""]","NJ_PCP_Vein_Target_List_by_HPO.xlsx#All PCP-Vein Targets","prospect:695299256b70da7a6d7a1d0e7e8141f9",,"40.808526244997","-74.204529618214","2026-09-28 16:32:32.336+00"
"","82201127-fcef-4c1e-ba08-d566cfd82fd8","Mountainside Medical Group","Primary Care","PCP","Newark / Essex","Verona","799 Bloomfield Ave","3","Adam","Prospect","active","HPO prospect import",,,,,"{""priority"":""B - Strong Target"",""provider"":null,""vein_fit"":""High"",""next_step"":""Add to route; call first and schedule quick drop-in"",""source_row"":378,""source_sheet"":""All PCP-Vein Targets"",""visit_status"":""Need to Visit"",""route_cluster"":""Newark / Essex"",""priority_score"":8,""source_workbook"":""NJ_PCP_Vein_Target_List_by_HPO.xlsx"",""geocode_provider"":""photon"",""closest_hpo_office"":""Newark"",""source_prospect_id"":""63cf2609-dae0-4726-9f79-d4a2fe478736"",""original_fit_status"":""qualified"",""verification_status"":""partial"",""geocode_last_attempt"":""2026-09-28T16:33:43.886Z"",""imported_for_hpo_crm"":""2026-09-28""}","2026-09-28 17:05:37.624431+00","2026-09-28 17:05:37.624431+00",,,,"[""prospect"",""pcp""]","NJ_PCP_Vein_Target_List_by_HPO.xlsx#All PCP-Vein Targets","prospect:84a16c196f49ff189ea3886bd488b674",,"40.8339491","-74.2531037","2026-09-28 16:33:43.886+00"
"","ad251215-a774-44f7-89a0-a8213b17d175","My NJ Injury Lawyer / Law Office of Howard P. Lesnik","Attorney","PI-heavy: auto, premises, workers’ compensation and serious injury","Union Territory","Mountainside","928 Mountain Ave, 2nd Floor, Mountainside, NJ 07092","3","Adam","Prospect","active","HPO prospect import","Client-facing Mountainside office with detailed entrance directions and strong reviews; secondary priority due likely smaller volume. Firm size: Solo-led local practice with support staff. Office hours: Office hours not published; 24/7 intake—call ahead.",,,,"{""rank"":75,""non_phi"":true,""prospect_score"":7.3,""source_file_id"":""file_000000005f4c81f5b7d67b245ceeba41"",""visit_priority"":""C — secondary prospect"",""internal_priority"":3,""primary_attorneys"":""Howard P. Lesnik"",""source_prospect_id"":""69ff2b3c-f40a-4a65-81e0-e9c54e09a5b0"",""original_fit_status"":""qualified"",""verification_status"":""verified"",""approx_distance_from_hpo"":""Approx. 7–9 driving mi""}","2026-09-28 17:05:37.624431+00","2026-09-28 17:05:37.624431+00",,,,"[""prospect"",""attorney""]","Hudson_Pro_North_Jersey_PI_Prospects.xlsx#Master75-rank-75","prospect:8e17bc0a2a51b9ed0ace325428003592",,"40.6671857","-74.3507301","2026-09-28 03:58:56.188+00"
"","43329f82-2c73-42d5-9960-c17883a2b6cc","Naveen Allam, MD","Primary Care","PCP","Newark / Essex","Montclair","1 Bay Ave, Montclair, NJ 07042","3","Adam","Prospect","active","HPO prospect import",,,,,"{""priority"":""B - Strong Target"",""provider"":null,""vein_fit"":""High"",""next_step"":""Add to route; call first and schedule quick drop-in"",""source_row"":21,""source_sheet"":""All PCP-Vein Targets"",""visit_status"":""Need to Visit"",""route_cluster"":""Newark / Essex"",""priority_score"":8,""source_workbook"":""NJ_PCP_Vein_Target_List_by_HPO.xlsx"",""geocode_provider"":""census"",""closest_hpo_office"":""Newark"",""source_prospect_id"":""3e7ffc8a-aa00-470c-ba0e-9d95fdd928d2"",""original_fit_status"":""qualified"",""verification_status"":""partial"",""geocode_last_attempt"":""2026-09-28T16:33:31.295Z"",""imported_for_hpo_crm"":""2026-09-28""}","2026-09-28 17:05:37.624431+00","2026-09-28 17:05:37.624431+00",,,,"[""prospect"",""pcp""]","NJ_PCP_Vein_Target_List_by_HPO.xlsx#All PCP-Vein Targets","prospect:6dd84b813d1bfcd35c1459a6cbc06bfe",,"40.817264057348","-74.209243589681","2026-09-28 16:33:31.295+00"
"","78560350-18ca-4e0b-8541-1e31a19efb89","Newark Primary Care","Primary Care","PCP","Newark / Essex","Newark","337 Bloomfield Ave, Newark, NJ 07107","3","Adam","Prospect","active","HPO prospect import",,,,,"{""priority"":""A - Visit First"",""provider"":null,""vein_fit"":""High"",""next_step"":""Visit/call this week; confirm referral contact and drop approved material"",""source_row"":223,""source_sheet"":""All PCP-Vein Targets"",""visit_status"":""Need to Visit"",""route_cluster"":""Newark / Essex"",""priority_score"":11,""source_workbook"":""NJ_PCP_Vein_Target_List_by_HPO.xlsx"",""geocode_provider"":""census"",""closest_hpo_office"":""Newark"",""source_prospect_id"":""7bdf194f-121a-4b58-8d6c-c8bb3ed9ca80"",""original_fit_status"":""qualified"",""verification_status"":""partial"",""geocode_last_attempt"":""2026-09-28T16:32:31.164Z"",""imported_for_hpo_crm"":""2026-09-28""}","2026-09-28 17:05:37.624431+00","2026-09-28 17:05:37.624431+00",,,,"[""prospect"",""pcp""]","NJ_PCP_Vein_Target_List_by_HPO.xlsx#All PCP-Vein Targets","prospect:3d028026a633a44f82fa20d495edf184",,"40.766611309013","-74.180577938876","2026-09-28 16:32:31.164+00"
"","dec58fed-c373-4b20-bb47-0cc8e3531c10","NHCAC Health Center — Jersey City","Primary Care","Adult Medicine / FQHC Primary Care","Hoboken / Hudson Waterfront","Jersey City","324 Palisade Avenue, Jersey City, NJ 07307","3","Adam","Prospect","active","HPO prospect import","Large community panel and clear staff infrastructure, but centralized FQHC referral workflows make conversion slower.",,,,"{""rank"":41,""ownership"":""North Hudson Community Action Corporation (FQHC/nonprofit)"",""physicians"":""Adult Medicine team (names not published on location page)"",""source_sheet"":""Master Prospects"",""last_verified"":""2026-09-10"",""prospect_score"":6,""visit_priority"":""B"",""source_workbook"":""Hudson_Pro_Hoboken_Primary_Care_Prospects.xlsx"",""geocode_provider"":""census"",""suggested_contact"":""Site administrator or referral coordinator"",""prior_visit_status"":""Net-new / no prior visit documented"",""source_prospect_id"":""2c1bc0fc-7e8b-486f-a43a-c87fe29f50ee"",""original_fit_status"":""qualified"",""verification_status"":""verified"",""geocode_last_attempt"":""2026-09-28T16:31:06.853Z"",""imported_for_hpo_crm"":""2026-09-28""}","2026-09-28 17:05:37.624431+00","2026-09-28 17:05:37.624431+00",,,,"[""prospect"",""pcp""]","Hudson_Pro_Hoboken_Primary_Care_Prospects.xlsx#Master Prospects","prospect:73863ec08f4db3c6afadf72b99bed14d",,"40.740001118371","-74.046772884432","2026-09-28 16:31:06.853+00"
"","3feabb98-f99b-460e-b093-0c91d9ef30d9","NHCAC Health Center — Union City","Primary Care","Adult Medicine / FQHC Primary Care","Hoboken / Hudson Waterfront","Union City","714 31st Street, Union City, NJ 07087","3","Adam","Prospect","active","HPO prospect import","High-volume community site and easy route stop; institutional access and referral protocols lower priority.",,,,"{""rank"":42,""ownership"":""North Hudson Community Action Corporation (FQHC/nonprofit)"",""physicians"":""Adult Medicine team (names not published on location page)"",""source_sheet"":""Master Prospects"",""last_verified"":""2026-09-10"",""prospect_score"":6,""visit_priority"":""B"",""source_workbook"":""Hudson_Pro_Hoboken_Primary_Care_Prospects.xlsx"",""geocode_provider"":""census"",""suggested_contact"":""Site administrator or referral coordinator"",""prior_visit_status"":""Net-new / no prior visit documented"",""source_prospect_id"":""6838f14e-b449-411f-92cb-7ad16b86d88b"",""original_fit_status"":""qualified"",""verification_status"":""verified"",""geocode_last_attempt"":""2026-09-28T16:31:19.304Z"",""imported_for_hpo_crm"":""2026-09-28""}","2026-09-28 17:05:37.624431+00","2026-09-28 17:05:37.624431+00",,,,"[""prospect"",""pcp""]","Hudson_Pro_Hoboken_Primary_Care_Prospects.xlsx#Master Prospects","prospect:10aada4ca80a6f5acbec5ceecacbc70d",,"40.772826151487","-74.031950064836","2026-09-28 16:31:19.304+00"
"","1d990059-6e99-4ae4-8767-ded337fd9c3f","NHCAC Health Center — Weehawken","Primary Care","Internal Medicine / FQHC Primary Care","Hoboken / Hudson Waterfront","Weehawken","4100 Park Avenue, Weehawken, NJ 07086","3","Adam","Prospect","active","HPO prospect import","Very close and clearly staffed; worthwhile for referral-coordinator contact despite institutional rules.",,,,"{""rank"":43,""ownership"":""North Hudson Community Action Corporation (FQHC/nonprofit)"",""physicians"":""Internal Medicine team (names not published on location page)"",""source_sheet"":""Master Prospects"",""last_verified"":""2026-09-10"",""prospect_score"":6,""visit_priority"":""B"",""source_workbook"":""Hudson_Pro_Hoboken_Primary_Care_Prospects.xlsx"",""geocode_provider"":""photon"",""suggested_contact"":""Site administrator or referral coordinator"",""prior_visit_status"":""Net-new / no prior visit documented"",""source_prospect_id"":""e4d5c1d9-f308-45b2-a2de-8649fb7e64de"",""original_fit_status"":""qualified"",""verification_status"":""verified"",""geocode_last_attempt"":""2026-09-28T16:31:22.891Z"",""imported_for_hpo_crm"":""2026-09-28""}","2026-09-28 17:05:37.624431+00","2026-09-28 17:05:37.624431+00",,,,"[""prospect"",""pcp""]","Hudson_Pro_Hoboken_Primary_Care_Prospects.xlsx#Master Prospects","prospect:73681441ca7f7904b29d79b577f6f089",,"40.7739356","-74.0200921","2026-09-28 16:31:22.891+00"
"","f25750a3-b446-4b98-99a3-c4e3726a529b","NHCAC Health Center — West New York Main","Primary Care","Adult Medicine / FQHC Primary Care","Hoboken / Hudson Waterfront","West New York","5301 Broadway, West New York, NJ 07093","3","Adam","Prospect","active","HPO prospect import","Seven-day, high-volume center; potential is meaningful, though access to decision-makers and external-referral flexibility may be limited.",,,,"{""rank"":44,""ownership"":""North Hudson Community Action Corporation (FQHC/nonprofit)"",""physicians"":""Adult Medicine team (names not published on location page)"",""source_sheet"":""Master Prospects"",""last_verified"":""2026-09-10"",""prospect_score"":6,""visit_priority"":""B"",""source_workbook"":""Hudson_Pro_Hoboken_Primary_Care_Prospects.xlsx"",""geocode_provider"":""census"",""suggested_contact"":""Site administrator or referral coordinator"",""prior_visit_status"":""Net-new / no prior visit documented"",""source_prospect_id"":""050023d7-d175-4421-94c2-ce9f2bc81f5c"",""original_fit_status"":""qualified"",""verification_status"":""verified"",""geocode_last_attempt"":""2026-09-28T16:31:19.307Z"",""imported_for_hpo_crm"":""2026-09-28""}","2026-09-28 17:05:37.624431+00","2026-09-28 17:05:37.624431+00",,,,"[""prospect"",""pcp""]","Hudson_Pro_Hoboken_Primary_Care_Prospects.xlsx#Master Prospects","prospect:b24d7298bca7ae957e40c26018646dce",,"40.782339862589","-74.01443153151","2026-09-28 16:31:19.307+00"
"","6981444c-a138-460f-b142-da4d33d10d31","Niamehr","Attorney",,,"New York","30 Wall Street, 8th Floor, New York, NY 10005","4","Adam","active","active","historical_referral_aggregate","Historical attorney referral-source label preserved exactly; full firm identity should be reconciled before route use.",,,,"{""non_phi"":true,""count_scope"":""historical aggregate; period not supplied"",""official_location_source"":""https://telldaniel.com/"",""historical_referral_count"":47,""office_location_prospect_id"":""a078c1a3-9301-4047-91cb-6488ce47c5c2""}","2026-09-26 22:49:05.692295+00","2026-09-28 17:18:46.615544+00",,,,"[""historical_identity_needs_reconciliation""]",,"attorney:niamehr",,"40.7070527","-74.0101215","2026-09-28 17:14:57.121+00"
"","b9145448-640b-432d-8d13-e7b07dc22b46","Nicole Rengifo","Primary Care","PCP","Hudson Waterfront","Jersey City","196 Jewett Ave, Jersey City, NJ 07304","3","Adam","Prospect","active","HPO prospect import",,,,,"{""priority"":""A - Visit First"",""provider"":null,""vein_fit"":""High"",""next_step"":""Visit/call this week; confirm referral contact and drop approved material"",""source_row"":108,""source_sheet"":""All PCP-Vein Targets"",""visit_status"":""Need to Visit"",""route_cluster"":""Hudson Waterfront"",""priority_score"":11,""source_workbook"":""NJ_PCP_Vein_Target_List_by_HPO.xlsx"",""geocode_provider"":""census"",""closest_hpo_office"":""Hoboken"",""source_prospect_id"":""648c5a8a-2852-4c24-90f2-c3ccc764281e"",""original_fit_status"":""qualified"",""verification_status"":""partial"",""geocode_last_attempt"":""2026-09-28T16:32:29.354Z"",""imported_for_hpo_crm"":""2026-09-28""}","2026-09-28 17:05:37.624431+00","2026-09-28 17:05:37.624431+00",,,,"[""prospect"",""pcp""]","NJ_PCP_Vein_Target_List_by_HPO.xlsx#All PCP-Vein Targets","prospect:f1b2ba3b569343ebc87ca6b12a7bd95c",,"40.723734400008","-74.07501338438","2026-09-28 16:32:29.354+00"
"","1081f523-7b79-4865-a4bb-2fc20a6cc2b0","NJ Independent Internal Medicine","Primary Care","Internal Medicine","Ridgewood / Bergen-Passaic","Westwood","250 Old Hook Road, Suite 300, Westwood, NJ 07675","3","Adam","Prospect","active","HPO prospect import","Independent adult internist in a dense Westwood medical corridor; same-building efficiency with Dr. Chalabi.",,,,"{""source_prospect_id"":""4bdafbfe-8e55-4fc2-9901-3537e708d356"",""original_fit_status"":""qualified"",""verification_status"":""verified""}","2026-09-28 17:05:37.624431+00","2026-09-28 17:05:37.624431+00",,,,"[""prospect"",""pcp""]","Hudson_Pro_Ridgewood_Primary_Care_Prospects.xlsx#S038","prospect:45ed8fee362e68354a2d5765633388b4",,"40.9847885","-74.0148824","2026-09-28 16:47:44.489+00"
"","e8afc77f-7fb2-44d3-9262-4137822a3e78","NJ Medical Care","Primary Care","Internal Medicine / Primary Care","Ridgewood / Bergen-Passaic","Paramus","1 Sears Drive, Suite 402, Paramus, NJ 07652","3","Adam","Prospect","active","HPO prospect import","Two-physician adult PCP office in a high-volume medical building; strong referral fit without visible orthopedic or vein service overlap.",,,,"{""source_prospect_id"":""ac6e8afe-244c-4d59-99fc-ce1cd8a6b703"",""original_fit_status"":""qualified"",""verification_status"":""verified""}","2026-09-28 17:05:37.624431+00","2026-09-28 17:05:37.624431+00",,,,"[""prospect"",""pcp""]","Hudson_Pro_Ridgewood_Primary_Care_Prospects.xlsx#S006","prospect:74f3751f86c50167546d0dec27e68560",,"40.9539413","-74.070179","2026-09-28 16:46:56.919+00"
"","04e4d0ab-25c5-41e6-95c3-0c08fc2c980e","NJ Primary Care","Primary Care","Internal Medicine / Primary Care","Hoboken / Hudson Waterfront","Jersey City","200 Hudson Street, Suite 145, Jersey City, NJ 07311","3","Adam","Prospect","active","HPO prospect import","Two-PCP downtown office with long hours and a large commuter/adult panel; likely to generate musculoskeletal and vascular referrals.",,,,"{""rank"":3,""ownership"":""Independent-branded practice; RWJBH/St. Joseph affiliations, ownership not conclusively stated"",""physicians"":""Prahlad Gadhavi, MD; Deval Gadhvi, MD"",""source_sheet"":""Master Prospects"",""last_verified"":""2026-09-10"",""prospect_score"":10,""visit_priority"":""A"",""source_workbook"":""Hudson_Pro_Hoboken_Primary_Care_Prospects.xlsx"",""geocode_provider"":""census"",""suggested_contact"":""Practice manager or either physician"",""prior_visit_status"":""Net-new / no prior visit documented"",""source_prospect_id"":""846d728a-4b75-4a51-80d1-cb70aca2d5ec"",""original_fit_status"":""qualified"",""verification_status"":""verified"",""geocode_last_attempt"":""2026-09-28T16:30:43.002Z"",""imported_for_hpo_crm"":""2026-09-28""}","2026-09-28 17:05:37.624431+00","2026-09-28 17:05:37.624431+00",,,,"[""prospect"",""pcp""]","Hudson_Pro_Hoboken_Primary_Care_Prospects.xlsx#Master Prospects","prospect:78d59b9fe6105aed44ae34e3f095d3ed",,"40.71902393048","-74.033870162641","2026-09-28 16:30:43.002+00"
"","9f9ef444-1a2c-452d-ac70-744fa42876fd","NJ Primary Care","Primary Care","Primary Care",,"Jersey City","200 Hudson St, Suite 145, Jersey City, NJ","3","Adam","Prospect","archived","HPO prospect import","Area: Jersey City | Priority: Medium-High | Good Jersey City target. Verify independence before lunch. | Address Review: address present in uploaded list; verify official physical office before driving.",,,,"{""source_prospect_id"":""f444e02c-6d53-43ef-a25c-9dabf6e35612"",""original_fit_status"":""qualified"",""verification_status"":""partial"",""merged_into_account_id"":""04e4d0ab-25c5-41e6-95c3-0c08fc2c980e""}","2026-09-28 17:05:37.624431+00","2026-09-28 17:21:05.075966+00",,,,"[""prospect"",""pcp""]","RepMove_Import_Accounts_Address_Checked.xlsx#HPO-RM-022","prospect:4949ff277b30fd76cacf37fe986d24ae",,"40.7214526","-74.0697083","2026-09-28 16:48:55.212+00"
"","c42fd607-6572-430e-b99a-5f3da65de1d6","NJ Primary CAre","Primary Care","PCP","Newark / Essex","West Orange","41 Pleasant Valley Way, Suite 200, West Orange, NJ 07052","3","Adam","Prospect","active","HPO prospect import",,,,,"{""priority"":""B - Strong Target"",""provider"":""NJ Primary Care"",""vein_fit"":""High"",""next_step"":""Add to route; call first and schedule quick drop-in"",""source_row"":258,""source_sheet"":""All PCP-Vein Targets"",""visit_status"":""Need to Visit"",""route_cluster"":""Newark / Essex"",""priority_score"":9,""source_workbook"":""NJ_PCP_Vein_Target_List_by_HPO.xlsx"",""geocode_provider"":""census"",""closest_hpo_office"":""Newark"",""source_prospect_id"":""75bd0921-bae7-486a-913f-96864a161e93"",""original_fit_status"":""qualified"",""verification_status"":""partial"",""geocode_last_attempt"":""2026-09-28T16:33:20.335Z"",""imported_for_hpo_crm"":""2026-09-28""}","2026-09-28 17:05:37.624431+00","2026-09-28 17:05:37.624431+00",,,,"[""prospect"",""pcp""]","NJ_PCP_Vein_Target_List_by_HPO.xlsx#All PCP-Vein Targets","prospect:a03146b4b54eb85c98d96b09515fb26e",,"40.822927760205","-74.251707303054","2026-09-28 16:33:20.336+00"
"","3e71151b-e7ee-458a-8551-0af6eb7b1fcc","Northeast Bergen Family Medicine","Primary Care","Family Medicine",,"North Bergen","7919 JFK Blvd, North Bergen, NJ","4","Adam","Prospect","active","HPO prospect import","Area: North Bergen | Priority: Medium | Good PCP target. Verify ownership and referral freedom. | Address Review: address present in uploaded list; verify official physical office before driving.",,,,"{""tags"":""Medium; Family Medicine; North Bergen"",""reference"":""HPO-RM-050"",""source_workbook"":""RepMove_Import_Accounts_Address_Checked.xlsx"",""internal_priority"":4,""source_prospect_id"":""a8345aca-9357-42f3-9f22-1dfe23a25139"",""original_fit_status"":""qualified"",""verification_status"":""partial""}","2026-09-28 17:05:37.624431+00","2026-09-28 17:05:37.624431+00",,,,"[""prospect"",""pcp""]","RepMove_Import_Accounts_Address_Checked.xlsx#HPO-RM-050","prospect:f6a041dbd24b82c691293e542da222e1",,"40.804034016249","-74.011366195047","2026-09-28 16:55:32.937+00"
"","d02eb2e4-67fe-455a-8d0f-61e7ee3d100a","Nuvana Health Clinic","Primary Care","Primary Care / Urgent Care / Aesthetics","Hoboken / Hudson Waterfront","North Bergen","2123 John F. Kennedy Boulevard, North Bergen, NJ 07047","3","Adam","Prospect","active","HPO prospect import","Operational and accessible, but urgent-care/aesthetic mix and limited provider depth make it a secondary target.",,,,"{""rank"":57,""ownership"":""Independent clinician-led clinic"",""physicians"":""Katherine Foley, FNP"",""source_sheet"":""Master Prospects"",""last_verified"":""2026-09-10"",""prospect_score"":4,""visit_priority"":""C"",""source_workbook"":""Hudson_Pro_Hoboken_Primary_Care_Prospects.xlsx"",""geocode_provider"":""photon"",""suggested_contact"":""Clinic manager or Katherine Foley"",""prior_visit_status"":""Net-new / no prior visit documented"",""source_prospect_id"":""b65501d8-b2de-4bd7-8a7f-60a613aca1f7"",""original_fit_status"":""qualified"",""verification_status"":""verified"",""geocode_last_attempt"":""2026-09-28T16:31:31.213Z"",""imported_for_hpo_crm"":""2026-09-28""}","2026-09-28 17:05:37.624431+00","2026-09-28 17:05:37.624431+00",,,,"[""prospect"",""pcp""]","Hudson_Pro_Hoboken_Primary_Care_Prospects.xlsx#Master Prospects","prospect:20ce4fc15b43b1cb94e546b370b23833",,"40.8097096","-74.001636","2026-09-28 16:31:31.213+00"
"","9908f596-2a89-4515-8faf-b02920aabb51","O’Connor, Parsons, Lane & Noble, LLC","Attorney","Plaintiff PI/medical malpractice: auto, catastrophic injury, wrongful death and professional negligence","Union Territory","Springfield","959 S Springfield Ave, 2nd Floor, Springfield, NJ 07081","5","Adam","Prospect","active","HPO prospect import","High-caliber plaintiff trial firm with serious-injury work, a named managing partner and a substantial Springfield office. Firm size: Midsize litigation firm; 10+ attorneys plus staff. Office hours: Office hours not published; call ahead.",,,,"{""rank"":19,""non_phi"":true,""prospect_score"":9,""source_file_id"":""file_000000005f4c81f5b7d67b245ceeba41"",""visit_priority"":""A — visit first"",""internal_priority"":5,""primary_attorneys"":""Paul A. O’Connor III; Scott A. Parsons; William R. Lane; Gregory B. Noble"",""source_prospect_id"":""d50e01af-7e15-4f66-964c-5e4a0db576c4"",""original_fit_status"":""qualified"",""verification_status"":""verified"",""approx_distance_from_hpo"":""Approx. 4–6 driving mi""}","2026-09-28 17:05:37.624431+00","2026-09-28 17:05:37.624431+00",,,,"[""prospect"",""attorney""]","Hudson_Pro_North_Jersey_PI_Prospects.xlsx#Master75-rank-19","prospect:ee815737bb4a30aa87f111d823c74638",,"40.6850837","-74.3240871","2026-09-28 03:58:51.7+00"
"","1dfc0b84-002c-4fe9-a6e6-f0b5e7af15e0","Oakland Spine/PT","Primary Care","PCP","Bergen / Passaic","Fair Lawn","20-19 Fairlawn Ave Fairlawn, NJ","3","Adam","Prospect","active","HPO prospect import",,,,,"{""priority"":""B - Strong Target"",""provider"":""Dr. Butler"",""vein_fit"":""High"",""next_step"":""Add to route; call first and schedule quick drop-in"",""source_row"":80,""source_sheet"":""All PCP-Vein Targets"",""visit_status"":""Need to Visit"",""route_cluster"":""Bergen / Passaic"",""priority_score"":9,""source_workbook"":""NJ_PCP_Vein_Target_List_by_HPO.xlsx"",""geocode_provider"":""census"",""closest_hpo_office"":""Ridgewood"",""source_prospect_id"":""43eab46d-076f-4779-b192-bf826368d91f"",""original_fit_status"":""qualified"",""verification_status"":""partial"",""geocode_last_attempt"":""2026-09-28T16:33:54.652Z"",""imported_for_hpo_crm"":""2026-09-28""}","2026-09-28 17:05:37.624431+00","2026-09-28 17:05:37.624431+00",,,,"[""prospect"",""pcp""]","NJ_PCP_Vein_Target_List_by_HPO.xlsx#All PCP-Vein Targets","prospect:486074e2862c749ab729eabc14b2f58c",,"40.9212514127","-74.102598196099","2026-09-28 16:33:54.652+00"
"","19f34733-7f75-4e71-9d24-55affc7081e2","Onal Injury Law","Attorney","PI-only: auto, truck, motorcycle, pedestrian, premises and serious injury","Ridgewood Territory","Elmwood Park","619 River Dr, Suite 340A, Elmwood Park, NJ 07407","4","Adam","Prospect","active","HPO prospect import","Well-reviewed PI-only boutique with direct owner access and a convenient Bergen/Passaic location. Firm size: Solo-led boutique with support staff. Office hours: Office hours not published; 24/7 intake—call ahead.",,,,"{""rank"":47,""non_phi"":true,""prospect_score"":8.2,""source_file_id"":""file_000000005f4c81f5b7d67b245ceeba41"",""visit_priority"":""B — worthwhile prospect"",""internal_priority"":4,""primary_attorneys"":""John Onal"",""source_prospect_id"":""2a7b2906-ee35-4662-9cf2-8a17ba0ef136"",""original_fit_status"":""qualified"",""verification_status"":""verified"",""approx_distance_from_hpo"":""Approx. 10–12 driving mi""}","2026-09-28 17:05:37.624431+00","2026-09-28 17:05:37.624431+00",,,,"[""prospect"",""attorney""]","Hudson_Pro_North_Jersey_PI_Prospects.xlsx#Master75-rank-47","prospect:0987428e2e6315a7e4731bf1d1c93c36",,"40.8987738","-74.1251534","2026-09-27 01:46:03.663+00"
"","39fa0c24-095b-4992-afd3-b5d41f4995f1","One Medical — Edgewater","Primary Care","Membership Primary Care","Hoboken / Hudson Waterfront","Edgewater","27 Edgewater Towne Center, Edgewater, NJ 07020","3","Adam","Prospect","active","HPO prospect import","Attractive membership panel but already touched and governed by corporate referral workflows; follow up through operations/care navigation.

Last field visit 9/3/2026: office was busy; left cards/materials.","2026-09-03 12:00:00+00","Follow up through office operations/care navigation",,"{""rank"":49,""ownership"":""One Medical / Amazon; local HMH clinical affiliation"",""physicians"":""Rutul Amin, DO; Jennifer Trela, MD; Birju Rao, PA"",""visit_note"":""Office busy; left cards/materials."",""source_sheet"":""Master Prospects"",""last_verified"":""2026-09-10"",""prospect_score"":6,""visit_priority"":""C"",""source_workbook"":""Hudson_Pro_Hoboken_Primary_Care_Prospects.xlsx"",""geocode_provider"":""photon"",""last_field_visit"":""2026-09-03"",""suggested_contact"":""Office/operations manager or care navigator"",""prior_visit_status"":""Previously visited — cards left; office was busy; follow-up only"",""source_prospect_id"":""37504a0f-4075-4f12-b257-080b0cf04000"",""original_fit_status"":""qualified"",""verification_status"":""verified"",""geocode_last_attempt"":""2026-09-28T16:31:24.627Z"",""imported_for_hpo_crm"":""2026-09-28""}","2026-09-28 17:05:37.624431+00","2026-09-28 17:12:50.606606+00",,,,"[""prospect"",""pcp""]","Hudson_Pro_Hoboken_Primary_Care_Prospects.xlsx#Master Prospects","prospect:da6dba40a27eed82171e4d37d68986a1",,"40.8182622","-73.9771107","2026-09-28 16:31:24.627+00"
"","4d209519-d9c3-4cd1-9187-88346a127bd9","One Medical — Jersey City","Primary Care","Membership Primary Care","Hoboken / Hudson Waterfront","Jersey City","371 Warren Street, Jersey City, NJ 07302","3","Adam","Prospect","active","HPO prospect import","High-income downtown membership panel and strong musculoskeletal demand, but centralized referral systems may limit local discretion.",,,,"{""rank"":39,""ownership"":""One Medical / Amazon; local HMH clinical affiliation"",""physicians"":""Mai Patel, PA; Monika Rozumilowicz, ANP-C; Lindsay Stagg, PA-C"",""source_sheet"":""Master Prospects"",""last_verified"":""2026-09-10"",""prospect_score"":6,""visit_priority"":""B"",""source_workbook"":""Hudson_Pro_Hoboken_Primary_Care_Prospects.xlsx"",""geocode_provider"":""census"",""suggested_contact"":""Office/operations manager or care navigator"",""prior_visit_status"":""Net-new / no prior visit documented"",""source_prospect_id"":""5e8f5e15-26dc-447e-afe5-9f39e440ca9e"",""original_fit_status"":""qualified"",""verification_status"":""verified"",""geocode_last_attempt"":""2026-09-28T16:30:54.247Z"",""imported_for_hpo_crm"":""2026-09-28""}","2026-09-28 17:05:37.624431+00","2026-09-28 17:05:37.624431+00",,,,"[""prospect"",""pcp""]","Hudson_Pro_Hoboken_Primary_Care_Prospects.xlsx#Master Prospects","prospect:65028675d122ccd9fdfab9ad87e91bcd",,"40.72085142879","-74.038379462162","2026-09-28 16:30:54.247+00"
"","139fe133-e029-4441-8146-c1235cc99e09","Open MRI 17","Imaging",,,"Paramus","34 N Route 17, Paramus, NJ 07652","4","Adam","active","active","relationship_history","Imaging relationship; Emelin is a known contact. Keep patient-identifying scheduling details out of HPO relationship intelligence.","2026-09-21 16:00:00+00","Continue relationship follow-through",,"{""non_phi"":true,""address_verified_at"":""2026-09-28T17:05:41.979755+00:00"",""address_verified_source"":""https://openmri17.com/contact-us/""}","2026-09-26 22:49:05.692295+00","2026-09-28 17:18:46.615544+00",,,,"[""imaging_partner"",""non_phi_only""]",,"imaging:open-mri-17",,"40.9421573","-74.0716425","2026-09-28 17:14:58.77+00"
"","fc32411e-25a8-480f-8c26-ab1bb91f5db1","Optum Primary Care — Bayonne","Primary Care","Internal Medicine / Primary Care","Hoboken / Hudson Waterfront","Bayonne","191 Lefante Way, Suite C, Bayonne, NJ 07002","3","Adam","Prospect","active","HPO prospect import","Meaningful volume but longer drive and corporate pathways make it a secondary Bayonne stop.",,,,"{""rank"":52,""ownership"":""Optum corporate medical group"",""physicians"":""Leonor Vivas Ramos, MD; Marwan Assaleh, MD; Rey Ramos, MD; Eyriney Azer, PA; Liljana Spidle, PA; Maria Arce-Fung, APN"",""source_sheet"":""Master Prospects"",""last_verified"":""2026-09-10"",""prospect_score"":5,""visit_priority"":""C"",""source_workbook"":""Hudson_Pro_Hoboken_Primary_Care_Prospects.xlsx"",""geocode_provider"":""census"",""suggested_contact"":""Site manager or referral coordinator"",""prior_visit_status"":""Net-new / no prior visit documented"",""source_prospect_id"":""4b3a6b65-ccd6-4fbb-b527-92618f20822b"",""original_fit_status"":""qualified"",""verification_status"":""verified"",""geocode_last_attempt"":""2026-09-28T16:31:24.780Z"",""imported_for_hpo_crm"":""2026-09-28""}","2026-09-28 17:05:37.624431+00","2026-09-28 17:05:37.624431+00",,,,"[""prospect"",""pcp""]","Hudson_Pro_Hoboken_Primary_Care_Prospects.xlsx#Master Prospects","prospect:587b72c8d95f4b5f9ece4a3b403186c9",,"40.667446273411","-74.106120176942","2026-09-28 16:31:24.78+00"
"","d4dc0fcb-6d7a-453d-8f62-24cb881775b8","Optum Primary Care — Edgewater","Primary Care","Family Medicine / Internal Medicine / Primary Care","Hoboken / Hudson Waterfront","Edgewater","935 River Road, Suite 301, Edgewater, NJ 07020","3","Adam","Prospect","active","HPO prospect import","High-volume office but already touched and likely to use internal Optum pathways; pursue only a targeted referral-coordinator follow-up.",,,,"{""rank"":50,""ownership"":""Optum corporate medical group"",""physicians"":""Justin Brackenrich, DO; Elizabeth Simon, DO; Irida Suarez, FNP; Heather Hyon, PA"",""source_sheet"":""Master Prospects"",""last_verified"":""2026-09-10"",""prospect_score"":6,""visit_priority"":""C"",""source_workbook"":""Hudson_Pro_Hoboken_Primary_Care_Prospects.xlsx"",""geocode_provider"":""census"",""suggested_contact"":""Site manager or referral coordinator"",""prior_visit_status"":""Previously visited — cards left; office was busy; follow-up only"",""source_prospect_id"":""0efd3347-2254-4366-a53d-38cc03d18726"",""original_fit_status"":""qualified"",""verification_status"":""verified"",""geocode_last_attempt"":""2026-09-28T16:31:19.311Z"",""imported_for_hpo_crm"":""2026-09-28""}","2026-09-28 17:05:37.624431+00","2026-09-28 17:05:37.624431+00",,,,"[""prospect"",""pcp""]","Hudson_Pro_Hoboken_Primary_Care_Prospects.xlsx#Master Prospects","prospect:f64b2baf0d4b30a45eb4b3a13bfae92c",,"40.826918483999","-73.973433647323","2026-09-28 16:31:19.311+00"
"","5f13b323-59aa-4038-a429-c50ed15927ae","Optum Primary Care — Hoboken Bloomfield Street","Primary Care","Family Medicine / Primary Care","Hoboken / Hudson Waterfront","Hoboken","1425 Bloomfield Street, Hoboken, NJ 07030","3","Adam","Prospect","active","HPO prospect import","Very close and high volume, but corporate and on-site specialty channels make it a lower-conversion account.",,,,"{""rank"":51,""ownership"":""Optum corporate multispecialty center"",""physicians"":""Varun Malik, DO; Saumya Valasareddi, DO; Liljana Spidle, PA; Yilenny Duran, FNP; Erik Marulanda, PA"",""source_sheet"":""Master Prospects"",""last_verified"":""2026-09-10"",""prospect_score"":6,""visit_priority"":""C"",""source_workbook"":""Hudson_Pro_Hoboken_Primary_Care_Prospects.xlsx"",""geocode_provider"":""census"",""suggested_contact"":""Site manager or referral coordinator"",""prior_visit_status"":""Net-new / no prior visit documented"",""source_prospect_id"":""2e433e86-2682-47c0-9f0b-5970ee95187f"",""original_fit_status"":""qualified"",""verification_status"":""verified"",""geocode_last_attempt"":""2026-09-28T16:31:19.297Z"",""imported_for_hpo_crm"":""2026-09-28""}","2026-09-28 17:05:37.624431+00","2026-09-28 17:05:37.624431+00",,,,"[""prospect"",""pcp""]","Hudson_Pro_Hoboken_Primary_Care_Prospects.xlsx#Master Prospects","prospect:ec6fcbb3d212125781898f1967effff9",,"40.753539640144","-74.026760686621","2026-09-28 16:31:19.297+00"
"","baeee475-11c5-4c1a-aefe-1eefdc476116","Optum Primary Care — Jersey City","Primary Care","Internal Medicine / Primary Care","Hoboken / Hudson Waterfront","Jersey City","33 Hudson Street, Jersey City, NJ 07302","3","Adam","Prospect","active","HPO prospect import","Strong volume and long hours, but corporate referral patterns reduce the odds of a local relationship changing behavior.",,,,"{""rank"":40,""ownership"":""Optum corporate medical group"",""physicians"":""Muhammad Ahmad, MD; Bhavik Patel, MD; Zahia Zhort, NP"",""source_sheet"":""Master Prospects"",""last_verified"":""2026-09-10"",""prospect_score"":6,""visit_priority"":""B"",""source_workbook"":""Hudson_Pro_Hoboken_Primary_Care_Prospects.xlsx"",""geocode_provider"":""census"",""suggested_contact"":""Site manager or referral coordinator"",""prior_visit_status"":""Net-new / no prior visit documented"",""source_prospect_id"":""b49280f9-28c5-4bf3-916f-f67dbacd4b27"",""original_fit_status"":""qualified"",""verification_status"":""verified"",""geocode_last_attempt"":""2026-09-28T16:31:06.853Z"",""imported_for_hpo_crm"":""2026-09-28""}","2026-09-28 17:05:37.624431+00","2026-09-28 17:05:37.624431+00",,,,"[""prospect"",""pcp""]","Hudson_Pro_Hoboken_Primary_Care_Prospects.xlsx#Master Prospects","prospect:36604a084b244ee49a1df4cd67c14ffe",,"40.712838162577","-74.034878219036","2026-09-28 16:31:06.853+00"
"","f18f57b9-bfdf-4c7a-a0b6-10c83d1d7da4","Osteopathic Family Medicine of Northern New Jersey","Primary Care","Family Medicine / Osteopathic Primary Care","Ridgewood / Bergen-Passaic","Wyckoff","541 Cedar Hill Avenue, 2nd Floor, Wyckoff, NJ 07481","3","Adam","Prospect","active","HPO prospect import","Small independent team and osteopathic orientation make musculoskeletal referrals especially relevant; same-building stop with Broadway Wellness.",,,,"{""source_prospect_id"":""98d63d64-0d3b-4b49-9ce5-98b1a79b13cd"",""original_fit_status"":""qualified"",""verification_status"":""verified""}","2026-09-28 17:05:37.624431+00","2026-09-28 17:05:37.624431+00",,,,"[""prospect"",""pcp""]","Hudson_Pro_Ridgewood_Primary_Care_Prospects.xlsx#S017","prospect:366afc0a52dfc642523b966bd7be223d",,"41.0104597","-74.1727451","2026-09-28 16:47:15.209+00"
"","da85c585-a66a-42c9-8714-aaab4876ede1","Paging Dr. Neil","Primary Care","Concierge Primary Care",,"Jersey City","69 Montgomery St, Jersey City, NJ","3","Adam","Prospect","active","HPO prospect import","Area: Jersey City / Hoboken | Priority: High | Strong Hudson County target. Concierge/direct access model. | Address Review: address present in uploaded list; verify official physical office before driving.",,,,"{""source_prospect_id"":""ab72eda7-bdac-423d-9406-803d1acdf769"",""original_fit_status"":""qualified"",""verification_status"":""partial""}","2026-09-28 17:05:37.624431+00","2026-09-28 17:05:37.624431+00",,,,"[""prospect"",""pcp""]","RepMove_Import_Accounts_Address_Checked.xlsx#HPO-RM-025","prospect:6982fca5a9983f7a778186c27bb64248",,"40.718738","-74.0484512","2026-09-28 16:48:55.081+00"
"","48f17ec5-720e-45b7-82b6-e85f97c27a86","Parangi Medical","Primary Care","Internal Medicine / Primary Care","Ridgewood / Bergen-Passaic","Paramus","9 Yale Court, Paramus, NJ 07652","3","Adam","Prospect","active","HPO prospect import","Independent adult PCP with on-site lab and clear outside-specialist referral need; convenient Paramus route and likely direct access to physician/staff.",,,,"{""source_prospect_id"":""498f7792-89a7-4849-9050-fd890025a18d"",""original_fit_status"":""qualified"",""verification_status"":""verified""}","2026-09-28 17:05:37.624431+00","2026-09-28 17:05:37.624431+00",,,,"[""prospect"",""pcp""]","Hudson_Pro_Ridgewood_Primary_Care_Prospects.xlsx#S003","prospect:c0bb5e08d5d7c8ad41fd662a0c5d652c",,"40.9355117","-74.050287","2026-09-28 16:46:52.836+00"
"","4b362482-768d-4856-8b47-812298938746","Parra Klein","Attorney",,,"Elmwood Park","89 US-46, Elmwood Park, NJ 07407","5","Adam","prospecting","active","field_visit_2026-09-22","9/22 field visit: attorney Arlene was in a deposition; front desk accepted HPO information and said they would notify her.","2026-09-22 16:00:00+00","Follow up with office",,"{""non_phi"":true,""source_date"":""2026-09-22""}","2026-09-26 22:49:05.692295+00","2026-09-28 17:18:46.615544+00",,,,"[""field_prospect"",""A_plus""]",,"attorney:parra-klein",,"40.9074237","-74.1183543","2026-09-27 01:45:56.351+00"
"","83d4176b-5b4e-4d1a-9e01-038c3118e5d4","Pascack Valley Medical Group Primary Care — Montvale","Primary Care","Internal Medicine / Primary Care","Ridgewood / Bergen-Passaic","Montvale","305 West Grand Avenue, Suite 200, Montvale, NJ 07645","3","Adam","Prospect","active","HPO prospect import","Staffed multi-provider office with significant patient volume in the Montvale cluster.",,,,"{""source_prospect_id"":""1a96a7d0-5b0e-4e21-a4fa-04f3a6a058d8"",""original_fit_status"":""qualified"",""verification_status"":""verified""}","2026-09-28 17:05:37.624431+00","2026-09-28 17:05:37.624431+00",,,,"[""prospect"",""pcp""]","Hudson_Pro_Ridgewood_Primary_Care_Prospects.xlsx#S060","prospect:b9949c4e70b439e8ac00ba7ec0851993",,"41.0551573","-74.0636706","2026-09-28 16:48:15.36+00"
"","811c3099-79a1-41b7-81d5-2ddead507f18","Patient Care Center","Primary Care","Internal Medicine / Primary Care","Ridgewood / Bergen-Passaic","Paramus","6 Forest Avenue, Suite 101, Paramus, NJ 07652","3","Adam","Prospect","active","HPO prospect import","Independent adult primary care with a long local track record, broad medical needs and direct physician access.",,,,"{""source_prospect_id"":""e2a9a66d-d9f5-4783-b03d-21b9c9b440d5"",""original_fit_status"":""qualified"",""verification_status"":""verified""}","2026-09-28 17:05:37.624431+00","2026-09-28 17:05:37.624431+00",,,,"[""prospect"",""pcp""]","Hudson_Pro_Ridgewood_Primary_Care_Prospects.xlsx#S004","prospect:7a0683eef3bde2d2b0bcc881d0f3b0f4",,"40.917161","-74.0539768","2026-09-28 16:46:58.021+00"
"","4dbd5841-da01-4243-b3ab-720fe0927e83","Paul C. Teodoro, MD","Primary Care","Family Medicine","Hoboken / Hudson Waterfront","Hoboken","422 Grand Street, Hoboken, NJ 07030","3","Adam","Prospect","active","HPO prospect import","Long-established solo family physician very close to HPO; direct relationship potential is high if the limited walk-in window is respected.",,,,"{""rank"":17,""ownership"":""Independent physician practice"",""physicians"":""Paul C. Teodoro, MD"",""source_sheet"":""Master Prospects"",""last_verified"":""2026-09-10"",""prospect_score"":8,""visit_priority"":""A"",""source_workbook"":""Hudson_Pro_Hoboken_Primary_Care_Prospects.xlsx"",""geocode_provider"":""census"",""suggested_contact"":""Dr. Teodoro or receptionist"",""prior_visit_status"":""Net-new / no prior visit documented"",""source_prospect_id"":""9acc104f-d93d-432c-9996-649e7a60b809"",""original_fit_status"":""qualified"",""verification_status"":""verified"",""geocode_last_attempt"":""2026-09-28T16:30:54.246Z"",""imported_for_hpo_crm"":""2026-09-28""}","2026-09-28 17:05:37.624431+00","2026-09-28 17:05:37.624431+00",,,,"[""prospect"",""pcp""]","Hudson_Pro_Hoboken_Primary_Care_Prospects.xlsx#Master Prospects","prospect:f13e630c7c37e64ebc37e1e24562fe53",,"40.742449241916","-74.035225377834","2026-09-28 16:30:54.246+00"
"","b1b49d9e-dd8b-4f8a-aa9a-058488a0501d","PCN Medical Group","Primary Care","Internal Medicine / Family Medicine","Ridgewood / Bergen-Passaic","Montvale","221 West Grand Avenue, Suite 105, Montvale, NJ 07645","3","Adam","Prospect","active","HPO prospect import","Two-doctor primary-care group with long hours and a sizeable local review footprint; strong potential volume in the north Bergen cluster.",,,,"{""source_prospect_id"":""ec80ffc9-cfd9-423b-812a-b27be5142f1f"",""original_fit_status"":""qualified"",""verification_status"":""verified""}","2026-09-28 17:05:37.624431+00","2026-09-28 17:05:37.624431+00",,,,"[""prospect"",""pcp""]","Hudson_Pro_Ridgewood_Primary_Care_Prospects.xlsx#S009","prospect:81e10555ab88e7cbedca8c74ac5638dd",,"41.0500258","-74.0523808","2026-09-28 16:47:02.496+00"
"","82932cbe-2c08-435c-8e67-dc17324417d5","Pedro Pereira, MD","Primary Care","Internal Medicine","Ridgewood / Bergen-Passaic","Oakland","9 Post Road, Suite D7, Oakland, NJ 07436","3","Adam","Prospect","active","HPO prospect import","Independent adult internist in an underserved west-Bergen route with no visible in-house specialist overlap.",,,,"{""source_prospect_id"":""9b9be5a9-ce79-4947-9669-71e12ea53542"",""original_fit_status"":""qualified"",""verification_status"":""partial""}","2026-09-28 17:05:37.624431+00","2026-09-28 17:05:37.624431+00",,,,"[""prospect"",""pcp""]","Hudson_Pro_Ridgewood_Primary_Care_Prospects.xlsx#S039","prospect:58cd65961e8f4008fe49e3163d99b986",,"41.0146067","-74.2543922","2026-09-28 16:47:48.388+00"
"","461b1eac-0a97-4cd9-9c13-212c0c78ae5d","Peter Davis Law","Attorney",,,,,"5","Bilal","active","active","historical_referral_aggregate","Historical referral source. Account ownership exclusion for Adam: handled by Bilal.",,,,"{""non_phi"":true,""count_scope"":""historical aggregate; period not supplied"",""historical_referral_count"":65}","2026-09-26 22:49:05.692295+00","2026-09-28 17:18:46.615544+00",,,,"[""exclude_from_adam_route"",""major_sender"",""owned_by_bilal""]",,"attorney:peter-davis-law",,,,
"","f2386ff4-a421-4eee-944b-3be2e1845f7f","Peter Michael Law","Attorney",,,"Union","1191 Morris Ave, Union, NJ 07083","5","Adam","Prospect","active","HPO prospect import","Warm/current HPO attorney relationship location from referral drop-off route plan.",,,,"{""source_workbook"":""HPO_Referral_Dropoff_Route_Plan.xlsx"",""internal_priority"":5,""warm_relationship"":true,""source_prospect_id"":""101062ff-742f-4167-b227-c50aad4ab700"",""original_fit_status"":""qualified"",""verification_status"":""partial""}","2026-09-28 17:05:37.624431+00","2026-09-28 17:05:37.624431+00",,,,"[""prospect"",""attorney""]","HPO_Referral_Dropoff_Route_Plan.xlsx#Attorneys-Drop-Off","prospect:79ee77e5098ee0d7d3956762ba242dd0",,"40.686274464994","-74.240133658697","2026-09-28 16:57:24.654+00"
"","b3163784-5c62-4e4f-978d-d0f08e5cefb4","Peter Michael Law, LLC","Attorney","PI-only: auto/PIP, truck, motorcycle, pedestrian, premises and serious injury","Hoboken Territory","Jersey City","567 Summit Ave, Jersey City, NJ 07306","5","Adam","Prospect","active","HPO prospect import","High-volume local PI practice; site directly discusses helping clients obtain medical care, making orthopedic access and documentation highly relevant. Firm size: Boutique PI firm; about 2 attorneys plus support staff. Office hours: Office hours not published; call ahead.",,,,"{""rank"":1,""non_phi"":true,""prospect_score"":10,""source_file_id"":""file_000000005f4c81f5b7d67b245ceeba41"",""visit_priority"":""A — visit first"",""internal_priority"":5,""primary_attorneys"":""Peter Michael"",""source_prospect_id"":""f9c2d2b8-f8c5-4da7-8d71-25cfd7cfcf9c"",""original_fit_status"":""qualified"",""verification_status"":""verified"",""approx_distance_from_hpo"":""Approx. 4–6 driving mi""}","2026-09-28 17:05:37.624431+00","2026-09-28 17:05:37.624431+00",,,,"[""prospect"",""attorney""]","Hudson_Pro_North_Jersey_PI_Prospects.xlsx#Master75-rank-1","prospect:2c51f04d1e1b24a35d07fbee14d981fd",,"40.7381779","-74.0589609","2026-09-27 01:45:56.381+00"
"","8b001dc3-f8f4-4cc0-ad9e-04e7e2de9708","Peter Scivoletti, MD","Primary Care","Internal Medicine","Ridgewood / Bergen-Passaic","Paramus","760 Paramus Road, Paramus, NJ 07652","3","Adam","Prospect","active","HPO prospect import","Independent adult internist near the core route with no visible in-house orthopedic or vein offering.",,,,"{""source_prospect_id"":""5b667258-6dab-43e5-bcbe-227963934e86"",""original_fit_status"":""qualified"",""verification_status"":""partial""}","2026-09-28 17:05:37.624431+00","2026-09-28 17:05:37.624431+00",,,,"[""prospect"",""pcp""]","Hudson_Pro_Ridgewood_Primary_Care_Prospects.xlsx#S032","prospect:73698b1af321ef3125442c8c32f28e98",,"40.9555011","-74.0954368","2026-09-28 16:47:35.016+00"
"","e97e1094-679b-40f9-ab39-b29e1d21d2c2","Philip Estrada","Primary Care","PCP","Hudson Waterfront","Union City","407 39th St, Union City, NJ 07087","3","Adam","Prospect","active","HPO prospect import",,,,,"{""priority"":""A - Visit First"",""provider"":null,""vein_fit"":""High"",""next_step"":""Visit/call this week; confirm referral contact and drop approved material"",""source_row"":255,""source_sheet"":""All PCP-Vein Targets"",""visit_status"":""Need to Visit"",""route_cluster"":""Hudson Waterfront"",""priority_score"":10,""source_workbook"":""NJ_PCP_Vein_Target_List_by_HPO.xlsx"",""geocode_provider"":""census"",""closest_hpo_office"":""Hoboken"",""source_prospect_id"":""16f5f2b2-e3b1-4a16-b88c-93303346fe8d"",""original_fit_status"":""qualified"",""verification_status"":""partial"",""geocode_last_attempt"":""2026-09-28T16:32:30.291Z"",""imported_for_hpo_crm"":""2026-09-28""}","2026-09-28 17:05:37.624431+00","2026-09-28 17:05:37.624431+00",,,,"[""prospect"",""pcp""]","NJ_PCP_Vein_Target_List_by_HPO.xlsx#All PCP-Vein Targets","prospect:74af32fc0b7065531c0c71c4cb3416ee",,"40.775240120894","-74.025412282815","2026-09-28 16:32:30.291+00"
"","42be1a77-9e89-444a-b2da-9365a38dca8a","Physician Specialists of Northern Jersey","Primary Care","Primary Care within Pulmonary/Sleep Multispecialty Group","Ridgewood / Bergen-Passaic","Paramus","1 Sears Drive, Suite 306, Paramus, NJ 07652","3","Adam","Prospect","active","HPO prospect import","Staffed multi-provider office with primary care and likely meaningful adult volume; a practical same-building Paramus call.",,,,"{""source_prospect_id"":""a18e0bfe-5c7e-409f-bca3-b27ff4eaa1a0"",""original_fit_status"":""qualified"",""verification_status"":""verified""}","2026-09-28 17:05:37.624431+00","2026-09-28 17:05:37.624431+00",,,,"[""prospect"",""pcp""]","Hudson_Pro_Ridgewood_Primary_Care_Prospects.xlsx#S041","prospect:c0892c6595741a3645a25b13964b5807",,"40.9539413","-74.070179","2026-09-28 16:47:48.615+00"
"","ebd7d97d-a077-4f63-8920-7ef7cf12fc94","Piccolo Law Firm, LLC","Attorney","PI-heavy: auto, truck, premises, workplace injury and workers’ compensation","Newark Territory","Newark","119–137 Clifford St, Suite 103, Newark, NJ 07105","5","Adam","Prospect","active","HPO prospect import","Close, walkable Newark location and a solo decision-maker handling auto and slip/fall work. Firm size: Solo-led practice with support staff. Office hours: Mon–Thu 9:30 AM–6:30 PM; Fri unknown.",,,,"{""rank"":25,""non_phi"":true,""prospect_score"":8.8,""source_file_id"":""file_000000005f4c81f5b7d67b245ceeba41"",""visit_priority"":""A — visit first"",""internal_priority"":5,""primary_attorneys"":""Walter P. Piccolo"",""source_prospect_id"":""a21bea49-59d6-4f8a-a2e4-61c50731aee4"",""original_fit_status"":""qualified"",""verification_status"":""verified"",""approx_distance_from_hpo"":""Approx. 1–2 driving mi""}","2026-09-28 17:05:37.624431+00","2026-09-28 17:05:37.624431+00",,,,"[""prospect"",""attorney""]","Hudson_Pro_North_Jersey_PI_Prospects.xlsx#Master75-rank-25","prospect:2e5ac8db496de06f31eb51ab3cec9f2b",,"40.7188436","-74.1606891","2026-09-28 03:58:55.842+00"
"","2e3f5e08-448b-4267-8471-b434618d034d","Pinewood Family Care Co.","Primary Care","Direct Primary Care",,"Union","1057 Commerce Ave, Union, NJ","5","Adam","Prospect","active","HPO prospect import","Area: Union | Priority: High | Best HPO Union PCP target. DPC/OON-style signal. Likely not hospital-referral locked. | Address Review: address present in uploaded list; verify official physical office before driving.",,,,"{""tags"":""High; Direct Primary Care; Union"",""reference"":""HPO-RM-064"",""source_workbook"":""RepMove_Import_Accounts_Address_Checked.xlsx"",""internal_priority"":5,""source_prospect_id"":""a9b5f9be-598b-4493-aed3-2aff4e781f38"",""original_fit_status"":""qualified"",""verification_status"":""partial""}","2026-09-28 17:05:37.624431+00","2026-09-28 17:05:37.624431+00",,,,"[""prospect"",""pcp""]","RepMove_Import_Accounts_Address_Checked.xlsx#HPO-RM-064","prospect:630c9fa1b37af856c169ce8653cd66c1",,"40.700440976484","-74.280384686543","2026-09-28 16:55:32.864+00"
"","9d900a6c-d0e0-40fe-b466-3734a9e94f75","Pinewood Family Care Co. — Denville / Somerset Hills","Primary Care","Direct Primary Care",,"Bernardsville","139 Morristown Rd, Bernardsville, NJ 07924","3","Adam","Prospect","active","HPO prospect import","Area: Denville / Bernardsville | Priority: High | Strong HPO Morris Plains-area target because Pinewood lists Direct Primary Care services and a Denville office node. Their Somerset Hills DPC listing is accepting new patients. Verify exact Denville visit address before route planning. | Address Review: address present in uploaded list; verify official physical office before driving.",,,,"{""source_prospect_id"":""c30e432c-57cd-41b8-ba87-4875c9f4d044"",""original_fit_status"":""qualified"",""verification_status"":""partial""}","2026-09-28 17:05:37.624431+00","2026-09-28 17:05:37.624431+00",,,,"[""prospect"",""pcp""]","RepMove_Import_Accounts_Address_Checked.xlsx#HPO-RM-002","prospect:0e298fbf3bd386f730a182ca5401a3a7",,"40.7188811","-74.5633747","2026-09-28 16:48:41.286+00"
"","fd7ef65e-e665-47ef-b37f-5e7a259dc756","Piro, Zinna, Cifelli, Paris & Genitempo, LLC","Attorney","Full-service litigation with PI: auto, premises, products and serious injury","Newark Territory","Nutley","360 Passaic Ave, Nutley, NJ 07110","4","Adam","Prospect","active","HPO prospect import","Clearly staffed Nutley office and attorney depth; mixed practice means PI is less concentrated than higher-ranked targets. Firm size: About 14 attorneys at the Nutley office. Office hours: Office hours not published; call ahead.",,,,"{""rank"":70,""non_phi"":true,""prospect_score"":7.5,""source_file_id"":""file_000000005f4c81f5b7d67b245ceeba41"",""visit_priority"":""B — worthwhile prospect"",""internal_priority"":4,""primary_attorneys"":""Firm partner team"",""source_prospect_id"":""ab1e4aa7-f320-4969-bea8-59060b892c93"",""original_fit_status"":""qualified"",""verification_status"":""verified"",""approx_distance_from_hpo"":""Approx. 7–9 driving mi""}","2026-09-28 17:05:37.624431+00","2026-09-28 17:05:37.624431+00",,,,"[""prospect"",""attorney""]","Hudson_Pro_North_Jersey_PI_Prospects.xlsx#Master75-rank-70","prospect:22382e606452766bc5ea939078b15f46",,"40.8126858","-74.1567248","2026-09-27 01:46:08.036+00"
"","86672166-c7f1-4eef-a44d-517834521eab","Prevention Clinics","Primary Care","Internal Medicine / Primary Care","Ridgewood / Bergen-Passaic","Maywood","57 West Pleasant Avenue, Maywood, NJ 07607","3","Adam","Prospect","active","HPO prospect import","Three-provider practice with a prevention/chronic-care focus and enough staff to support repeat relationship building.",,,,"{""source_prospect_id"":""725728fb-b813-4ffb-934f-ae67b6b912fc"",""original_fit_status"":""qualified"",""verification_status"":""verified""}","2026-09-28 17:05:37.624431+00","2026-09-28 17:05:37.624431+00",,,,"[""prospect"",""pcp""]","Hudson_Pro_Ridgewood_Primary_Care_Prospects.xlsx#S028","prospect:6cf2ee024d9ff64a99496b45026857a2",,"40.9046822","-74.0628308","2026-09-28 16:47:24.779+00"
"","c11a4a67-a934-437f-b5a7-c0a98c3d6b22","Preventive & Diagnostic Medical Center","Primary Care","Internal Medicine / Primary Care","Ridgewood / Bergen-Passaic","Ramsey","27 South Franklin Turnpike, Suite 201, Ramsey, NJ 07446","3","Adam","Prospect","active","HPO prospect import","Solo internist with explicit specialist-referral coordination and friendly staff; a good relationship-driven target when paired with the Ramsey cluster.",,,,"{""source_prospect_id"":""49bc25e8-e975-45d0-ac8e-598149316f5b"",""original_fit_status"":""qualified"",""verification_status"":""verified""}","2026-09-28 17:05:37.624431+00","2026-09-28 17:05:37.624431+00",,,,"[""prospect"",""pcp""]","Hudson_Pro_Ridgewood_Primary_Care_Prospects.xlsx#S013","prospect:db3ad5222ad42cd2e60f41b04449783a",,"41.05805","-74.132051","2026-09-28 16:47:14.788+00"
"","671c599b-0410-4de6-808b-b487a3d50ebc","Primary Care at Oradell","Primary Care","Internal Medicine / Primary Care","Ridgewood / Bergen-Passaic","Oradell","680 Kinderkamack Road, Oradell, NJ 07649","3","Adam","Prospect","active","HPO prospect import","Three-provider adult office with current staff and a useful Oradell route.",,,,"{""source_prospect_id"":""3ee1d011-8de8-4a95-8307-71d6e2422228"",""original_fit_status"":""qualified"",""verification_status"":""verified""}","2026-09-28 17:05:37.624431+00","2026-09-28 17:05:37.624431+00",,,,"[""prospect"",""pcp""]","Hudson_Pro_Ridgewood_Primary_Care_Prospects.xlsx#S059","prospect:e7c0fcd803c4d320c7136bcfe0df141d",,"40.9632212","-74.0300572","2026-09-28 16:48:15.384+00"
"","52a804be-977e-4c26-9eac-c9e03d995805","Primary Care Med Group","Primary Care","PCP","Newark / Essex","Harrison","450 Bergen St, Harrison, NJ 07029","3","Adam","Prospect","active","HPO prospect import",,,,,"{""priority"":""A - Visit First"",""provider"":null,""vein_fit"":""High"",""next_step"":""Visit/call this week; confirm referral contact and drop approved material"",""source_row"":284,""source_sheet"":""All PCP-Vein Targets"",""visit_status"":""Need to Visit"",""route_cluster"":""Newark / Essex"",""priority_score"":10,""source_workbook"":""NJ_PCP_Vein_Target_List_by_HPO.xlsx"",""geocode_provider"":""census"",""closest_hpo_office"":""Newark"",""source_prospect_id"":""d21ef096-280d-487e-adc7-b19315002e6c"",""original_fit_status"":""qualified"",""verification_status"":""partial"",""geocode_last_attempt"":""2026-09-28T16:32:31.167Z"",""imported_for_hpo_crm"":""2026-09-28""}","2026-09-28 17:05:37.624431+00","2026-09-28 17:05:37.624431+00",,,,"[""prospect"",""pcp""]","NJ_PCP_Vein_Target_List_by_HPO.xlsx#All PCP-Vein Targets","prospect:67d0c41a019aeac39c9ec24bd0ddc2ac",,"40.743316555863","-74.154849972852","2026-09-28 16:32:31.167+00"
"","d66523d0-6bfd-44dc-8cdb-185c88c2845e","Primary Care Physicians Group","Primary Care","PCP","Newark / Essex","West Orange","101 Old Short Hills rd","3","Adam","Prospect","active","HPO prospect import",,,,,"{""priority"":""B - Strong Target"",""provider"":null,""vein_fit"":""High"",""next_step"":""Add to route; call first and schedule quick drop-in"",""source_row"":31,""source_sheet"":""All PCP-Vein Targets"",""visit_status"":""Need to Visit"",""route_cluster"":""Newark / Essex"",""priority_score"":8,""source_workbook"":""NJ_PCP_Vein_Target_List_by_HPO.xlsx"",""geocode_provider"":""census"",""closest_hpo_office"":""Newark"",""source_prospect_id"":""55d51eb5-1dc5-4f9a-a7aa-1a2d779ab664"",""original_fit_status"":""qualified"",""verification_status"":""partial"",""geocode_last_attempt"":""2026-09-28T16:33:20.368Z"",""imported_for_hpo_crm"":""2026-09-28""}","2026-09-28 17:05:37.624431+00","2026-09-28 17:05:37.624431+00",,,,"[""prospect"",""pcp""]","NJ_PCP_Vein_Target_List_by_HPO.xlsx#All PCP-Vein Targets","prospect:470aa9087c8adf8882b38b3e390785b1",,"40.730671637693","-74.31235071503","2026-09-28 16:33:20.369+00"
"","130ca71e-813d-4dd1-9b15-ddfbff3f20d1","R Health  - Dr. Banita Prajapati","Primary Care","PCP","Newark / Essex","West Orange","405 Northfield Ave","3","Adam","Prospect","active","HPO prospect import","Diana",,,,"{""priority"":""B - Strong Target"",""provider"":null,""vein_fit"":""High"",""next_step"":""Add to route; call first and schedule quick drop-in"",""source_row"":249,""source_sheet"":""All PCP-Vein Targets"",""visit_status"":""Need to Visit"",""route_cluster"":""Newark / Essex"",""priority_score"":9,""source_workbook"":""NJ_PCP_Vein_Target_List_by_HPO.xlsx"",""geocode_provider"":""census"",""closest_hpo_office"":""Newark"",""source_prospect_id"":""3cabf7f9-ace3-4192-9643-a5153cb6e9f4"",""original_fit_status"":""qualified"",""verification_status"":""partial"",""geocode_last_attempt"":""2026-09-28T16:33:20.447Z"",""imported_for_hpo_crm"":""2026-09-28""}","2026-09-28 17:05:37.624431+00","2026-09-28 17:05:37.624431+00",,,,"[""prospect"",""pcp""]","NJ_PCP_Vein_Target_List_by_HPO.xlsx#All PCP-Vein Targets","prospect:f94c9acb020270cb43f2dc7ac0da9a8f",,"40.77270557528","-74.267921154146","2026-09-28 16:33:20.447+00"
"","292e8a5d-95bf-450b-81b3-449b0110f135","R Health  - Dr. Delponte","Primary Care","PCP","Newark / Essex","West Orange","405 Northfield Ave","3","Adam","Prospect","active","HPO prospect import","Diana",,,,"{""priority"":""B - Strong Target"",""provider"":null,""vein_fit"":""High"",""next_step"":""Add to route; call first and schedule quick drop-in"",""source_row"":250,""source_sheet"":""All PCP-Vein Targets"",""visit_status"":""Need to Visit"",""route_cluster"":""Newark / Essex"",""priority_score"":9,""source_workbook"":""NJ_PCP_Vein_Target_List_by_HPO.xlsx"",""geocode_provider"":""census"",""closest_hpo_office"":""Newark"",""source_prospect_id"":""80b0ed07-afe2-47b1-a9e3-abd4515407da"",""original_fit_status"":""qualified"",""verification_status"":""partial"",""geocode_last_attempt"":""2026-09-28T16:33:20.446Z"",""imported_for_hpo_crm"":""2026-09-28""}","2026-09-28 17:05:37.624431+00","2026-09-28 17:05:37.624431+00",,,,"[""prospect"",""pcp""]","NJ_PCP_Vein_Target_List_by_HPO.xlsx#All PCP-Vein Targets","prospect:e8bc96da599d3165b52a3785c6771846",,"40.77270557528","-74.267921154146","2026-09-28 16:33:20.446+00"
"","8806d570-809d-4344-a294-907302bedfb0","Raff & Raff","Attorney",,,"Maywood","525 Palmer Ave, Maywood, NJ 07607","5","Michelle","Prospect","active","HPO prospect import","Warm/current HPO attorney relationship location from referral drop-off route plan.",,,,"{""source_workbook"":""HPO_Referral_Dropoff_Route_Plan.xlsx"",""internal_priority"":5,""warm_relationship"":true,""source_prospect_id"":""1be2a951-0d50-491f-b0a9-b2bbb72f7923"",""original_fit_status"":""qualified"",""verification_status"":""partial""}","2026-09-28 17:05:37.624431+00","2026-09-28 17:15:08.517989+00",,,,"[""attorney"",""exclude_from_adam_route"",""prospect""]","HPO_Referral_Dropoff_Route_Plan.xlsx#Attorneys-Drop-Off","prospect:f26d65eca6d5168b68eda7b5db6ceded",,"40.904704927348","-74.064376291245","2026-09-28 16:57:24.12+00"
"","c5c2406a-8bf1-4a2b-b3c0-cc5ecafc1d0e","Raff & Raff","Attorney",,,"Paterson","30 Church St, Paterson, NJ 07505","5","Michelle","Prospect","active","HPO prospect import","Warm/current HPO attorney relationship location from referral drop-off route plan.",,,,"{""source_workbook"":""HPO_Referral_Dropoff_Route_Plan.xlsx"",""internal_priority"":5,""warm_relationship"":true,""source_prospect_id"":""ef31514c-1449-48ac-a5d1-9fc1fa4904b8"",""original_fit_status"":""qualified"",""verification_status"":""partial""}","2026-09-28 17:05:37.624431+00","2026-09-28 17:15:08.517989+00",,,,"[""attorney"",""exclude_from_adam_route"",""prospect""]","HPO_Referral_Dropoff_Route_Plan.xlsx#Attorneys-Drop-Off","prospect:997a3d96a1a510255b53fe4c59e8b264",,"40.917662613515","-74.170541508882","2026-09-28 16:57:24.415+00"
"","97ab1861-00f3-41a2-bf8f-25ae0fdf2cdf","Raffi T. Khorozian, P.C.","Attorney",,,"Fort Lee","1073 Palisade Ave, Fort Lee, NJ 07024","5","Adam","Prospect","active","HPO prospect import","Warm/current HPO attorney relationship location from referral drop-off route plan.",,,,"{""source_workbook"":""HPO_Referral_Dropoff_Route_Plan.xlsx"",""internal_priority"":5,""warm_relationship"":true,""source_prospect_id"":""966828b5-0e45-404b-ad7f-5e000ecf8e05"",""original_fit_status"":""qualified"",""verification_status"":""partial""}","2026-09-28 17:05:37.624431+00","2026-09-28 17:05:37.624431+00",,,,"[""prospect"",""attorney""]","HPO_Referral_Dropoff_Route_Plan.xlsx#Attorneys-Drop-Off","prospect:6f9e61ea3b391207c0acb56d7349e27c",,"40.833711111238","-73.978518622288","2026-09-28 16:57:24.184+00"
"","aa8a710f-749c-4fd4-99e6-12ccaacd969b","Raghav Rastogi, MD","Primary Care","PCP","Newark / Essex","Montclair","427 Bloomfield Ave, Montclair, NJ 07042","3","Adam","Prospect","active","HPO prospect import","Tina",,,,"{""priority"":""B - Strong Target"",""provider"":null,""vein_fit"":""High"",""next_step"":""Add to route; call first and schedule quick drop-in"",""source_row"":275,""source_sheet"":""All PCP-Vein Targets"",""visit_status"":""Need to Visit"",""route_cluster"":""Newark / Essex"",""priority_score"":9,""source_workbook"":""NJ_PCP_Vein_Target_List_by_HPO.xlsx"",""geocode_provider"":""census"",""closest_hpo_office"":""Newark"",""source_prospect_id"":""fd6fe439-99cb-4397-ae72-589512082cff"",""original_fit_status"":""qualified"",""verification_status"":""partial"",""geocode_last_attempt"":""2026-09-28T16:33:31.183Z"",""imported_for_hpo_crm"":""2026-09-28""}","2026-09-28 17:05:37.624431+00","2026-09-28 17:05:37.624431+00",,,,"[""prospect"",""pcp""]","NJ_PCP_Vein_Target_List_by_HPO.xlsx#All PCP-Vein Targets","prospect:8a3beb2c874cae014cecdafd5c5842e4",,"40.813860465793","-74.21741496521","2026-09-28 16:33:31.183+00"
"","19f8bfcd-2faa-4b62-b079-40ba78c19db6","Razi & Giampa Law, LLC","Attorney","PI-heavy: auto, truck, motorcycle, premises and serious injury","Ridgewood Territory","Paramus","106 E Ridgewood Ave, Paramus, NJ 07652","4","Adam","Prospect","active","HPO prospect import","Local two-attorney practice with direct partner access and broad motor-vehicle injury work. Firm size: 2-attorney boutique plus support staff. Office hours: Office hours not published; call ahead.",,,,"{""rank"":43,""non_phi"":true,""prospect_score"":8.3,""source_file_id"":""file_000000005f4c81f5b7d67b245ceeba41"",""visit_priority"":""B — worthwhile prospect"",""internal_priority"":4,""primary_attorneys"":""Pasha Razi; Giovanna Giampa"",""source_prospect_id"":""028ce386-5670-4f59-9cb4-6a4280f1c534"",""original_fit_status"":""qualified"",""verification_status"":""verified"",""approx_distance_from_hpo"":""Approx. 4–6 driving mi""}","2026-09-28 17:05:37.624431+00","2026-09-28 17:05:37.624431+00",,,,"[""prospect"",""attorney""]","Hudson_Pro_North_Jersey_PI_Prospects.xlsx#Master75-rank-43","prospect:fc617810145e011bca5fa2b3460bddd9",,"40.9661995","-74.0710463","2026-09-27 01:46:02.753+00"
"","2dbc1110-cf0d-4cae-b136-8ac7cb6c63fe","Reinartz Law Firm","Attorney","PI-only: auto, truck, premises, construction, medical malpractice and wrongful death","Ridgewood Territory","Hackensack","Court Plaza South–West Wing, 21 Main St, Suite 205, Hackensack, NJ 07601","5","Adam","Prospect","active","HPO prospect import","Highly reviewed Bergen County boutique with direct attorney involvement and strong serious-injury alignment. Firm size: Boutique PI firm; about 2 attorneys plus support staff. Office hours: Office hours not published; 24/7 call line—call ahead.",,,,"{""rank"":18,""non_phi"":true,""prospect_score"":9,""source_file_id"":""file_000000005f4c81f5b7d67b245ceeba41"",""visit_priority"":""A — visit first"",""internal_priority"":5,""primary_attorneys"":""Richard A. Reinartz; Thomas McKinney"",""source_prospect_id"":""425fdf03-c28f-4d3e-9e2b-d598ffa891d3"",""original_fit_status"":""qualified"",""verification_status"":""verified"",""approx_distance_from_hpo"":""Approx. 9–11 driving mi""}","2026-09-28 17:05:37.624431+00","2026-09-28 17:05:37.624431+00",,,,"[""prospect"",""attorney""]","Hudson_Pro_North_Jersey_PI_Prospects.xlsx#Master75-rank-18","prospect:bdb688fd784cda55ffea0bf08cbc5409",,"40.878745608208","-74.044564525414","2026-09-28 03:58:52.505+00"
"","dd9b5140-66aa-4869-8d71-7ca2ae506735","Reintine Han, MD","Primary Care","PCP","Newark / Essex","Montclair","543 Valley Rd, Montclair, NJ 07043","3","Adam","Prospect","active","HPO prospect import",,,,,"{""priority"":""B - Strong Target"",""provider"":null,""vein_fit"":""High"",""next_step"":""Add to route; call first and schedule quick drop-in"",""source_row"":318,""source_sheet"":""All PCP-Vein Targets"",""visit_status"":""Need to Visit"",""route_cluster"":""Newark / Essex"",""priority_score"":9,""source_workbook"":""NJ_PCP_Vein_Target_List_by_HPO.xlsx"",""geocode_provider"":""census"",""closest_hpo_office"":""Newark"",""source_prospect_id"":""87cc2432-269c-41c3-9880-069896313155"",""original_fit_status"":""qualified"",""verification_status"":""partial"",""geocode_last_attempt"":""2026-09-28T16:33:31.195Z"",""imported_for_hpo_crm"":""2026-09-28""}","2026-09-28 17:05:37.624431+00","2026-09-28 17:05:37.624431+00",,,,"[""prospect"",""pcp""]","NJ_PCP_Vein_Target_List_by_HPO.xlsx#All PCP-Vein Targets","prospect:d933eb239560df51cfba513cdeab1d32",,"40.838454472478","-74.207407704348","2026-09-28 16:33:31.195+00"
"","a79728aa-6dbd-4fa0-bda3-01aef4c78d5e","Rhomur Medical Services","Primary Care","PCP","Newark / Essex","Newark","297 16th Ave, Newark, NJ 07103","3","Adam","Prospect","active","HPO prospect import",,,,,"{""priority"":""A - Visit First"",""provider"":null,""vein_fit"":""High"",""next_step"":""Visit/call this week; confirm referral contact and drop approved material"",""source_row"":189,""source_sheet"":""All PCP-Vein Targets"",""visit_status"":""Need to Visit"",""route_cluster"":""Newark / Essex"",""priority_score"":12,""source_workbook"":""NJ_PCP_Vein_Target_List_by_HPO.xlsx"",""geocode_provider"":""census"",""closest_hpo_office"":""Newark"",""source_prospect_id"":""7d10dece-ff11-4667-9ac0-b0c41f4b7a19"",""original_fit_status"":""qualified"",""verification_status"":""partial"",""geocode_last_attempt"":""2026-09-28T16:32:31.168Z"",""imported_for_hpo_crm"":""2026-09-28""}","2026-09-28 17:05:37.624431+00","2026-09-28 17:05:37.624431+00",,,,"[""prospect"",""pcp""]","NJ_PCP_Vein_Target_List_by_HPO.xlsx#All PCP-Vein Targets","prospect:3ecad64886522217035756ccfe8bce24",,"40.737341970721","-74.209815483027","2026-09-28 16:32:31.168+00"
"","4e69523a-fa29-4349-9bdf-f91cebf3547d","Ridgewood Primary Care","Primary Care","Internal Medicine / Adult Primary Care","Ridgewood / Bergen-Passaic","Ridgewood","1250 East Ridgewood Avenue, Suite 11, Ridgewood, NJ 07450","3","Adam","Prospect","active","HPO prospect import","Very close, independent adult PCP with walk-ins and broad chronic-care volume; likely to refer musculoskeletal and vascular complaints out.",,,,"{""source_prospect_id"":""a783b060-bc4d-4bfc-b971-c711b450cc2f"",""original_fit_status"":""qualified"",""verification_status"":""verified""}","2026-09-28 17:05:37.624431+00","2026-09-28 17:05:37.624431+00",,,,"[""prospect"",""pcp""]","Hudson_Pro_Ridgewood_Primary_Care_Prospects.xlsx#S001","prospect:f4560ef215e26feab86df1f85d085d90",,"40.9776885","-74.1064716","2026-09-28 16:46:56.917+00"
"","28bdf605-dd63-4f96-b9e9-88010c9d7d6e","Riverside Medical","Primary Care","PCP","Hudson Waterfront","Jersey City","591 Summit Ave, Jersey City, NJ 07306","3","Adam","Prospect","active","HPO prospect import",,,,,"{""priority"":""A - Visit First"",""provider"":""Riverside Medical"",""vein_fit"":""High"",""next_step"":""Visit/call this week; confirm referral contact and drop approved material"",""source_row"":334,""source_sheet"":""All PCP-Vein Targets"",""visit_status"":""Need to Visit"",""route_cluster"":""Hudson Waterfront"",""priority_score"":10,""source_workbook"":""NJ_PCP_Vein_Target_List_by_HPO.xlsx"",""geocode_provider"":""census"",""closest_hpo_office"":""Hoboken"",""source_prospect_id"":""498bcd50-58fd-4d27-80d9-44b52e7743db"",""original_fit_status"":""qualified"",""verification_status"":""partial"",""geocode_last_attempt"":""2026-09-28T16:32:29.348Z"",""imported_for_hpo_crm"":""2026-09-28""}","2026-09-28 17:05:37.624431+00","2026-09-28 17:05:37.624431+00",,,,"[""prospect"",""pcp""]","NJ_PCP_Vein_Target_List_by_HPO.xlsx#All PCP-Vein Targets","prospect:ac5df75c41566a0761d5075a8bde617d",,"40.73441033391","-74.059442591564","2026-09-28 16:32:29.348+00"
"","6a391a61-6ecb-4614-b7c1-23b06b9ed38a","Riverside Medical","Primary Care","PCP","Hudson Waterfront","Rutherford","47 Orient Way, Rutherford, NJ 07070","3","Adam","Prospect","active","HPO prospect import",,,,,"{""priority"":""B - Strong Target"",""provider"":null,""vein_fit"":""High"",""next_step"":""Add to route; call first and schedule quick drop-in"",""source_row"":290,""source_sheet"":""All PCP-Vein Targets"",""visit_status"":""Need to Visit"",""route_cluster"":""Hudson Waterfront"",""priority_score"":8,""source_workbook"":""NJ_PCP_Vein_Target_List_by_HPO.xlsx"",""geocode_provider"":""census"",""closest_hpo_office"":""Hoboken"",""source_prospect_id"":""1e5e64a5-7f8a-47bf-a2b2-66eeac0b49af"",""original_fit_status"":""qualified"",""verification_status"":""partial"",""geocode_last_attempt"":""2026-09-28T16:32:32.036Z"",""imported_for_hpo_crm"":""2026-09-28""}","2026-09-28 17:05:37.624431+00","2026-09-28 17:05:37.624431+00",,,,"[""prospect"",""pcp""]","NJ_PCP_Vein_Target_List_by_HPO.xlsx#All PCP-Vein Targets","prospect:5b490ef737bd798caa8de6a5431caad2",,"40.826378530715","-74.101704944686","2026-09-28 16:32:32.036+00"
"","7b1c8339-1fe2-4813-853c-e59f89c303c4","Riverside Medical","Primary Care","PCP","Bergen / Passaic","Paterson","675 Broadway, Paterson, NJ 07514","3","Adam","Prospect","active","HPO prospect import",,,,,"{""priority"":""B - Strong Target"",""provider"":null,""vein_fit"":""High"",""next_step"":""Add to route; call first and schedule quick drop-in"",""source_row"":361,""source_sheet"":""All PCP-Vein Targets"",""visit_status"":""Need to Visit"",""route_cluster"":""Bergen / Passaic"",""priority_score"":9,""source_workbook"":""NJ_PCP_Vein_Target_List_by_HPO.xlsx"",""geocode_provider"":""census"",""closest_hpo_office"":""Ridgewood"",""source_prospect_id"":""d3f27ff3-4a32-424f-ad39-72cbbe2557fc"",""original_fit_status"":""qualified"",""verification_status"":""partial"",""geocode_last_attempt"":""2026-09-28T16:33:55.092Z"",""imported_for_hpo_crm"":""2026-09-28""}","2026-09-28 17:05:37.624431+00","2026-09-28 17:05:37.624431+00",,,,"[""prospect"",""pcp""]","NJ_PCP_Vein_Target_List_by_HPO.xlsx#All PCP-Vein Targets","prospect:fd0e73dd65c82f9b5c0b4664f9aa5f4f",,"40.918313938258","-74.144637369811","2026-09-28 16:33:55.092+00"
"","1493bd35-29c3-44ce-9877-e0e4d89e1547","Riverview Healthcare Associates — Union City","Primary Care","Internal Medicine / Primary Care","Hoboken / Hudson Waterfront","Union City","2401 Palisade Avenue, Suite 1, Union City, NJ 07087","3","Adam","Prospect","active","HPO prospect import","Two established local internists and close route position; network ownership may constrain referrals but the neighborhood office remains relationship-reachable.",,,,"{""rank"":33,""ownership"":""Englewood Health Physician Network"",""physicians"":""Jerry Jurado, MD; Joseph Paguio, MD"",""source_sheet"":""Master Prospects"",""last_verified"":""2026-09-10"",""prospect_score"":7,""visit_priority"":""B"",""source_workbook"":""Hudson_Pro_Hoboken_Primary_Care_Prospects.xlsx"",""geocode_provider"":""census"",""suggested_contact"":""Office manager or referral coordinator"",""prior_visit_status"":""Net-new / no prior visit documented"",""source_prospect_id"":""ccfd0ea8-f7f4-40df-8df0-ab1d954c143c"",""original_fit_status"":""qualified"",""verification_status"":""verified"",""geocode_last_attempt"":""2026-09-28T16:30:42.691Z"",""imported_for_hpo_crm"":""2026-09-28""}","2026-09-28 17:05:37.624431+00","2026-09-28 17:05:37.624431+00",,,,"[""prospect"",""pcp""]","Hudson_Pro_Hoboken_Primary_Care_Prospects.xlsx#Master Prospects","prospect:3ba9619a31300b167c39106a7a9d2299",,"40.766682005245","-74.029893068342","2026-09-28 16:30:42.691+00"
"","6e0fb28d-cae3-487f-aac2-4a1d44801644","Ronald Willenborg  MD","Primary Care","PCP","Newark / Essex","Montclair","48-50 Fairfield St, Montclair, NJ 07042","3","Adam","Prospect","active","HPO prospect import",,,,,"{""priority"":""B - Strong Target"",""provider"":null,""vein_fit"":""High"",""next_step"":""Add to route; call first and schedule quick drop-in"",""source_row"":302,""source_sheet"":""All PCP-Vein Targets"",""visit_status"":""Need to Visit"",""route_cluster"":""Newark / Essex"",""priority_score"":9,""source_workbook"":""NJ_PCP_Vein_Target_List_by_HPO.xlsx"",""geocode_provider"":""census"",""closest_hpo_office"":""Newark"",""source_prospect_id"":""7dbfa119-0edf-4ae4-bf04-f738ab96bde9"",""original_fit_status"":""qualified"",""verification_status"":""partial"",""geocode_last_attempt"":""2026-09-28T16:33:31.193Z"",""imported_for_hpo_crm"":""2026-09-28""}","2026-09-28 17:05:37.624431+00","2026-09-28 17:05:37.624431+00",,,,"[""prospect"",""pcp""]","NJ_PCP_Vein_Target_List_by_HPO.xlsx#All PCP-Vein Targets","prospect:7fa111424a62d32fe13784edef0a1f10",,"40.82932447554","-74.205485318227","2026-09-28 16:33:31.193+00"
"","376b7d0d-7689-4dc2-930f-c975ebb2bfe9","Rubenstein & Rynecki","Attorney",,,"Brooklyn","26 Court Street, Suite 1200, Brooklyn, NY 11242","4","Adam","active","active","historical_referral_aggregate","Historical attorney referral source.",,,,"{""non_phi"":true,""count_scope"":""historical aggregate; period not supplied"",""official_location_source"":""https://www.rubensteinandrynecki.com/contact-us/"",""historical_referral_count"":32,""office_location_prospect_id"":""a7c3d49b-a14a-4496-beda-c36906c7fe51""}","2026-09-26 22:49:05.692295+00","2026-09-28 17:18:46.615544+00",,,,"[""historical_sender""]",,"attorney:rubenstein-rynecki",,"40.693202208425","-73.990744040212","2026-09-28 17:14:58.377+00"
"","ff66cefd-4450-4d63-8208-d2bb28c0d13e","RWJBarnabas Health Primary & Specialty Care at Hoboken","Primary Care","Primary Care within Multispecialty Center","Hoboken / Hudson Waterfront","Hoboken","59 Newark Street, Hoboken, NJ 07030","3","Adam","Prospect","active","HPO prospect import","Convenient and high volume, but on-site orthopedics and RWJBH referral pathways make this a low-priority external referral prospect.",,,,"{""rank"":55,""ownership"":""RWJBarnabas Health Medical Group"",""physicians"":""Current RWJBH primary-care team (dynamic roster; confirm on official page)"",""source_sheet"":""Master Prospects"",""last_verified"":""2026-09-10"",""prospect_score"":5,""visit_priority"":""C"",""source_workbook"":""Hudson_Pro_Hoboken_Primary_Care_Prospects.xlsx"",""geocode_provider"":""census"",""suggested_contact"":""Site administrator or referral coordinator"",""prior_visit_status"":""Net-new / no prior visit documented"",""source_prospect_id"":""c8c2e922-f543-46f1-95e8-c6d3d242ba43"",""original_fit_status"":""qualified"",""verification_status"":""verified"",""geocode_last_attempt"":""2026-09-28T16:31:24.773Z"",""imported_for_hpo_crm"":""2026-09-28""}","2026-09-28 17:05:37.624431+00","2026-09-28 17:05:37.624431+00",,,,"[""prospect"",""pcp""]","Hudson_Pro_Hoboken_Primary_Care_Prospects.xlsx#Master Prospects","prospect:6239f4aea1a63745e905e6fd39506536",,"40.736644146664","-74.030146195731","2026-09-28 16:31:24.773+00"
"","4b3413c9-bbb8-4835-9edd-aba74964e429","Sabbagh Thapar","Attorney",,,"Clifton","642 Broad St, Clifton, NJ 07013","5","Adam","prospecting","active","field_visit_2026-09-22","9/22 field visit: spoke with Nephry at front desk; Salim was in a deposition; office would pass along HPO information.","2026-09-22 16:00:00+00","Follow up with office",,"{""non_phi"":true,""source_date"":""2026-09-22""}","2026-09-26 22:49:05.692295+00","2026-09-28 17:18:46.615544+00",,,,"[""field_prospect"",""A_plus""]",,"attorney:sabbagh-thapar",,"40.8739025","-74.1688419","2026-09-27 01:45:56.221+00"
"","15f2cea3-247a-4267-8825-669b174c51c8","Sadaka Law","Attorney","PI-heavy: auto, premises, products/mass tort and serious injury","Edgewater Territory","Englewood","155 N Dean St, Englewood, NJ 07631","4","Adam","Prospect","active","HPO prospect import","Englewood boutique handling significant injury matters with direct principal access and active reviews. Firm size: Small attorney-owned litigation firm. Office hours: Office hours not published; call ahead.",,,,"{""rank"":58,""non_phi"":true,""prospect_score"":8,""source_file_id"":""file_000000005f4c81f5b7d67b245ceeba41"",""visit_priority"":""B — worthwhile prospect"",""internal_priority"":4,""primary_attorneys"":""Mark Sadaka; firm attorney team"",""source_prospect_id"":""e6ddc36f-cd0c-4b51-acc2-8cc87895c054"",""original_fit_status"":""qualified"",""verification_status"":""verified"",""approx_distance_from_hpo"":""Approx. 7–9 driving mi""}","2026-09-28 17:05:37.624431+00","2026-09-28 17:05:37.624431+00",,,,"[""prospect"",""attorney""]","Hudson_Pro_North_Jersey_PI_Prospects.xlsx#Master75-rank-58","prospect:0dbc2f948eabd30beb3384e9a1bee8b8",,"40.8994005","-73.9708449","2026-09-27 01:46:05.043+00"
"","f99b6390-c125-4f7e-a360-cc55c44edbe4","Saddle Brook Chiro/PT","Primary Care","PCP","Bergen / Passaic","Saddle Brook","380 N Midland Ave Saddle Brook, NJ","3","Adam","Prospect","active","HPO prospect import",,,,,"{""priority"":""B - Strong Target"",""provider"":""Henry Cooke/Henry Thimmel"",""vein_fit"":""High"",""next_step"":""Add to route; call first and schedule quick drop-in"",""source_row"":241,""source_sheet"":""All PCP-Vein Targets"",""visit_status"":""Need to Visit"",""route_cluster"":""Bergen / Passaic"",""priority_score"":9,""source_workbook"":""NJ_PCP_Vein_Target_List_by_HPO.xlsx"",""geocode_provider"":""census"",""closest_hpo_office"":""Ridgewood"",""source_prospect_id"":""27e0c479-a70d-42b7-ace4-95d39056a122"",""original_fit_status"":""qualified"",""verification_status"":""partial"",""geocode_last_attempt"":""2026-09-28T16:33:55.421Z"",""imported_for_hpo_crm"":""2026-09-28""}","2026-09-28 17:05:37.624431+00","2026-09-28 17:05:37.624431+00",,,,"[""prospect"",""pcp""]","NJ_PCP_Vein_Target_List_by_HPO.xlsx#All PCP-Vein Targets","prospect:29778f16ff79935699dc694d6bd64e33",,"40.910365938341","-74.107592189374","2026-09-28 16:33:55.421+00"
"","051cf1e8-d6e5-4e20-b914-f894cd9f742e","Saddle River Concierge Medicine","Primary Care","Internal Medicine / Cardiology / Concierge Medicine","Ridgewood / Bergen-Passaic","Saddle River","82 East Allendale Road, Suite 3A, Saddle River, NJ 07458","3","Adam","Prospect","active","HPO prospect import","Affluent, relationship-oriented patient base and direct physician access could produce high-value referrals.",,,,"{""source_prospect_id"":""0b74dfd0-86e3-4b93-94a1-073321c1aa81"",""original_fit_status"":""qualified"",""verification_status"":""partial""}","2026-09-28 17:05:37.624431+00","2026-09-28 17:05:37.624431+00",,,,"[""prospect"",""pcp""]","Hudson_Pro_Ridgewood_Primary_Care_Prospects.xlsx#S024","prospect:6c2b901da9f0bcb2e99c6aa886a5a914",,"41.0314154","-74.0990628","2026-09-28 16:47:19.662+00"
"","231fd43c-f08c-47a1-aba9-d2c3747dc4f4","SAI Medical Center","Primary Care","PCP","Newark / Essex","Belleville","246 Washington Ave, Belleville, NJ 07109","3","Adam","Prospect","active","HPO prospect import",,,,,"{""priority"":""B - Strong Target"",""provider"":null,""vein_fit"":""High"",""next_step"":""Add to route; call first and schedule quick drop-in"",""source_row"":159,""source_sheet"":""All PCP-Vein Targets"",""visit_status"":""Need to Visit"",""route_cluster"":""Newark / Essex"",""priority_score"":9,""source_workbook"":""NJ_PCP_Vein_Target_List_by_HPO.xlsx"",""geocode_provider"":""census"",""closest_hpo_office"":""Newark"",""source_prospect_id"":""a45d1945-5cec-426f-824d-8ba74cff549f"",""original_fit_status"":""qualified"",""verification_status"":""partial"",""geocode_last_attempt"":""2026-09-28T16:32:32.034Z"",""imported_for_hpo_crm"":""2026-09-28""}","2026-09-28 17:05:37.624431+00","2026-09-28 17:05:37.624431+00",,,,"[""prospect"",""pcp""]","NJ_PCP_Vein_Target_List_by_HPO.xlsx#All PCP-Vein Targets","prospect:9c5a02d65cc19766a02f84e8648d88e2",,"40.790520326614","-74.15149013815","2026-09-28 16:32:32.034+00"
"","fdaaa7f2-03cb-43f5-ad24-4cde0d0ee716","Samia R. Chaudry, DO","Primary Care","Family Medicine","Ridgewood / Bergen-Passaic","Fair Lawn","41-04 Goldblatt Terrace, Fair Lawn, NJ 07410","3","Adam","Prospect","active","HPO prospect import","Relationship-driven solo family physician with substantial patient feedback and clear staff presence; strong Fair Lawn visit target.",,,,"{""source_prospect_id"":""c13311fa-39bf-49da-be46-992f60be7ae1"",""original_fit_status"":""qualified"",""verification_status"":""partial""}","2026-09-28 17:05:37.624431+00","2026-09-28 17:05:37.624431+00",,,,"[""prospect"",""pcp""]","Hudson_Pro_Ridgewood_Primary_Care_Prospects.xlsx#S019","prospect:4df49b91f00cf3b9ccb601a6c233d93a",,"40.9467433","-74.1021144","2026-09-28 16:47:20.032+00"
"","3c4e3077-876d-400a-8c33-b7ae76d83089","Sarofiem & Antoun, LLC","Attorney","PI-heavy: auto, truck, motorcycle, pedestrian, premises and serious injury","Hoboken Territory","Jersey City","895 Bergen Ave, Suite 306, Jersey City, NJ 07306","5","Adam","Prospect","active","HPO prospect import","Fast-growing boutique with exceptional local review activity and direct partner involvement—high relationship potential. Firm size: 2 partner-led attorneys plus support staff. Office hours: Office hours not published; 24/7 intake—call ahead.",,,,"{""rank"":15,""non_phi"":true,""prospect_score"":9.2,""source_file_id"":""file_000000005f4c81f5b7d67b245ceeba41"",""visit_priority"":""A — visit first"",""internal_priority"":5,""primary_attorneys"":""Andrew Sarofiem; Kirolos Antoun"",""source_prospect_id"":""a180cacf-19f8-48f7-a8c4-a8f19f1c8d29"",""original_fit_status"":""qualified"",""verification_status"":""verified"",""approx_distance_from_hpo"":""Approx. 5–6 driving mi""}","2026-09-28 17:05:37.624431+00","2026-09-28 17:05:37.624431+00",,,,"[""prospect"",""attorney""]","Hudson_Pro_North_Jersey_PI_Prospects.xlsx#Master75-rank-15","prospect:eaa89809203950594585cd61e444d218",,"40.7298785","-74.0656265","2026-09-27 01:45:57.841+00"
"","64274798-88b8-4fb8-8c51-fe3682d0a1dd","Seigel Law","Attorney","PI-only: auto, truck, pedestrian, premises, construction and catastrophic injury","Ridgewood Territory","Ridgewood","505 Goffle Rd, Suite 204, Ridgewood, NJ 07450","5","Adam","Prospect","active","HPO prospect import","Exceptional access: directly upstairs from Hudson Pro Ridgewood, highly relevant PI docket and a relationship-oriented local team. Firm size: 2 lead attorneys plus operations and support team. Office hours: Office hours not published; 24/7 intake—call ahead.",,,,"{""rank"":2,""non_phi"":true,""prospect_score"":9.9,""source_file_id"":""file_000000005f4c81f5b7d67b245ceeba41"",""visit_priority"":""A — visit first"",""internal_priority"":5,""primary_attorneys"":""Jan M. Seigel; Jonas Seigel"",""source_prospect_id"":""09e2d036-1bae-4482-9f27-8f1086a27c80"",""original_fit_status"":""qualified"",""verification_status"":""verified"",""approx_distance_from_hpo"":""Same building; approx. 0 driving mi""}","2026-09-28 17:05:37.624431+00","2026-09-28 17:05:37.624431+00",,,,"[""prospect"",""attorney""]","Hudson_Pro_North_Jersey_PI_Prospects.xlsx#Master75-rank-2","prospect:190f16a091609225b56c18a354d9f7e1",,"40.9812503","-74.1205627","2026-09-28 03:58:51.706+00"
"","02672d07-07e2-443a-86e2-5d6898085125","Shulman & Hill","Attorney",,,,,"5","Adam","active","active","historical_referral_aggregate","Major historical attorney referral source.",,,,"{""non_phi"":true,""count_scope"":""historical aggregate; period not supplied"",""historical_referral_count"":79}","2026-09-26 22:49:05.692295+00","2026-09-28 17:18:46.615544+00",,,,"[""major_sender""]",,"attorney:shulman-hill",,,,
"","80a69ade-6ca9-4276-81d1-b4432b2eb504","Siegel","Attorney",,,,,"3","Adam","active","active","historical_referral_aggregate","Historical attorney referral-source label preserved exactly; do not assume this is the same entity as Seigel Law without reconciliation.",,"Confirm exact firm identity and physical office before routing",,"{""non_phi"":true,""count_scope"":""historical aggregate; period not supplied"",""historical_referral_count"":26}","2026-09-26 22:49:05.692295+00","2026-09-28 17:19:31.974596+00",,,,"[""address_needs_reconciliation"",""historical_identity_needs_reconciliation""]",,"attorney:siegel",,,,
"","e6f6a7b7-704c-41e0-9d79-84419636c230","Simone Douge","Primary Care","PCP","Newark / Essex","Verona","271 Grove Ave","3","Adam","Prospect","active","HPO prospect import",,,,,"{""priority"":""B - Strong Target"",""provider"":null,""vein_fit"":""High"",""next_step"":""Add to route; call first and schedule quick drop-in"",""source_row"":174,""source_sheet"":""All PCP-Vein Targets"",""visit_status"":""Need to Visit"",""route_cluster"":""Newark / Essex"",""priority_score"":8,""source_workbook"":""NJ_PCP_Vein_Target_List_by_HPO.xlsx"",""geocode_provider"":""census"",""closest_hpo_office"":""Newark"",""source_prospect_id"":""22713a4f-6a37-4d9d-9d57-28d80adae2de"",""original_fit_status"":""qualified"",""verification_status"":""partial"",""geocode_last_attempt"":""2026-09-28T16:33:40.040Z"",""imported_for_hpo_crm"":""2026-09-28""}","2026-09-28 17:05:37.624431+00","2026-09-28 17:05:37.624431+00",,,,"[""prospect"",""pcp""]","NJ_PCP_Vein_Target_List_by_HPO.xlsx#All PCP-Vein Targets","prospect:aa937e6986ecadbad2c0e74a5ebd70a3",,"40.844698369776","-74.236939918609","2026-09-28 16:33:40.04+00"
"","afb5e66d-17cd-436a-a994-f2113f4390ab","Stephen Biggiani, MD","Primary Care","PCP","Newark / Essex","Montclair","85 Park St, Montclair, NJ 07042","3","Adam","Prospect","active","HPO prospect import",,,,,"{""priority"":""B - Strong Target"",""provider"":null,""vein_fit"":""High"",""next_step"":""Add to route; call first and schedule quick drop-in"",""source_row"":395,""source_sheet"":""All PCP-Vein Targets"",""visit_status"":""Need to Visit"",""route_cluster"":""Newark / Essex"",""priority_score"":9,""source_workbook"":""NJ_PCP_Vein_Target_List_by_HPO.xlsx"",""geocode_provider"":""census"",""closest_hpo_office"":""Newark"",""source_prospect_id"":""f5d92acf-16b2-4e76-a0f4-3b372410c5f0"",""original_fit_status"":""qualified"",""verification_status"":""partial"",""geocode_last_attempt"":""2026-09-28T16:33:31.198Z"",""imported_for_hpo_crm"":""2026-09-28""}","2026-09-28 17:05:37.624431+00","2026-09-28 17:05:37.624431+00",,,,"[""prospect"",""pcp""]","NJ_PCP_Vein_Target_List_by_HPO.xlsx#All PCP-Vein Targets","prospect:2d4db9b089fc535643198e026fd164d5",,"40.819576859741","-74.214783012756","2026-09-28 16:33:31.198+00"
"","0ce3fb89-ebaf-4e00-9241-542b4c7bb67a","Suczewski & Suczewski Medical Group","Primary Care","Internal Medicine","Hoboken / Hudson Waterfront","Bayonne","323 Avenue E, Bayonne, NJ 07002","3","Adam","Prospect","active","HPO prospect import","Two long-established internists at one local office; direct physician relationship possible, with Bayonne route efficiency.",,,,"{""rank"":30,""ownership"":""Independent two-physician practice with CarePoint affiliation"",""physicians"":""Thomas J. Suczewski, MD; Edward J. Suczewski, MD"",""source_sheet"":""Master Prospects"",""last_verified"":""2026-09-10"",""prospect_score"":8,""visit_priority"":""A"",""source_workbook"":""Hudson_Pro_Hoboken_Primary_Care_Prospects.xlsx"",""geocode_provider"":""census"",""suggested_contact"":""Either physician or office manager"",""prior_visit_status"":""Net-new / no prior visit documented"",""source_prospect_id"":""980ee309-a1e0-447e-942f-df20a78d40eb"",""original_fit_status"":""qualified"",""verification_status"":""verified"",""geocode_last_attempt"":""2026-09-28T16:31:06.858Z"",""imported_for_hpo_crm"":""2026-09-28""}","2026-09-28 17:05:37.624431+00","2026-09-28 17:05:37.624431+00",,,,"[""prospect"",""pcp""]","Hudson_Pro_Hoboken_Primary_Care_Prospects.xlsx#Master Prospects","prospect:6d20b3a7829ae628470680bdb493136d",,"40.66464775769","-74.114456330344","2026-09-28 16:31:06.858+00"
"","1f1a79dc-dc90-42c7-ab4a-dc1cd2c61704","Summit Family Medicine","Primary Care","PCP","Newark / Essex","West Orange","405 Northfield Ave","3","Adam","Prospect","active","HPO prospect import","Denise",,,,"{""priority"":""B - Strong Target"",""provider"":null,""vein_fit"":""High"",""next_step"":""Add to route; call first and schedule quick drop-in"",""source_row"":252,""source_sheet"":""All PCP-Vein Targets"",""visit_status"":""Need to Visit"",""route_cluster"":""Newark / Essex"",""priority_score"":9,""source_workbook"":""NJ_PCP_Vein_Target_List_by_HPO.xlsx"",""geocode_provider"":""census"",""closest_hpo_office"":""Newark"",""source_prospect_id"":""63f9d204-c694-4e84-a328-dc5549e04bb0"",""original_fit_status"":""qualified"",""verification_status"":""partial"",""geocode_last_attempt"":""2026-09-28T16:33:20.447Z"",""imported_for_hpo_crm"":""2026-09-28""}","2026-09-28 17:05:37.624431+00","2026-09-28 17:05:37.624431+00",,,,"[""prospect"",""pcp""]","NJ_PCP_Vein_Target_List_by_HPO.xlsx#All PCP-Vein Targets","prospect:5ecb21c1b968c5254752597a89141d2a",,"40.77270557528","-74.267921154146","2026-09-28 16:33:20.447+00"
"","9b3fc852-f2d6-45be-8568-5186a786a075","Susan Volpicella-Levy, DO","Primary Care","Family Medicine","Ridgewood / Bergen-Passaic","Westwood","261 Old Hook Road, Westwood, NJ 07675","3","Adam","Prospect","active","HPO prospect import","Long-established solo family physician with office staff and a broad panel; efficient same-building stop with Dr. Hyon.",,,,"{""source_prospect_id"":""be137268-261b-4428-bc6b-6d86524f110e"",""original_fit_status"":""qualified"",""verification_status"":""partial""}","2026-09-28 17:05:37.624431+00","2026-09-28 17:05:37.624431+00",,,,"[""prospect"",""pcp""]","Hudson_Pro_Ridgewood_Primary_Care_Prospects.xlsx#S036","prospect:4907c323707816357172bd0c61f7beb9",,"40.9825689","-74.0113157","2026-09-28 16:47:34.998+00"
"","ecb8698d-23fd-414c-89c5-ac39f79e8167","Teresa O Madrid Md","Primary Care","PCP","Newark / Essex","Newark","268 Dr Martin Luther King Jr Blvd, Newark, NJ 07102","3","Adam","Prospect","active","HPO prospect import",,,,,"{""priority"":""A - Visit First"",""provider"":null,""vein_fit"":""High"",""next_step"":""Visit/call this week; confirm referral contact and drop approved material"",""source_row"":170,""source_sheet"":""All PCP-Vein Targets"",""visit_status"":""Need to Visit"",""route_cluster"":""Newark / Essex"",""priority_score"":11,""source_workbook"":""NJ_PCP_Vein_Target_List_by_HPO.xlsx"",""geocode_provider"":""census"",""closest_hpo_office"":""Newark"",""source_prospect_id"":""952168cd-c2f5-4680-b023-1ebb36311f77"",""original_fit_status"":""qualified"",""verification_status"":""partial"",""geocode_last_attempt"":""2026-09-28T16:32:31.169Z"",""imported_for_hpo_crm"":""2026-09-28""}","2026-09-28 17:05:37.624431+00","2026-09-28 17:05:37.624431+00",,,,"[""prospect"",""pcp""]","NJ_PCP_Vein_Target_List_by_HPO.xlsx#All PCP-Vein Targets","prospect:a79b7d50e0c2fc690b9c65776521d184",,"40.745237984246","-74.174954636778","2026-09-28 16:32:31.169+00"
"","f11345d5-59e1-4cbc-9ddb-4ea2008a0896","The Epstein Law Firm, P.A.","Attorney","PI-heavy: auto, truck, premises, products, medical malpractice and serious injury","Ridgewood Territory","Rochelle Park","340 W Passaic St, Rochelle Park, NJ 07662","4","Adam","Prospect","active","HPO prospect import","Longstanding Bergen PI office with explicit referring-attorney outreach and a substantial local review footprint. Firm size: About 4 active attorneys plus support staff. Office hours: Office hours not published; call ahead.",,,,"{""rank"":42,""non_phi"":true,""prospect_score"":8.3,""source_file_id"":""file_000000005f4c81f5b7d67b245ceeba41"",""visit_priority"":""B — worthwhile prospect"",""internal_priority"":4,""primary_attorneys"":""Barry D. Epstein; Jeffrey B. Richter; George E. Morton III; firm attorneys"",""source_prospect_id"":""89fe0b09-c124-41d4-be96-7ef3133d7046"",""original_fit_status"":""qualified"",""verification_status"":""verified"",""approx_distance_from_hpo"":""Approx. 7–9 driving mi""}","2026-09-28 17:05:37.624431+00","2026-09-28 17:05:37.624431+00",,,,"[""prospect"",""attorney""]","Hudson_Pro_North_Jersey_PI_Prospects.xlsx#Master75-rank-42","prospect:935110c51b6dab9be7a258611a3a1818",,"40.9185138","-74.0863405","2026-09-27 01:46:02.337+00"
"","b43c9b14-540b-48db-a603-6f51a591184b","The Macri Law Firm","Attorney","PI-heavy: auto, motorcycle, premises, catastrophic injury and wrongful death","Morris Plains Territory","Parsippany","1719 NJ-10, Suite 123, Parsippany, NJ 07054","5","Adam","Prospect","active","HPO prospect import","Small Parsippany firm with direct owner involvement, strong reviews and substantial injury-case emphasis. Firm size: Small practice; about 2 attorneys. Office hours: Office hours not published; call ahead.

Last field visit 9/16/2026: office accepted the card/material; follow-up by email/relationship outreach.","2026-09-16 12:00:00+00","Follow up by email / relationship outreach",,"{""rank"":30,""non_phi"":true,""visit_note"":""Office accepted card/material; follow up by email/relationship outreach."",""prospect_score"":8.6,""source_file_id"":""file_000000005f4c81f5b7d67b245ceeba41"",""visit_priority"":""A — visit first"",""last_field_visit"":""2026-09-16"",""internal_priority"":5,""primary_attorneys"":""Nicholas A. Macri; firm attorney team"",""source_prospect_id"":""683fbfd4-be6d-44fb-9af1-2abc1fe479cd"",""original_fit_status"":""qualified"",""verification_status"":""verified"",""approx_distance_from_hpo"":""Approx. 6–8 driving mi""}","2026-09-28 17:05:37.624431+00","2026-09-28 17:12:50.606606+00",,,,"[""prospect"",""attorney""]","Hudson_Pro_North_Jersey_PI_Prospects.xlsx#Master75-rank-30","prospect:c5a3544fbb7932cfd699a4794a0fa3f0",,"40.8404416","-74.4591593","2026-09-27 01:46:00.39+00"
"","ba3c3c29-c6e8-41ae-9ab1-a77da36c6d93","The Medical Center","Primary Care","PCP","Hudson Waterfront","Union City","3804 New York Ave Suite 1, Union City, NJ 07087","3","Adam","Prospect","active","HPO prospect import",,,,,"{""priority"":""A - Visit First"",""provider"":null,""vein_fit"":""High"",""next_step"":""Visit/call this week; confirm referral contact and drop approved material"",""source_row"":242,""source_sheet"":""All PCP-Vein Targets"",""visit_status"":""Need to Visit"",""route_cluster"":""Hudson Waterfront"",""priority_score"":11,""source_workbook"":""NJ_PCP_Vein_Target_List_by_HPO.xlsx"",""geocode_provider"":""census"",""closest_hpo_office"":""Hoboken"",""source_prospect_id"":""2e1de757-f3e7-4718-851f-449a61ab5ccd"",""original_fit_status"":""qualified"",""verification_status"":""partial"",""geocode_last_attempt"":""2026-09-28T16:32:30.274Z"",""imported_for_hpo_crm"":""2026-09-28""}","2026-09-28 17:05:37.624431+00","2026-09-28 17:05:37.624431+00",,,,"[""prospect"",""pcp""]","NJ_PCP_Vein_Target_List_by_HPO.xlsx#All PCP-Vein Targets","prospect:57b5765cfda4d6ccfaa3e496ce8fdeb3",,"40.774744618816","-74.025536900075","2026-09-28 16:32:30.274+00"
"","d8bcdbda-a1c0-48ec-9fcf-63616ba5b774","Thomas S. Ziering, MD, FAAFP","Primary Care","Family Medicine / Concierge Medicine",,"Morristown","1201 Mount Kemble Ave, Suite 2D, Morristown, NJ 07960","5","Adam","Prospect","active","HPO prospect import","Area: Morristown | Priority: High | Top target. His site says the office is purposely considered out-of-network to avoid overbooking/stacking patients. Strong fit for HPO because his model already aligns with fast access, personal care, and specialist coordination. | Address Review: address present in uploaded list; verify official physical office before driving.",,,,"{""tags"":""High; Family Medicine / Concierge Medicine; Morristown"",""reference"":""HPO-RM-037"",""source_workbook"":""RepMove_Import_Accounts_Address_Checked.xlsx"",""internal_priority"":5,""source_prospect_id"":""93d04a24-fdeb-4a89-a559-c43367c3de2a"",""original_fit_status"":""qualified"",""verification_status"":""partial""}","2026-09-28 17:05:37.624431+00","2026-09-28 17:05:37.624431+00",,,,"[""prospect"",""pcp""]","RepMove_Import_Accounts_Address_Checked.xlsx#HPO-RM-037","prospect:c94ff94a5a0fd353cb0c21621d346093",,"40.73803553143","-74.539189601496","2026-09-28 16:55:32.67+00"
"","c5619d80-f73a-4c04-b9f4-5efea282a7d8","Todd J. Leonard Law Firm","Attorney","PI-only: auto, truck, motorcycle, pedestrian, premises and wrongful death","Morris Plains Territory","Denville","3010 Route 10 W, Denville, NJ 07834","5","Adam","Prospect","active","HPO prospect import","Established Morris County PI name with strong local visibility, broad accident work and a substantial staffed headquarters. Firm size: Midsize attorney-owned PI firm; current attorney count not clearly published. Office hours: Office hours not published; 24/7 intake—call ahead.",,,,"{""rank"":4,""non_phi"":true,""prospect_score"":9.7,""source_file_id"":""file_000000005f4c81f5b7d67b245ceeba41"",""visit_priority"":""A — visit first"",""internal_priority"":5,""primary_attorneys"":""Todd J. Leonard; firm PI team"",""source_prospect_id"":""cd3e83d6-6d8b-458d-9341-2353bfe7aac5"",""original_fit_status"":""qualified"",""verification_status"":""verified"",""approx_distance_from_hpo"":""Approx. 8–10 driving mi""}","2026-09-28 17:05:37.624431+00","2026-09-28 17:05:37.624431+00",,,,"[""prospect"",""attorney""]","Hudson_Pro_North_Jersey_PI_Prospects.xlsx#Master75-rank-4","prospect:4d32b2b963e1c29a0c40f9ef3d184021",,"40.8645068","-74.5062188","2026-09-27 01:45:56.473+00"
"","3fc4788a-d819-4da8-aeaa-66da7e68dfb3","Tonel Leibu, MD","Primary Care","Internal Medicine / Primary Care","Ridgewood / Bergen-Passaic","Paramus","16 Arcadian Way, Suite C3, Paramus, NJ 07652","3","Adam","Prospect","active","HPO prospect import","Independent adult PCP with a substantial patient-review history in the Paramus cluster.",,,,"{""source_prospect_id"":""add13544-36a9-4829-9b4a-6671f742e69e"",""original_fit_status"":""qualified"",""verification_status"":""partial""}","2026-09-28 17:05:37.624431+00","2026-09-28 17:05:37.624431+00",,,,"[""prospect"",""pcp""]","Hudson_Pro_Ridgewood_Primary_Care_Prospects.xlsx#S040","prospect:6fbdcdad4cceb6e8adb38efe7fda7b43",,"40.9217984","-74.0864172","2026-09-28 16:47:48.933+00"
"","a4e2f346-68ec-4686-9cd1-8cbaf33ae538","Triunfel Law","Attorney",,,"Jersey City","503 Central Ave, Suite 1R, Jersey City, NJ 07307","5","Adam","Prospect","active","HPO prospect import","Warm/current HPO attorney relationship location from referral drop-off route plan.",,,,"{""source_workbook"":""HPO_Referral_Dropoff_Route_Plan.xlsx"",""internal_priority"":5,""warm_relationship"":true,""source_prospect_id"":""67549cae-c854-4527-a947-fd60a06c5283"",""original_fit_status"":""qualified"",""verification_status"":""partial""}","2026-09-28 17:05:37.624431+00","2026-09-28 17:05:37.624431+00",,,,"[""prospect"",""attorney""]","HPO_Referral_Dropoff_Route_Plan.xlsx#Attorneys-Drop-Off","prospect:80116aec40ef9adc54cf5920637a7f0d",,"40.751796514711","-74.045464491872","2026-09-28 16:57:23.914+00"
"","d1cb7823-bd63-48dc-96f6-08b2fc50ee37","Tsirogiannis Vasiliky MD (Dr. VIcky)","Primary Care","PCP","Hudson Waterfront","Secaucus","1325 Paterson Plank Rd #3, Secaucus, NJ 07094","3","Adam","Prospect","active","HPO prospect import",,,,,"{""priority"":""A - Visit First"",""provider"":null,""vein_fit"":""High"",""next_step"":""Visit/call this week; confirm referral contact and drop approved material"",""source_row"":67,""source_sheet"":""All PCP-Vein Targets"",""visit_status"":""Need to Visit"",""route_cluster"":""Hudson Waterfront"",""priority_score"":10,""source_workbook"":""NJ_PCP_Vein_Target_List_by_HPO.xlsx"",""geocode_provider"":""census"",""closest_hpo_office"":""Hoboken"",""source_prospect_id"":""c89f8333-35d6-4807-80f7-df6d0f7109bd"",""original_fit_status"":""qualified"",""verification_status"":""partial"",""geocode_last_attempt"":""2026-09-28T16:32:30.609Z"",""imported_for_hpo_crm"":""2026-09-28""}","2026-09-28 17:05:37.624431+00","2026-09-28 17:05:37.624431+00",,,,"[""prospect"",""pcp""]","NJ_PCP_Vein_Target_List_by_HPO.xlsx#All PCP-Vein Targets","prospect:37c9b85c0015572fbfa890d095465367",,"40.791952781811","-74.058269497025","2026-09-28 16:32:30.609+00"
"","44be2db2-4e52-4de0-afcb-8489e9df6a8a","TullyMD","Primary Care","Concierge Family Medicine / Women's Primary Care","Hoboken / Hudson Waterfront","Hoboken","79 Hudson Street, Suite 700, Hoboken, NJ 07030","3","Adam","Prospect","active","HPO prospect import","Direct access to an owner-physician, concierge patients, and a highly relationship-driven model create unusually strong external specialty-referral potential.",,,,"{""rank"":1,""ownership"":""Independent physician-owned concierge practice"",""physicians"":""Nicole Serra Tully, MD"",""source_sheet"":""Master Prospects"",""last_verified"":""2026-09-10"",""prospect_score"":10,""visit_priority"":""A"",""source_workbook"":""Hudson_Pro_Hoboken_Primary_Care_Prospects.xlsx"",""geocode_provider"":""census"",""suggested_contact"":""Dr. Tully first; otherwise practice manager"",""prior_visit_status"":""Net-new / no prior visit documented"",""source_prospect_id"":""a9da83b3-f3b2-4be2-b5ac-5e06543d6239"",""original_fit_status"":""qualified"",""verification_status"":""verified"",""geocode_last_attempt"":""2026-09-28T16:30:42.685Z"",""imported_for_hpo_crm"":""2026-09-28""}","2026-09-28 17:05:37.624431+00","2026-09-28 17:05:37.624431+00",,,,"[""prospect"",""pcp""]","Hudson_Pro_Hoboken_Primary_Care_Prospects.xlsx#Master Prospects","prospect:3021905f3c2165b650857520aa4c80ae",,"40.73657690925","-74.029937308372","2026-09-28 16:30:42.685+00"
"","8d7b9dbf-efc6-4b4f-81ca-071d8a427f04","TullyMD","Primary Care","Concierge Primary Care / Women's Health",,"Hoboken","79 Hudson St, Suite 700, Hoboken, NJ","3","Adam","Prospect","archived","HPO prospect import","Area: Hoboken | Priority: High | Strong Hoboken target. Good for adult patients and sports injury referrals. | Address Review: address present in uploaded list; verify official physical office before driving.",,,,"{""source_prospect_id"":""a319e9ce-5a18-44f3-a16f-62f7246f98d5"",""original_fit_status"":""qualified"",""verification_status"":""partial"",""merged_into_account_id"":""44be2db2-4e52-4de0-afcb-8489e9df6a8a""}","2026-09-28 17:05:37.624431+00","2026-09-28 17:21:05.075966+00",,,,"[""prospect"",""pcp""]","RepMove_Import_Accounts_Address_Checked.xlsx#HPO-RM-018","prospect:ab99ef6ad3365280e50ad0102ec35ab8",,"40.7446989","-74.0278226","2026-09-28 16:48:55.43+00"
"","a6b323c0-8af7-4a66-8f2b-6e2672731512","Union Family Med","Primary Care","PCP","Newark / Essex","Bloomfield","350 Bloomfield Ave, Bloomfield, NJ 07003","3","Adam","Prospect","active","HPO prospect import",,,,,"{""priority"":""B - Strong Target"",""provider"":null,""vein_fit"":""High"",""next_step"":""Add to route; call first and schedule quick drop-in"",""source_row"":228,""source_sheet"":""All PCP-Vein Targets"",""visit_status"":""Need to Visit"",""route_cluster"":""Newark / Essex"",""priority_score"":9,""source_workbook"":""NJ_PCP_Vein_Target_List_by_HPO.xlsx"",""geocode_provider"":""census"",""closest_hpo_office"":""Newark"",""source_prospect_id"":""0d25f2fa-2323-4f74-a5f0-5ef5d7a92078"",""original_fit_status"":""qualified"",""verification_status"":""partial"",""geocode_last_attempt"":""2026-09-28T16:32:32.318Z"",""imported_for_hpo_crm"":""2026-09-28""}","2026-09-28 17:05:37.624431+00","2026-09-28 17:05:37.624431+00",,,,"[""prospect"",""pcp""]","NJ_PCP_Vein_Target_List_by_HPO.xlsx#All PCP-Vein Targets","prospect:22d10663f86c646ca7382da9f0fd9edf",,"40.786002477608","-74.193716288857","2026-09-28 16:32:32.318+00"
"","db2424ef-b508-405a-91c7-2b40c371cca0","Union Internal Medicine Group","Primary Care","Internal Medicine",,"Union","2027 Morris Ave, Union, NJ","5","Adam","Prospect","active","HPO prospect import","Area: Union | Priority: Medium-High | Good direct HPO Union target. Worth in-person visit. | Address Review: address present in uploaded list; verify official physical office before driving.",,,,"{""tags"":""Medium-High; Internal Medicine; Union"",""reference"":""HPO-RM-065"",""source_workbook"":""RepMove_Import_Accounts_Address_Checked.xlsx"",""internal_priority"":5,""source_prospect_id"":""665fe51c-b2df-403e-b763-b80e83946d3d"",""original_fit_status"":""qualified"",""verification_status"":""partial""}","2026-09-28 17:05:37.624431+00","2026-09-28 17:05:37.624431+00",,,,"[""prospect"",""pcp""]","RepMove_Import_Accounts_Address_Checked.xlsx#HPO-RM-065","prospect:672c903e33065b20b28b4d30914479f7",,"40.69679470935","-74.27124210203","2026-09-28 16:55:32.771+00"
"","dac34d12-48ed-43e5-9291-2f51f49e38b5","United Medical — Bayonne","Primary Care","Primary Care / Physician-owned Multispecialty","Hoboken / Hudson Waterfront","Bayonne","988 Broadway, Bayonne, NJ 07002","3","Adam","Prospect","active","HPO prospect import","High patient volume and many PCPs make it valuable, but institutional routing and in-house specialties lower relationship conversion.",,,,"{""rank"":31,""ownership"":""Large local multispecialty group / RWJBarnabas affiliation"",""physicians"":""Vivek Bagade, MD; Mark Hoffman, MD; Rosa Neno, DO; additional APPs"",""source_sheet"":""Master Prospects"",""last_verified"":""2026-09-10"",""prospect_score"":7,""visit_priority"":""B"",""source_workbook"":""Hudson_Pro_Hoboken_Primary_Care_Prospects.xlsx"",""geocode_provider"":""census"",""suggested_contact"":""Site administrator or referral coordinator"",""prior_visit_status"":""Net-new / no prior visit documented"",""source_prospect_id"":""f3e369be-c735-4e98-bbfd-c012274717bf"",""original_fit_status"":""qualified"",""verification_status"":""verified"",""geocode_last_attempt"":""2026-09-28T16:31:06.865Z"",""imported_for_hpo_crm"":""2026-09-28""}","2026-09-28 17:05:37.624431+00","2026-09-28 17:05:37.624431+00",,,,"[""prospect"",""pcp""]","Hudson_Pro_Hoboken_Primary_Care_Prospects.xlsx#Master Prospects","prospect:69ebb43dd20c17f5d6f849aee05d48a0",,"40.681484825928","-74.10331733894","2026-09-28 16:31:06.865+00"
"","94f7bee0-8df1-4578-b7d1-1dbc5bd26e9e","Universal Medicine / Domenico Rotoli, DO","Primary Care","Family Medicine / Primary Care","Hoboken / Hudson Waterfront","Edgewater","103 River Road, Suite 101, Edgewater, NJ 07020","3","Adam","Prospect","active","HPO prospect import","Already qualified relationship with explicit willingness to refer; treat as a follow-up/nurture account, not a new cold stop.

Last field visit 9/3/2026: no vein focus; keep as a general PCP relationship prospect rather than vein target.","2026-09-03 12:00:00+00","Nurture as a general PCP relationship; not a vein target",,"{""rank"":24,""ownership"":""Independent physician-owned practice"",""physicians"":""Domenico Rotoli, DO"",""visit_note"":""No vein focus; general PCP relationship only."",""source_sheet"":""Master Prospects"",""last_verified"":""2026-09-10"",""prospect_score"":9,""visit_priority"":""A"",""source_workbook"":""Hudson_Pro_Hoboken_Primary_Care_Prospects.xlsx"",""geocode_provider"":""census"",""last_field_visit"":""2026-09-03"",""suggested_contact"":""Dr. Rotoli directly"",""prior_visit_status"":""Previously visited — no vein services; stated willingness to refer; follow-up only"",""source_prospect_id"":""5f310b94-2f4a-4594-ad09-b789b060aefc"",""original_fit_status"":""qualified"",""verification_status"":""verified"",""geocode_last_attempt"":""2026-09-28T16:31:00.860Z"",""imported_for_hpo_crm"":""2026-09-28""}","2026-09-28 17:05:37.624431+00","2026-09-28 17:12:50.606606+00",,,,"[""prospect"",""pcp""]","Hudson_Pro_Hoboken_Primary_Care_Prospects.xlsx#Master Prospects","prospect:95da42a239972fc31af958950c8489f7",,"40.806221835116","-73.991425742407","2026-09-28 16:31:00.86+00"
"","359099a9-3a72-45f0-b1c5-3e8f856d9360","Urban Medical Center","Primary Care","Family Medicine / Primary Care","Hoboken / Hudson Waterfront","Jersey City","95 Martin Luther King Jr Drive, Jersey City, NJ 07305","3","Adam","Prospect","active","HPO prospect import","Walk-in-friendly established neighborhood practice with a broad family panel and direct physician leadership.",,,,"{""rank"":21,""ownership"":""Independent physician-led neighborhood practice"",""physicians"":""Hyacinth E. Ucheagwu, MD"",""source_sheet"":""Master Prospects"",""last_verified"":""2026-09-10"",""prospect_score"":8,""visit_priority"":""A"",""source_workbook"":""Hudson_Pro_Hoboken_Primary_Care_Prospects.xlsx"",""geocode_provider"":""census"",""suggested_contact"":""Dr. Ucheagwu or office manager"",""prior_visit_status"":""Net-new / no prior visit documented"",""source_prospect_id"":""b0678a89-d419-4ae3-86b8-1431f8e796cc"",""original_fit_status"":""qualified"",""verification_status"":""verified"",""geocode_last_attempt"":""2026-09-28T16:31:00.859Z"",""imported_for_hpo_crm"":""2026-09-28""}","2026-09-28 17:05:37.624431+00","2026-09-28 17:05:37.624431+00",,,,"[""prospect"",""pcp""]","Hudson_Pro_Hoboken_Primary_Care_Prospects.xlsx#Master Prospects","prospect:0d30ce67c34cb1edf7f382006f385cb5",,"40.70361989934","-74.087700852751","2026-09-28 16:31:00.859+00"
"","b04daccb-5e6b-48e5-80a7-83e1aa9d599d","Valley Diagnostic Medical Center","Primary Care","Internal Medicine / Family Medicine / Primary Care","Ridgewood / Bergen-Passaic","Ramsey","470 North Franklin Turnpike, Suite 203, Ramsey, NJ 07446","3","Adam","Prospect","active","HPO prospect import","Largest clearly independent primary-care team in the final list; extended hours and multiple decision makers suggest meaningful case volume.",,,,"{""source_prospect_id"":""a03e3f0b-be6e-4583-83b4-7ca63073f3c6"",""original_fit_status"":""qualified"",""verification_status"":""verified""}","2026-09-28 17:05:37.624431+00","2026-09-28 17:05:37.624431+00",,,,"[""prospect"",""pcp""]","Hudson_Pro_Ridgewood_Primary_Care_Prospects.xlsx#S012","prospect:9dd2f150d288522a3de5b875fbfa7587",,"41.0582378","-74.1320736","2026-09-28 16:47:06.877+00"
"","b8341e35-8b11-4d25-a46c-e0fe5705fe01","Valley Medical Group Internal Medicine — Oakland","Primary Care","Internal Medicine / Primary Care","Ridgewood / Bergen-Passaic","Oakland","19 Yawpo Avenue, Suite 3, Oakland, NJ 07436","3","Adam","Prospect","active","HPO prospect import","Active west-Bergen PCP office with staff and meaningful volume.",,,,"{""source_prospect_id"":""9e87c8f3-4fe8-4f7c-ac1d-f0f20ee9aaaf"",""original_fit_status"":""qualified"",""verification_status"":""verified""}","2026-09-28 17:05:37.624431+00","2026-09-28 17:05:37.624431+00",,,,"[""prospect"",""pcp""]","Hudson_Pro_Ridgewood_Primary_Care_Prospects.xlsx#S057","prospect:028f044ccd55326984eb28ac040440c1",,"41.0173179","-74.2302433","2026-09-28 16:48:19.856+00"
"","b567d0b3-2fce-4106-8b16-9a8992d3ea4c","Valley Medical Group Primary Care — Glen Rock","Primary Care","Internal Medicine / Primary Care","Ridgewood / Bergen-Passaic","Glen Rock","85 Harristown Road, Suite 200, Glen Rock, NJ 07452","3","Adam","Prospect","active","HPO prospect import","Closest large PCP office to HPO with multiple physicians and meaningful volume.",,,,"{""source_prospect_id"":""94349e24-1adf-46af-86c5-276ef38d738b"",""original_fit_status"":""qualified"",""verification_status"":""verified""}","2026-09-28 17:05:37.624431+00","2026-09-28 17:05:37.624431+00",,,,"[""prospect"",""pcp""]","Hudson_Pro_Ridgewood_Primary_Care_Prospects.xlsx#S049","prospect:ab307e94b430fc1dac3031d4fc40f997",,"40.9494409","-74.1425991","2026-09-28 16:48:03.105+00"
"","8d62e328-e416-4896-a254-ed4e29f3781d","Valley Medical Group Primary Care — Midland Park","Primary Care","Family Medicine / Internal Medicine","Ridgewood / Bergen-Passaic","Midland Park","44 Godwin Avenue, Suite 102, Midland Park, NJ 07432","3","Adam","Prospect","active","HPO prospect import","Nearby multi-physician practice with strong patient volume and front-desk staffing.",,,,"{""source_prospect_id"":""903356e1-f025-4462-ad63-fa3013894f54"",""original_fit_status"":""qualified"",""verification_status"":""verified""}","2026-09-28 17:05:37.624431+00","2026-09-28 17:05:37.624431+00",,,,"[""prospect"",""pcp""]","Hudson_Pro_Ridgewood_Primary_Care_Prospects.xlsx#S052","prospect:ec347b787eb164760e077eea0442edd8",,"40.9856857","-74.1386181","2026-09-28 16:48:03.388+00"
"","fa1d2ba8-77e4-4ddc-8759-3d005a29fead","Valley Medical Group Primary Care — Paramus","Primary Care","Internal Medicine / Primary Care","Ridgewood / Bergen-Passaic","Paramus","95 Route 17 South, Suite 105, Paramus, NJ 07652","3","Adam","Prospect","active","HPO prospect import","Large active PCP panel and reliable front-desk staffing make the office reachable.",,,,"{""source_prospect_id"":""ca250c80-7ba6-4796-bbf1-e6d44f58f95e"",""original_fit_status"":""qualified"",""verification_status"":""verified""}","2026-09-28 17:05:37.624431+00","2026-09-28 17:05:37.624431+00",,,,"[""prospect"",""pcp""]","Hudson_Pro_Ridgewood_Primary_Care_Prospects.xlsx#S054","prospect:5b84cc5ecb7be738318a8d5c5ebd2f1c",,"40.9325796","-74.0711139","2026-09-28 16:48:09.615+00"
"","66544017-d8b0-4557-af58-47edfe3ccae7","Vanguard Medical","Primary Care","PCP","Newark / Essex","Glen Ridge","200 Highland Ave, Glen Ridge, NJ 07028","3","Adam","Prospect","active","HPO prospect import",,,,,"{""priority"":""B - Strong Target"",""provider"":null,""vein_fit"":""High"",""next_step"":""Add to route; call first and schedule quick drop-in"",""source_row"":112,""source_sheet"":""All PCP-Vein Targets"",""visit_status"":""Need to Visit"",""route_cluster"":""Newark / Essex"",""priority_score"":9,""source_workbook"":""NJ_PCP_Vein_Target_List_by_HPO.xlsx"",""geocode_provider"":""census"",""closest_hpo_office"":""Newark"",""source_prospect_id"":""1e02a75e-1d42-4a98-91aa-e9d5473930c8"",""original_fit_status"":""qualified"",""verification_status"":""partial"",""geocode_last_attempt"":""2026-09-28T16:32:32.335Z"",""imported_for_hpo_crm"":""2026-09-28""}","2026-09-28 17:05:37.624431+00","2026-09-28 17:05:37.624431+00",,,,"[""prospect"",""pcp""]","NJ_PCP_Vein_Target_List_by_HPO.xlsx#All PCP-Vein Targets","prospect:429917ce062048481a8677cab7884025",,"40.809994466867","-74.204703416937","2026-09-28 16:32:32.335+00"
"","0f4b3a9b-6b51-4b6c-8972-9aad6f0af230","Vanguard Medical Group","Primary Care","PCP","Newark / Essex","Verona","271 Grove Ave","3","Adam","Prospect","active","HPO prospect import",,,,,"{""priority"":""B - Strong Target"",""provider"":null,""vein_fit"":""High"",""next_step"":""Add to route; call first and schedule quick drop-in"",""source_row"":172,""source_sheet"":""All PCP-Vein Targets"",""visit_status"":""Need to Visit"",""route_cluster"":""Newark / Essex"",""priority_score"":8,""source_workbook"":""NJ_PCP_Vein_Target_List_by_HPO.xlsx"",""geocode_provider"":""census"",""closest_hpo_office"":""Newark"",""source_prospect_id"":""f56b5acc-faa6-4f01-b25b-67bc011e6598"",""original_fit_status"":""qualified"",""verification_status"":""partial"",""geocode_last_attempt"":""2026-09-28T16:33:40.038Z"",""imported_for_hpo_crm"":""2026-09-28""}","2026-09-28 17:05:37.624431+00","2026-09-28 17:05:37.624431+00",,,,"[""prospect"",""pcp""]","NJ_PCP_Vein_Target_List_by_HPO.xlsx#All PCP-Vein Targets","prospect:203c4518e439993a1d886843d3c1bd91",,"40.844698369776","-74.236939918609","2026-09-28 16:33:40.038+00"
"","25d6bf4a-5766-49d9-abbf-2c8d6abd784a","Vanguard Medical Group","Primary Care","PCP/Urgent Care","Bergen / Passaic","Hawthorne","1114 Goffle Rd Ste 104, Hawthorne, NJ 07506","3","Adam","Prospect","active","HPO prospect import",,,,,"{""priority"":""A - Visit First"",""provider"":null,""vein_fit"":""High"",""next_step"":""Visit/call this week; confirm referral contact and drop approved material"",""source_row"":299,""source_sheet"":""All PCP-Vein Targets"",""visit_status"":""Need to Visit"",""route_cluster"":""Bergen / Passaic"",""priority_score"":10,""source_workbook"":""NJ_PCP_Vein_Target_List_by_HPO.xlsx"",""geocode_provider"":""census"",""closest_hpo_office"":""Ridgewood"",""source_prospect_id"":""b0ff5b8c-0972-4c73-a5d0-2eeb0b1bfcae"",""original_fit_status"":""qualified"",""verification_status"":""partial"",""geocode_last_attempt"":""2026-09-28T16:32:31.750Z"",""imported_for_hpo_crm"":""2026-09-28""}","2026-09-28 17:05:37.624431+00","2026-09-28 17:05:37.624431+00",,,,"[""prospect"",""pcp""]","NJ_PCP_Vein_Target_List_by_HPO.xlsx#All PCP-Vein Targets","prospect:0a98c122184ac7ed893be1c69166c053",,"40.96942580933","-74.151894058663","2026-09-28 16:32:31.75+00"
"","7edd1897-2c8c-41b2-81b0-0edd9ed46fa2","Vanguard Medical Group — Hawthorne","Primary Care","Family Medicine / Internal Medicine / Multispecialty","Ridgewood / Bergen-Passaic","Hawthorne","1114 Goffle Road, Suite 104, Hawthorne, NJ 07506","3","Adam","Prospect","active","HPO prospect import","Close, high-volume private group with excellent physical access and long hours.",,,,"{""source_prospect_id"":""74f8382b-fc85-4320-90f3-0e5d12aa9018"",""original_fit_status"":""qualified"",""verification_status"":""verified""}","2026-09-28 17:05:37.624431+00","2026-09-28 17:05:37.624431+00",,,,"[""prospect"",""pcp""]","Hudson_Pro_Ridgewood_Primary_Care_Prospects.xlsx#S055","prospect:689f1151fbf48e16f2483f9f88427259",,"40.9428172","-74.1522391","2026-09-28 16:48:25.452+00"
"","10776b33-3544-4303-afb0-8c178d746d6e","Vanguard Medical Group — Jersey City","Primary Care","Family Medicine / Multidisciplinary Primary Care","Hoboken / Hudson Waterfront","Jersey City","127 Montgomery Street, Jersey City, NJ 07302","3","Adam","Prospect","active","HPO prospect import","Five-clinician primary-care team likely produces meaningful musculoskeletal volume; private group structure remains more approachable than a hospital network.",,,,"{""rank"":15,""ownership"":""Private physician-led regional medical group"",""physicians"":""Anjali Sivendra, MD; Nathan Plaskett, DO; Zoe Tenny, PA-C; Rafael Alexandre, PA-C; Emily Childers, PA-C"",""source_sheet"":""Master Prospects"",""last_verified"":""2026-09-10"",""prospect_score"":9,""visit_priority"":""A"",""source_workbook"":""Hudson_Pro_Hoboken_Primary_Care_Prospects.xlsx"",""geocode_provider"":""census"",""suggested_contact"":""Site practice manager or referral coordinator"",""prior_visit_status"":""Net-new / no prior visit documented"",""source_prospect_id"":""eb86aaad-cd66-403b-93e5-8915423930fe"",""original_fit_status"":""qualified"",""verification_status"":""verified"",""geocode_last_attempt"":""2026-09-28T16:30:54.249Z"",""imported_for_hpo_crm"":""2026-09-28""}","2026-09-28 17:05:37.624431+00","2026-09-28 17:05:37.624431+00",,,,"[""prospect"",""pcp""]","Hudson_Pro_Hoboken_Primary_Care_Prospects.xlsx#Master Prospects","prospect:5a40176c0a4dc83f21ab7583d09315ff",,"40.717038074517","-74.039925158968","2026-09-28 16:30:54.25+00"
"","0215074b-cf57-45f5-8354-0145ffc2b798","Varcadipane & Pinnisi, P.C.","Attorney","PI and civil litigation: auto, truck, premises, professional malpractice and serious injury","Ridgewood Territory","Paramus","45 Eisenhower Dr, Suite 220, Paramus, NJ 07652","4","Adam","Prospect","active","HPO prospect import","Boutique litigation firm with named support leadership, published office hours and significant serious-injury results. Firm size: 4 attorneys plus named operations director and senior paralegal. Office hours: Mon–Fri 8:30 AM–5:00 PM.",,,,"{""rank"":45,""non_phi"":true,""prospect_score"":8.2,""source_file_id"":""file_000000005f4c81f5b7d67b245ceeba41"",""visit_priority"":""B — worthwhile prospect"",""internal_priority"":4,""primary_attorneys"":""Jeffrey W. Varcadipane; Dawn M. Pinnisi; Sophia Soraya; Joseph C. Stimmel"",""source_prospect_id"":""2dd07db9-d917-4f24-b3a9-d28735dff072"",""original_fit_status"":""qualified"",""verification_status"":""verified"",""approx_distance_from_hpo"":""Approx. 5–7 driving mi""}","2026-09-28 17:05:37.624431+00","2026-09-28 17:05:37.624431+00",,,,"[""prospect"",""attorney""]","Hudson_Pro_North_Jersey_PI_Prospects.xlsx#Master75-rank-45","prospect:b15fc2163b52ad111cfa0e52b023339b",,"40.9297852","-74.0755401","2026-09-27 01:46:03.199+00"
"","d5c5b9f6-ffab-4dae-8c11-a99aaaa5eb3c","VitaMed Family Practice","Primary Care","Family Medicine","Hoboken / Hudson Waterfront","Jersey City","3000 John F. Kennedy Boulevard, Suite 308, Jersey City, NJ 07306","3","Adam","Prospect","active","HPO prospect import","Local solo family physician in a medical office building with a full weekday schedule and likely need for outside specialists.",,,,"{""rank"":25,""ownership"":""Independent physician practice"",""physicians"":""Tadeusz Majchrzak, MD"",""source_sheet"":""Master Prospects"",""last_verified"":""2026-09-10"",""prospect_score"":8,""visit_priority"":""A"",""source_workbook"":""Hudson_Pro_Hoboken_Primary_Care_Prospects.xlsx"",""geocode_provider"":""photon"",""suggested_contact"":""Dr. Majchrzak or receptionist"",""prior_visit_status"":""Net-new / no prior visit documented"",""source_prospect_id"":""97ed51b4-372d-47f7-855a-e027f53c9942"",""original_fit_status"":""qualified"",""verification_status"":""verified"",""geocode_last_attempt"":""2026-09-28T16:31:06.688Z"",""imported_for_hpo_crm"":""2026-09-28""}","2026-09-28 17:05:37.624431+00","2026-09-28 17:05:37.624431+00",,,,"[""prospect"",""pcp""]","Hudson_Pro_Hoboken_Primary_Care_Prospects.xlsx#Master Prospects","prospect:3ad22eaef0a59ebfe1d8490745e15231",,"40.7359194","-74.0628182","2026-09-28 16:31:06.688+00"
"","f4134411-d77b-474b-afd5-711523304f16","Weiner Mazzei LLC","Attorney",,,"Passaic","165 Prospect St #1, Passaic, NJ 07055","4","Adam","prospecting","active","field_visit_2026-09-22","9/22 field visit: spoke with Jenni at front desk; attorney reviews information first; she would try to help schedule a meeting.","2026-09-22 16:00:00+00","Follow up on meeting opportunity",,"{""non_phi"":true,""source_date"":""2026-09-22""}","2026-09-26 22:49:05.692295+00","2026-09-28 17:18:46.615544+00",,,,"[""field_prospect"",""A""]",,"attorney:weiner-mazzei",,"40.8578614","-74.1257792","2026-09-27 01:45:56.409+00"
"","799c86be-1258-47d5-9161-f8e5b4b3d4ef","West New York Family Medicine / Medical Group of New Jersey","Primary Care","Family Medicine / Primary Care","Hoboken / Hudson Waterfront","West New York","219 60th Street, West New York, NJ 07093","3","Adam","Prospect","active","HPO prospect import","Multi-provider family office with an existing warm relationship; nurture the scheduled meeting rather than making a duplicate cold stop.",,,,"{""rank"":35,""ownership"":""Local physician network / Medical Group of New Jersey"",""physicians"":""Jonathan Dominguez, MD; Caridad Iparraguirre, MD; Jose Badia, NP; Jocelyn Ortiz, FNP"",""source_sheet"":""Master Prospects"",""last_verified"":""2026-09-10"",""prospect_score"":9,""visit_priority"":""B"",""source_workbook"":""Hudson_Pro_Hoboken_Primary_Care_Prospects.xlsx"",""geocode_provider"":""census"",""suggested_contact"":""Jonathan Dominguez, MD"",""prior_visit_status"":""Previously visited/contacted — lunch with Jonathan Dominguez scheduled Nov 19; do not cold-stop"",""source_prospect_id"":""41022f3d-e662-4240-a4a2-56e70131609f"",""original_fit_status"":""qualified"",""verification_status"":""verified"",""geocode_last_attempt"":""2026-09-28T16:30:42.698Z"",""imported_for_hpo_crm"":""2026-09-28""}","2026-09-28 17:05:37.624431+00","2026-09-28 17:05:37.624431+00",,,,"[""prospect"",""pcp""]","Hudson_Pro_Hoboken_Primary_Care_Prospects.xlsx#Master Prospects","prospect:d60b9d1706792ed52032766f7634fa65",,"40.786712238121","-74.011936119781","2026-09-28 16:30:42.699+00"
"","59967a9e-8c79-4e2f-bd34-1a818f2b1506","West River Medical Associates","Primary Care","Family Medicine / Primary Care","Hoboken / Hudson Waterfront","Hoboken","323 Washington Street, Suite 2, Hoboken, NJ 07030","3","Adam","Prospect","active","HPO prospect import","Longstanding two-physician Hoboken family practice with local continuity and no visible in-house specialty stack.",,,,"{""rank"":6,""ownership"":""Independent local physician practice"",""physicians"":""Joseph Pollak, MD; Michael Pollak, MD"",""source_sheet"":""Master Prospects"",""last_verified"":""2026-09-10"",""prospect_score"":9,""visit_priority"":""A"",""source_workbook"":""Hudson_Pro_Hoboken_Primary_Care_Prospects.xlsx"",""geocode_provider"":""census"",""suggested_contact"":""Office manager or either Dr. Pollak"",""prior_visit_status"":""Net-new / no prior visit documented"",""source_prospect_id"":""91b4620b-7ccc-451e-a2bf-1f7c1b15f332"",""original_fit_status"":""qualified"",""verification_status"":""verified"",""geocode_last_attempt"":""2026-09-28T16:30:43.008Z"",""imported_for_hpo_crm"":""2026-09-28""}","2026-09-28 17:05:37.624431+00","2026-09-28 17:05:37.624431+00",,,,"[""prospect"",""pcp""]","Hudson_Pro_Hoboken_Primary_Care_Prospects.xlsx#Master Prospects","prospect:e07c50ae39310ad833800cc651feab2b",,"40.740276972502","-74.029963880058","2026-09-28 16:30:43.008+00"
"","7cb7881a-3dfd-44e1-92fd-5a05e7ddcb2a","West River Medical Associates","Primary Care","Primary Care",,"Hoboken","323 Washington St, Suite 2, Hoboken, NJ","3","Adam","Prospect","archived","HPO prospect import","Area: Hoboken | Priority: Medium-High | Solid Hoboken PCP target for drop-in or lunch outreach. | Address Review: address present in uploaded list; verify official physical office before driving.",,,,"{""source_prospect_id"":""422823b9-1b93-468f-b77d-e0e4f08b2db2"",""original_fit_status"":""qualified"",""verification_status"":""partial"",""merged_into_account_id"":""59967a9e-8c79-4e2f-bd34-1a818f2b1506""}","2026-09-28 17:05:37.624431+00","2026-09-28 17:21:05.075966+00",,,,"[""prospect"",""pcp""]","RepMove_Import_Accounts_Address_Checked.xlsx#HPO-RM-019","prospect:d99cca71347285629f7c5f053df32294",,"40.7407135","-74.0295409","2026-09-28 16:48:55.109+00"
"","72e031ca-f4ce-467a-a3c2-cc1d6c5f775a","Wilfredo Cruz, MD","Primary Care","PCP","Hudson Waterfront","Jersey City","550 Newark Ave, Ste 402, Jersey City, NJ 07306","3","Adam","Prospect","active","HPO prospect import",,,,,"{""priority"":""A - Visit First"",""provider"":null,""vein_fit"":""High"",""next_step"":""Visit/call this week; confirm referral contact and drop approved material"",""source_row"":323,""source_sheet"":""All PCP-Vein Targets"",""visit_status"":""Need to Visit"",""route_cluster"":""Hudson Waterfront"",""priority_score"":11,""source_workbook"":""NJ_PCP_Vein_Target_List_by_HPO.xlsx"",""geocode_provider"":""census"",""closest_hpo_office"":""Hoboken"",""source_prospect_id"":""5ec8cfb1-a1c3-4494-a8a6-cac630c3331f"",""original_fit_status"":""qualified"",""verification_status"":""partial"",""geocode_last_attempt"":""2026-09-28T16:32:29.358Z"",""imported_for_hpo_crm"":""2026-09-28""}","2026-09-28 17:05:37.624431+00","2026-09-28 17:05:37.624431+00",,,,"[""prospect"",""pcp""]","NJ_PCP_Vein_Target_List_by_HPO.xlsx#All PCP-Vein Targets","prospect:ca32e1cf78a7665feaacac27715a81a0",,"40.73118407225","-74.056230907473","2026-09-28 16:32:29.358+00"
"","d39100e5-4067-4332-9bfa-7e46bbd20ded","Zammitti Shaw & Breen / Injury Lawyers of NJ","Attorney","PI-only: auto, truck, pedestrian, premises and serious injury","Ridgewood Territory","Hackensack","481 Hackensack Ave, Suite 2A, Hackensack, NJ 07601","4","Adam","Prospect","active","HPO prospect import","Two-attorney Bergen boutique with a named office manager, strong reviews and clear plaintiff-PI positioning. Firm size: 2 attorneys plus named office manager/support team. Office hours: Office hours not published; call ahead.",,,,"{""rank"":39,""non_phi"":true,""prospect_score"":8.4,""source_file_id"":""file_000000005f4c81f5b7d67b245ceeba41"",""visit_priority"":""B — worthwhile prospect"",""internal_priority"":4,""primary_attorneys"":""Natalie Zammitti Shaw; Sheri Breen"",""source_prospect_id"":""955ad637-542f-46d9-a72e-cfc99acfa29b"",""original_fit_status"":""qualified"",""verification_status"":""verified"",""approx_distance_from_hpo"":""Approx. 9–11 driving mi""}","2026-09-28 17:05:37.624431+00","2026-09-28 17:05:37.624431+00",,,,"[""prospect"",""attorney""]","Hudson_Pro_North_Jersey_PI_Prospects.xlsx#Master75-rank-39","prospect:24066c13d503342d4b02e007407b6602",,"40.8837051","-74.0559409","2026-09-28 03:58:56.62+00"
"","7ed36cd0-d700-48af-91e1-6df19b2a52bd","Zavodnick, Perlmutter & Boccia, LLC","Attorney","PI-only: auto/PIP, premises, medical malpractice, products and serious injury","Hoboken Territory","Jersey City","26 Journal Square, Suite 1102, Jersey City, NJ 07306","5","Adam","Prospect","active","HPO prospect import","Longstanding Journal Square injury office, normal published hours and PATH-adjacent accessibility. Firm size: About 3 attorneys plus support staff. Office hours: Mon–Fri 9:00 AM–6:00 PM; weekends by appointment.",,,,"{""rank"":26,""non_phi"":true,""prospect_score"":8.7,""source_file_id"":""file_000000005f4c81f5b7d67b245ceeba41"",""visit_priority"":""A — visit first"",""internal_priority"":5,""primary_attorneys"":""Allen Zavodnick; Mitchell Perlmutter; Joseph Boccia"",""source_prospect_id"":""5f2c4a4e-be0c-49ac-8c38-87c4609d5f87"",""original_fit_status"":""qualified"",""verification_status"":""verified"",""approx_distance_from_hpo"":""Approx. 4–6 driving mi""}","2026-09-28 17:05:37.624431+00","2026-09-28 17:05:37.624431+00",,,,"[""prospect"",""attorney""]","Hudson_Pro_North_Jersey_PI_Prospects.xlsx#Master75-rank-26","prospect:d4c2e458d00c99d81e50213d055b5e45",,"40.7305152","-74.0637026","2026-09-27 01:45:59.845+00"
